hour,amount,distance_km,attempts_10m,foreign_transaction,card_present,actual_fraud,predicted_fraud,fraud_probability
19,38.13,1.4,1,0,1,0,0,0.0851438591302407
4,28.65,12.16,1,0,1,0,0,0.12008683771120246
20,269.39,23.07,1,0,1,0,0,0.2556100207626603
15,49.76,3.81,1,0,1,0,0,0.0972279789534498
19,109.19,56.02,1,0,1,0,0,0.2726903511812355
10,20.04,58.31,1,0,1,0,0,0.24013881784111862
7,40.98,60.86,4,0,1,0,1,0.7772889620177121
2,23.71,13.22,1,0,1,0,0,0.12323468575937768
21,187.58,33.44,1,0,0,0,1,0.510995200055115
13,39.9,24.94,1,0,1,0,0,0.14136831321815563
5,56.52,69.88,1,1,1,0,1,0.7466863673904821
10,32.59,40.98,1,0,1,0,0,0.18821230685209622
13,36.01,2.84,1,0,1,0,0,0.09329892956112808
3,62.83,58.36,1,1,0,0,1,0.8923116451548376
14,126.02,30.6,1,0,0,0,0,0.4613728165567028
17,129.52,32.97,1,0,0,0,0,0.4670086904879036
1,12.0,8.78,1,0,1,0,0,0.11059573142095311
2,1055.21,62.27,1,1,1,1,1,0.9912496611191159
14,29.18,27.06,2,0,1,0,0,0.25536811086119116
21,140.72,17.6,1,0,0,0,0,0.3871971252183092
2,81.43,77.87,5,0,1,0,1,0.928391920824515
20,228.53,45.87,1,0,0,0,1,0.614829637707251
17,31.01,34.37,1,0,1,0,0,0.15502871829062867
23,416.56,23.53,2,0,1,0,1,0.5497999355247549
13,36.48,11.34,1,0,1,0,0,0.10937976438983214
1,18.02,43.28,1,0,0,0,0,0.4674886089300389
9,129.92,23.84,1,0,1,0,0,0.19237452897948776
0,78.65,8.4,1,0,1,0,0,0.13847386395471215
6,56.07,24.43,1,0,1,0,0,0.15954327284059544
15,16.61,34.58,1,1,0,0,1,0.7846207537807215
3,440.26,18.16,1,0,0,0,1,0.7146948616021565
4,92.08,30.35,5,0,1,0,1,0.8316026825703616
5,26.66,5.84,2,0,1,0,0,0.19800644527817615
1,112.61,5.25,1,0,0,0,0,0.3642178730778731
14,25.89,118.57,2,0,1,0,1,0.6906030115785495
15,122.76,17.69,1,0,1,0,0,0.158808600856141
22,110.48,64.86,1,0,1,0,0,0.3029313288775237
1,24.33,29.74,1,0,1,0,0,0.16710325363428574
20,18.02,25.43,1,0,1,0,0,0.12257607831259054
23,25.21,22.64,1,0,1,0,0,0.11527028166499065
6,81.74,25.0,1,0,1,0,0,0.174642118302058
1,83.44,67.78,2,0,0,0,1,0.7965639139793373
8,66.5,31.51,1,0,0,0,0,0.43001603761593715
4,311.98,15.68,1,0,1,0,0,0.29931159251285033
20,90.03,23.35,2,0,0,0,1,0.556010262497704
4,51.56,52.52,2,0,1,0,0,0.41825316700434245
23,23.08,34.82,1,1,1,0,0,0.49906853451925187
3,100.89,17.38,1,0,1,0,0,0.1681921584013489
12,25.06,3.74,1,0,0,0,0,0.2567837384348809
3,360.44,43.88,1,0,1,0,0,0.481595975457184
6,114.33,50.96,3,0,1,0,1,0.6438324578856812
9,219.94,44.63,2,1,1,0,1,0.8662503573148417
21,134.73,8.55,3,0,1,0,0,0.40089569746746473
0,36.7,42.17,1,0,0,0,0,0.4826245390469839
14,201.12,15.35,3,0,1,0,1,0.5201435117996771
14,119.05,33.24,1,0,0,0,0,0.46836571071529004
16,553.88,7.18,1,0,0,0,1,0.7211012396770694
6,33.21,7.85,1,0,1,0,0,0.1101249379890819
13,315.58,47.43,1,0,1,0,0,0.4253322996343673
3,141.36,28.89,1,0,1,0,0,0.22992879436817654
10,85.46,70.04,1,0,0,0,1,0.6358427568781504
7,35.8,37.75,2,0,1,0,0,0.32451790513535705
8,421.74,6.13,1,0,1,0,0,0.33494149290247444
11,15.88,6.16,1,0,1,0,0,0.09489642772407934
1,56.18,12.69,1,0,1,0,0,0.13734800981415227
23,125.25,52.07,1,0,1,0,0,0.25839366305946293
8,74.46,60.07,1,0,0,0,1,0.5833891636891422
5,10.37,17.93,1,0,0,0,0,0.3243387334194285
13,56.22,49.66,1,0,1,0,0,0.22564313137992653
10,25.1,7.07,1,0,1,0,0,0.1007772384328559
13,81.24,10.7,1,0,0,0,0,0.3272606320375618
4,54.87,25.59,2,0,1,0,0,0.294765798008136
19,53.7,81.68,1,1,1,0,1,0.7557981608548486
14,72.84,2.47,1,1,1,0,0,0.4098675515161873
4,37.72,41.83,2,0,0,0,1,0.6498709729123301
20,128.55,45.72,1,0,1,0,0,0.2435422152646898
18,68.32,9.36,1,0,0,0,0,0.2968055747419052
22,97.56,14.91,2,1,1,0,1,0.6510591346852466
17,182.81,41.71,1,0,1,0,0,0.2744856279171953
1,55.38,13.67,3,0,0,0,1,0.7084514075596475
3,29.85,13.92,4,0,0,0,1,0.8196762547533413
22,25.2,16.31,2,0,1,0,0,0.19596822864264826
4,109.04,7.19,1,0,0,0,0,0.3612446017515438
5,66.46,40.59,1,0,0,0,0,0.48613504458592716
23,241.25,38.11,1,0,1,0,0,0.2881239777598814
13,42.57,34.18,5,0,0,0,1,0.9303444147790854
14,420.49,9.32,1,0,1,0,0,0.33100368747467607
21,101.99,1.83,1,0,1,0,0,0.10423947145759072
19,31.68,67.89,2,0,1,0,0,0.42920665872226044
17,234.55,65.1,1,0,1,0,0,0.4268007663040642
17,257.88,33.13,1,0,1,0,0,0.2961573598128864
5,68.15,0.01,1,0,1,0,0,0.1085038739834674
22,36.46,1.68,1,0,1,0,0,0.08208680616269742
2,266.35,32.63,1,0,1,0,0,0.3436293072342671
4,57.74,50.58,2,0,0,0,1,0.7056319053259104
22,338.22,10.96,2,0,0,0,1,0.7067033030989561
16,59.27,44.09,1,1,1,0,1,0.6024367586405213
3,100.31,44.36,1,0,1,1,0,0.2602309991766739
10,22.42,23.64,2,1,1,0,1,0.6632242652702041
18,123.69,24.14,2,0,0,0,1,0.5973536494408442
13,8.34,22.76,1,0,1,0,0,0.12261360856142352
8,66.47,19.77,1,0,0,0,0,0.3719647031068512
4,35.59,79.54,3,0,1,0,1,0.7130451660681975
9,132.2,18.44,1,0,1,0,0,0.17692506366872232
10,403.75,47.48,1,0,1,0,1,0.5179898285446244
20,141.99,13.73,1,1,0,0,1,0.7808127560244392
17,75.66,46.24,1,0,1,0,0,0.21708590141514972
12,221.53,46.13,1,0,1,0,0,0.33866099257892457
13,60.62,59.01,1,0,0,0,1,0.5491028954151591
19,27.44,58.1,2,0,1,0,0,0.37688331107265866
17,92.46,54.98,1,0,1,0,0,0.2612872758094957
7,89.72,18.52,1,0,1,0,0,0.1584740384807937
15,64.72,72.18,1,0,0,0,1,0.6124502958524033
12,45.62,21.24,1,1,1,0,0,0.48646123868214725
18,188.86,63.46,1,0,0,0,1,0.6696801717701162
4,35.76,43.83,2,0,1,0,0,0.36156265379924485
16,65.45,39.97,3,0,1,0,1,0.5125007833348917
16,74.52,8.44,2,0,1,0,0,0.2126369427448284
13,52.82,26.22,1,0,1,0,0,0.15073176248899708
12,89.88,46.79,1,0,1,0,0,0.2400966157107256
12,56.93,41.12,1,0,0,0,0,0.4570158259892452
21,69.71,77.88,1,1,1,0,1,0.7475542908183518
15,84.73,40.89,4,0,0,0,1,0.8927686193605753
2,24.24,62.31,1,0,1,0,0,0.2791527839318945
1,17.1,14.06,1,0,1,0,0,0.12383063824895013
16,44.95,7.48,1,0,1,0,0,0.10119141296345911
18,76.63,61.09,1,0,1,0,0,0.27165996360680783
0,25.14,12.19,1,0,1,0,0,0.12436478604140538
23,66.02,13.29,1,0,0,0,0,0.2982020540692698
0,11.77,38.74,1,0,1,0,0,0.18921814964209577
15,18.93,1.15,1,0,1,0,0,0.08321183854643448
5,96.77,2.13,1,0,1,0,0,0.12406341367016624
16,32.07,25.13,1,0,1,0,0,0.13366238508830947
6,44.94,44.98,3,1,1,0,1,0.8806374902207188
3,127.94,41.82,1,0,1,0,0,0.2703386488389469
18,17.55,7.55,1,0,1,0,0,0.09011810667638902
2,92.41,18.39,3,0,1,1,0,0.47272089525449656
3,555.52,56.32,1,1,1,1,1,0.9375970715789307
14,27.74,62.72,1,0,1,0,0,0.25265346911192327
22,127.33,6.82,1,0,1,0,0,0.12284866603594385
15,59.97,27.06,1,0,0,0,0,0.379900331245955
17,78.62,7.0,1,0,1,0,0,0.11104675226063807
12,11.6,0.1,1,0,1,0,0,0.08245927448873365
21,37.86,1.84,1,0,1,0,0,0.08373681218766121
23,82.15,7.59,2,0,1,0,0,0.19945381523823416
6,175.46,9.15,1,0,1,0,0,0.17854704468709792
15,220.54,1.77,1,0,1,0,0,0.16432481474203545
5,36.4,55.25,1,1,0,0,1,0.8726473827786255
18,129.27,21.61,3,0,1,0,0,0.47156663355988115
20,162.59,14.71,1,0,1,0,0,0.16193047762137427
9,57.75,56.63,1,0,0,0,1,0.5472784964798657
2,211.41,42.45,1,0,1,0,0,0.34253542899105077
11,38.43,1.23,1,1,1,0,0,0.3821439181762399
23,117.82,36.3,1,0,1,0,0,0.19666187847935673
8,25.62,39.49,4,0,1,0,1,0.6766821117913459
13,32.35,38.71,4,0,0,1,1,0.8702455685808069
6,24.07,10.48,2,0,0,0,0,0.47372197868119387
2,149.57,4.02,1,0,0,1,0,0.3878907640144821
16,148.35,28.64,2,0,1,0,0,0.3510425442003541
13,28.72,26.56,4,0,0,0,1,0.8374118589996641
3,54.01,51.43,5,0,1,0,1,0.869996529406846
22,8.93,5.53,2,1,1,0,1,0.5240271354365744
10,39.1,1.06,1,0,0,0,0,0.2613860356677118
2,89.39,58.25,2,0,1,0,0,0.48925912728646476
10,61.63,42.24,1,0,0,0,0,0.4736963155478607
3,43.49,41.61,2,0,0,0,1,0.6567452180087503
9,37.1,63.25,2,0,0,0,1,0.729456119338902
5,91.41,12.67,1,0,1,0,0,0.14709849642441314
17,85.12,16.81,1,0,1,0,0,0.13546847813008978
1,60.49,14.88,1,0,1,0,0,0.14478348270518154
19,129.24,71.32,1,0,1,0,0,0.35660015652786425
2,391.32,31.41,1,0,1,0,0,0.44991609142908234
14,227.44,3.37,1,1,0,0,1,0.8112175311054161
18,9.58,18.22,1,0,1,0,0,0.10693876255409655
17,173.14,21.41,1,0,1,0,0,0.19360962676176235
21,89.81,21.17,1,0,0,0,0,0.35949793076370035
0,19.38,7.67,1,0,0,0,0,0.300334022375925
2,214.96,18.53,1,0,1,0,0,0.24388603413075746
9,216.1,8.19,1,0,1,0,0,0.1927697145315055
4,100.95,15.89,1,1,1,0,1,0.537243816603095
2,29.73,34.27,1,0,0,0,0,0.429267533191014
14,385.14,13.94,1,0,1,0,0,0.322617559685442
6,210.97,4.34,1,1,1,0,1,0.5744254434511998
20,146.24,10.34,1,0,1,0,0,0.14238314397886076
23,37.83,15.99,4,0,1,0,1,0.5258622487477805
17,322.6,18.8,2,0,1,0,0,0.45680857577439166
11,183.54,20.85,1,0,1,0,0,0.21076884557070727
1,199.98,33.88,1,0,1,0,0,0.2976364004405517
15,68.91,6.89,1,0,0,0,0,0.2948690353116241
8,18.03,21.21,1,0,1,0,0,0.1303709470823338
23,106.33,61.98,1,0,0,0,1,0.5742919539273925
12,16.86,20.66,1,0,1,0,0,0.12282733591318766
13,133.11,14.95,3,0,0,0,1,0.740755084872841
12,78.9,31.6,1,0,1,0,0,0.1814517544619008
1,390.83,3.5,1,0,0,0,1,0.612081173008245
3,92.59,30.76,1,0,1,0,0,0.2052000093241383
14,75.67,7.73,1,0,0,0,0,0.3066289843179999
10,126.91,26.57,2,0,1,0,0,0.3409144501179589
3,23.19,59.57,1,0,1,0,0,0.26459741622143496
10,203.37,69.4,1,1,1,0,1,0.8262544179619583
19,186.64,65.54,1,0,1,1,0,0.37923943496237694
13,43.28,32.44,3,0,1,0,0,0.46272548648998757
0,138.78,22.34,1,0,1,0,0,0.21181306437004993
5,206.34,26.11,1,0,1,0,0,0.2597654168512179
19,161.46,53.25,1,0,1,0,0,0.30133089433611215
6,32.29,4.8,1,0,0,0,0,0.281931414542892
6,45.13,31.37,1,0,1,0,0,0.17366225245802092
11,134.66,47.28,1,0,1,0,0,0.27686738700434854
20,217.96,54.13,1,0,1,0,0,0.34912536113944287
19,6.68,28.65,1,0,1,0,0,0.12657878582603643
1,40.91,22.56,1,0,0,0,0,0.3844188174465451
15,14.28,30.7,5,0,1,0,1,0.7625070081232357
5,38.47,21.18,1,0,1,0,0,0.14407548160298783
12,198.22,23.05,1,0,1,0,0,0.22570405287548487
13,310.79,30.49,4,0,1,0,1,0.8267753732617564
20,140.5,57.84,1,0,1,0,0,0.30183773782003204
5,144.43,40.39,1,0,1,0,0,0.2716177088743568
16,11.24,28.81,1,0,1,0,0,0.1333466281464871
9,237.49,54.5,1,0,1,0,0,0.40197443947386247
11,48.15,45.9,1,0,0,0,0,0.47655241095400264
13,106.24,17.87,1,0,1,0,0,0.15453539886751283
19,53.59,25.44,1,0,0,0,0,0.3543648133000105
13,43.12,19.77,1,0,0,0,0,0.3368248428900994
1,56.11,4.78,1,0,1,0,0,0.1191252308369793
14,159.42,44.28,2,0,1,0,0,0.44418178961869503
21,57.94,28.62,2,1,1,0,1,0.6834983588690403
17,43.4,13.08,1,0,1,0,0,0.11030399553094793
15,323.84,54.81,1,0,1,0,0,0.464072818560264
1,65.46,16.24,1,0,1,0,0,0.15067074649134524
16,173.94,21.55,1,0,0,0,0,0.45343028809263536
19,108.34,27.28,1,0,1,0,0,0.17130614917995726
20,141.39,4.14,1,0,1,0,0,0.12546394683280787
18,119.92,7.42,1,0,1,0,0,0.12688214892936664
23,78.99,0.51,1,0,1,0,0,0.09185716863547123
14,61.63,33.13,1,0,0,0,0,0.4144700210411697
20,28.24,60.7,1,0,1,0,0,0.23094364038153506
23,73.27,65.15,1,0,0,0,1,0.5597195898165492
1,91.73,8.67,1,0,0,0,0,0.3623037755055931
0,79.87,64.65,1,0,1,0,0,0.33974931771399797
17,116.39,26.31,1,0,1,0,0,0.17656749185996048
10,626.84,5.5,1,0,1,0,1,0.5120802106747889
9,121.23,62.79,2,0,0,0,1,0.7857777651376355
17,104.24,68.37,1,0,1,0,0,0.32762041530302105
8,363.6,21.78,1,0,1,0,0,0.3583079875617712
16,231.91,42.27,1,0,1,0,0,0.31817921614028233
7,43.36,95.0,1,0,1,0,0,0.4332467036113945
13,23.17,12.4,1,0,1,0,0,0.10664806470177111
14,75.21,48.23,1,0,1,0,0,0.2307552938831933
16,105.05,36.23,1,0,0,0,0,0.46402628908144616
8,206.56,5.11,1,0,1,0,0,0.1796930622126437
10,116.53,15.4,1,0,0,0,0,0.3890516439658627
18,80.13,10.71,1,0,1,0,0,0.11804452778018742
2,95.28,74.53,1,0,1,0,0,0.3943720123886971
20,117.18,36.62,1,0,1,0,0,0.2036335224890308
22,77.05,44.82,1,0,1,0,0,0.20223769098623684
1,25.18,25.54,2,0,1,0,0,0.2796951181973803
3,113.88,19.19,1,0,1,0,0,0.18061125251558244
11,31.04,21.08,1,0,0,0,0,0.3385433705404264
19,15.36,28.8,1,0,0,0,0,0.3374116821654912
11,66.27,27.85,1,1,0,1,1,0.8012151389560804
14,42.26,65.78,1,0,1,0,0,0.2755384141341289
17,10.24,8.68,2,0,1,0,0,0.17369017620723554
17,160.77,4.99,1,1,1,0,0,0.4949107701507182
0,304.04,6.23,1,0,1,0,0,0.264494192243122
1,101.05,56.34,1,0,1,0,0,0.31672020394432987
20,36.08,54.16,3,0,0,0,1,0.8021861280450244
9,32.61,17.64,1,0,1,0,0,0.12681909480375533
7,183.56,40.46,1,0,1,0,0,0.29657351387149017
14,148.74,22.98,4,0,1,0,1,0.6865311516799666
20,115.44,1.1,1,0,1,0,0,0.10888545378279779
19,49.11,41.81,2,0,0,0,1,0.6139988248052145
1,62.07,42.37,1,0,1,0,0,0.23081144660805955
16,57.31,20.23,1,0,1,0,0,0.13299484056955568
7,101.51,14.13,1,0,1,0,0,0.1524364908978059
5,66.3,16.52,1,1,1,0,1,0.5046087521051551
10,168.54,20.13,1,0,1,0,0,0.20123765867595347
20,29.46,37.93,2,0,1,0,0,0.28416388192490233
0,35.46,15.13,1,0,0,0,0,0.34720317792029876
11,419.8,3.25,1,0,0,0,1,0.6056178823338909
11,29.83,26.44,1,0,1,0,0,0.14371236785270156
14,280.93,8.65,1,0,0,0,0,0.4942781207041549
12,49.93,40.49,1,0,1,0,0,0.19269083886606156
4,32.16,42.14,2,0,1,0,0,0.35046714189630085
20,294.24,7.24,1,0,1,0,0,0.2139347553165017
21,61.35,56.13,1,0,1,0,0,0.23408039338671546
4,58.09,32.29,1,0,0,0,0,0.43907088792423826
9,62.94,28.35,4,0,0,0,1,0.865008309577023
11,74.28,8.43,1,0,1,0,0,0.12044200560272976
5,43.0,58.14,2,0,0,0,1,0.7233863835079197
10,74.23,6.56,1,0,1,0,0,0.11775679895074415
22,143.39,0.15,1,0,0,0,0,0.30539965050219026
7,28.24,3.4,1,0,1,0,0,0.09858707013973846
0,147.66,27.72,1,0,1,0,0,0.2369110793086873
7,127.9,27.0,1,1,1,0,1,0.6083618557923055
2,22.63,32.51,1,1,1,0,1,0.5554180576867299
18,19.09,38.84,1,0,1,0,0,0.1595383993547792
22,257.24,86.78,1,1,0,1,1,0.9602263366075466
7,74.33,47.59,1,0,1,0,0,0.24440327284589053
8,22.89,7.61,3,0,0,1,1,0.6338141294611244
17,83.27,4.62,1,0,1,0,0,0.10797483094109896
17,58.59,2.8,1,1,1,0,0,0.3891644620760495
12,170.58,62.41,2,0,1,0,1,0.5542085908586677
16,38.95,5.39,1,0,0,0,0,0.2633033788807683
7,59.66,17.32,1,0,1,0,0,0.14091454901513895
15,145.19,66.6,3,0,1,0,1,0.7135231186823896
2,347.28,50.53,1,0,0,0,1,0.7769091433957921
9,191.16,30.63,1,0,1,0,0,0.25658416406996176
11,132.68,8.23,1,0,1,0,0,0.1452773383574459
6,77.88,14.36,1,0,1,0,0,0.14345706932265023
22,101.54,33.29,1,0,1,0,0,0.17981797069203248
4,24.38,39.75,1,0,1,0,0,0.19166476470865448
7,22.2,62.09,1,0,1,0,0,0.2637603310189448
23,51.64,10.04,1,0,1,0,0,0.09993494877607287
15,81.51,51.72,1,0,1,1,0,0.24573195267727999
17,53.56,11.28,1,0,1,0,0,0.11042449646856932
16,182.81,17.14,2,0,1,0,0,0.32707228714951697
5,24.54,8.8,2,0,0,0,0,0.46880849643007766
6,256.48,3.23,1,0,1,0,0,0.20707340865122864
11,109.17,48.16,4,0,0,0,1,0.9178735504159745
17,87.26,110.39,1,0,0,0,1,0.7864540789483558
9,108.79,55.11,1,0,1,0,0,0.2952474343678148
22,40.4,6.98,1,0,1,0,0,0.09193265309574618
5,32.47,22.84,1,0,1,0,0,0.1455089416909529
18,29.97,34.63,1,0,1,0,0,0.15350368941367346
10,63.67,0.87,1,0,1,0,0,0.10239328572769775
5,75.26,7.74,1,0,1,0,0,0.12785845758398867
18,132.56,3.91,1,0,1,0,0,0.12417593359885393
0,28.65,0.32,1,0,1,0,0,0.10128108418168542
14,19.53,21.53,1,0,1,0,0,0.1230156823462657
2,76.02,61.14,1,0,0,1,1,0.6090633360577242
8,546.24,61.45,1,0,0,0,1,0.8951373317631762
17,11.07,3.68,1,0,0,0,0,0.23462648972133915
23,287.56,63.99,1,0,1,0,0,0.4510029570671965
11,17.88,12.21,2,0,1,0,0,0.2011045068323921
18,120.03,19.87,1,0,1,0,0,0.15817512960988925
15,89.56,99.04,1,0,1,0,0,0.4709985273984664
1,57.9,7.47,2,0,1,0,0,0.23238267635489315
13,102.95,1.95,1,0,1,0,0,0.11507728003562225
4,102.04,48.06,1,0,1,0,0,0.2738589712057841
13,63.29,69.86,1,0,1,0,0,0.31212535702910965
20,20.24,19.91,1,0,1,0,0,0.11168699495264765
14,54.89,15.05,1,0,1,0,0,0.12299760874261537
17,55.81,14.92,1,0,1,0,0,0.11889603021456857
13,39.21,21.21,1,0,1,0,0,0.13199551896900916
15,74.51,2.04,4,0,1,0,1,0.5148526456728558
1,112.6,13.15,3,0,1,0,0,0.4680615331496142
1,310.02,15.66,1,0,1,0,0,0.3059739548318225
13,76.08,20.52,1,0,1,0,0,0.14696564270642742
11,206.06,7.88,1,0,0,0,0,0.4300288408455287
9,276.79,53.63,1,0,1,0,0,0.4336531115091599
1,37.53,62.89,5,0,1,0,1,0.89101545935571
0,25.88,19.05,1,0,0,0,0,0.357389184759333
7,228.18,32.12,3,0,1,0,1,0.6502357818644086
4,62.71,9.46,3,0,1,0,0,0.3937734492955777
21,118.7,2.6,3,0,1,0,0,0.3578323492338815
23,92.03,5.78,1,0,1,0,0,0.10589231548806999
12,24.14,21.44,1,0,1,0,0,0.12759438509963172
10,55.12,8.98,1,0,1,0,0,0.115469437899487
6,198.1,10.66,2,0,1,0,0,0.3393770234995316
20,63.43,36.07,1,0,1,0,0,0.1711110346418803
21,207.94,73.14,1,0,1,0,0,0.4299381574905985
10,69.86,11.05,1,0,1,0,0,0.12588846318674268
20,22.95,70.23,1,0,1,0,0,0.26374805529730955
17,193.19,1.15,1,0,1,0,0,0.14572136083242304
4,72.07,44.85,2,0,1,0,0,0.3987590956692383
23,171.78,26.61,1,0,1,0,0,0.19726867449945748
16,75.67,15.25,1,0,1,0,0,0.12919378119150032
11,50.69,20.52,2,0,1,0,0,0.25266540848299757
6,31.29,13.22,4,0,1,0,1,0.5609239281998172
15,18.61,24.74,5,0,0,1,1,0.9072808735218857
21,134.53,23.86,3,0,1,0,0,0.47825584010815086
9,28.52,6.06,1,0,1,0,0,0.1012504500611611
2,198.28,1.14,1,0,1,0,0,0.17469521494048756
0,68.76,31.67,3,0,1,0,1,0.5253441468263127
6,167.69,29.88,1,0,1,0,0,0.24445822161794917
14,76.13,37.87,1,0,1,0,0,0.19559669198263174
21,49.34,7.9,5,0,1,0,1,0.6792140352491163
2,278.11,2.1,1,0,1,0,0,0.2258538697149255
8,62.97,0.32,1,0,1,0,0,0.10352706160019279
0,42.83,7.87,1,0,0,0,0,0.320134972573018
9,296.26,78.83,3,0,1,0,1,0.8597259514312621
0,133.89,13.03,1,0,1,0,0,0.1788289409006886
18,66.89,14.5,1,0,1,0,0,0.12100800491207721
19,125.84,13.54,1,0,1,0,0,0.1426429428275222
18,133.92,44.21,1,0,1,0,0,0.24638807049313208
13,94.4,30.73,1,0,0,0,0,0.43579131817550326
1,90.11,21.86,1,0,0,0,0,0.4256276159911258
19,58.06,10.42,1,0,1,0,0,0.10780024758791996
7,179.23,61.08,2,0,1,0,1,0.5716355958276746
5,43.87,14.74,2,0,0,0,1,0.5175830379717077
1,155.15,44.25,4,0,1,0,1,0.8048675954639881
0,170.64,34.0,1,1,1,0,1,0.69798376703649
4,44.75,14.28,1,0,1,0,0,0.1315629681809295
5,30.14,36.34,1,0,0,0,0,0.43045016340696296
21,46.74,54.0,1,0,1,0,0,0.21680249808337418
13,47.13,52.79,1,0,1,0,0,0.23096575335733252
7,102.71,4.91,1,0,1,0,0,0.12998774908105493
13,159.77,30.58,1,0,1,0,0,0.22518459894583012
9,96.67,25.54,1,0,1,0,0,0.17872353753736028
17,80.85,77.96,1,0,1,0,0,0.35215551347778334
5,64.88,5.44,1,0,1,0,0,0.1185154758571726
20,195.88,23.4,1,0,1,0,0,0.20761936303105052
5,58.49,43.62,1,0,1,0,0,0.2237445534932379
2,50.66,21.31,1,0,0,0,0,0.3839195176173534
4,48.19,10.74,1,0,0,0,0,0.326007426043444
8,32.02,5.91,1,0,1,0,0,0.10338427030392805
5,130.38,13.42,1,0,0,0,0,0.40751556142115525
22,60.21,67.49,1,0,1,0,0,0.27512630916838865
17,102.42,45.44,1,0,1,0,0,0.23177856842820913
7,54.36,14.21,2,0,1,0,0,0.24083166203914186
11,53.5,15.23,1,0,1,0,0,0.12713785793861482
20,9.17,0.04,1,0,1,0,0,0.0741387743458186
2,299.35,16.73,1,0,0,0,1,0.5915924419318166
18,7.55,11.03,1,0,1,0,0,0.09294444146708661
13,37.34,29.05,1,0,1,0,0,0.1507231300294006
2,45.99,32.22,1,0,0,0,0,0.4339484010055816
9,37.91,22.69,1,0,1,0,0,0.14120225174999607
15,119.71,11.63,1,0,1,0,0,0.14142725716306562
9,356.85,5.78,1,0,1,0,0,0.2786898347100633
13,145.86,35.09,1,0,0,0,1,0.5064103703613355
19,47.73,28.68,1,0,1,0,0,0.14478215197814973
16,202.7,46.82,1,0,0,0,1,0.6088115974993108
6,359.11,51.91,1,0,1,0,1,0.5118522472574188
10,60.43,2.78,1,0,1,0,0,0.10491438157255957
8,49.1,26.41,1,0,1,0,0,0.15797581955184548
17,27.65,24.12,1,0,0,0,0,0.3321042411226412
4,109.13,80.57,1,0,1,0,0,0.43081274841505884
14,46.7,55.13,1,0,1,0,0,0.2369640104262358
6,345.02,5.55,1,0,0,0,1,0.5646185631932531
23,161.5,49.81,1,0,1,0,0,0.27603930191317105
9,153.46,34.46,1,0,1,0,0,0.24470439597503768
7,60.18,29.13,3,0,1,0,0,0.48123427727279117
4,17.9,60.45,3,0,1,0,1,0.6106782826577254
10,274.31,2.3,1,0,0,0,0,0.4684925308790033
4,30.58,15.17,1,0,1,0,0,0.1276042325247413
0,30.87,3.42,1,0,0,0,0,0.29112094277527434
8,87.08,47.77,2,0,0,0,1,0.7056843050791698
13,139.19,20.46,1,0,1,0,0,0.17919144098299614
7,329.0,22.2,1,0,1,0,0,0.33371683644355205
17,33.14,35.64,1,0,1,0,0,0.15956186251083865
3,150.74,58.68,1,0,1,0,0,0.36365695729546255
20,64.73,20.26,3,0,1,0,0,0.39859666976765845
5,193.85,36.24,1,0,1,0,0,0.2920257560616012
10,149.61,6.61,5,0,1,0,1,0.7766219912946892
9,391.92,34.77,1,0,1,0,0,0.4448789037715992
15,97.46,14.24,1,0,1,0,0,0.1378078813916653
3,47.17,18.25,1,0,1,0,0,0.14391355243454546
1,131.98,5.09,3,0,0,0,1,0.7310512771111805
5,44.2,36.97,1,0,1,0,0,0.19233816373385837
11,53.96,61.99,2,0,1,0,0,0.44580368744429816
14,568.88,11.41,1,0,0,0,1,0.7539710886613383
2,15.71,63.77,1,0,1,0,0,0.27873326349334776
2,31.38,40.43,3,0,1,0,1,0.5286544620676175
16,202.07,24.01,1,0,1,0,0,0.22253983539772187
7,168.69,6.4,1,0,1,0,0,0.16499250674368554
11,263.82,1.55,1,0,1,0,0,0.19541315499106623
17,86.79,9.02,1,0,1,0,0,0.11840090619835222
16,152.94,18.12,1,0,0,0,0,0.4166137353941072
9,339.59,10.32,1,0,1,0,0,0.28444550989737977
15,33.43,80.69,1,0,1,0,0,0.3305031100770736
17,184.41,25.35,1,0,1,0,0,0.21365382917742728
7,40.68,26.75,2,0,0,0,1,0.5694345562883226
22,100.22,22.53,2,0,1,0,0,0.26882191228904934
10,257.63,1.45,1,0,1,0,0,0.19348958987831924
16,65.78,17.37,1,0,1,0,0,0.12991374803650554
19,43.85,10.18,1,0,0,0,0,0.27867042328123676
5,388.44,0.07,2,0,1,0,0,0.4617410599947798
18,200.22,27.37,1,0,1,0,0,0.22883173018482503
8,63.83,41.61,1,0,1,0,0,0.2133875047964092
2,94.02,25.31,3,0,0,0,1,0.7790792862138263
11,64.4,40.79,1,0,0,0,0,0.46558786092935894
11,60.79,15.31,2,1,1,0,1,0.6542191290070407
14,70.62,65.5,1,0,0,0,1,0.5879165141579419
11,37.74,20.92,1,1,0,0,1,0.7583258913642167
23,175.14,9.97,1,0,0,0,0,0.3745454660093813
17,116.0,2.67,5,0,0,0,1,0.897261855076073
3,271.28,14.73,1,0,0,0,1,0.5523970788583025
10,758.16,61.12,1,0,1,0,1,0.8441713037776448
17,229.8,3.13,1,0,0,0,0,0.4088258653800904
16,34.51,89.6,3,0,1,0,1,0.7223082713170113
22,89.02,35.8,1,0,1,0,0,0.1804828848522005
21,79.26,43.12,1,0,0,0,0,0.4588288351610503
3,22.71,69.19,4,1,1,0,1,0.9607029078037915
22,126.35,41.8,1,0,1,0,0,0.22293018143574342
21,356.41,41.21,1,0,1,0,0,0.40610378263750724
11,332.48,62.69,1,0,1,0,1,0.5258488442753357
15,111.05,23.13,1,0,1,0,0,0.16809467273826376
15,19.86,16.24,1,1,0,0,1,0.7165002483232169
19,202.36,57.53,1,0,1,0,0,0.354678425780026
3,108.59,48.83,3,0,1,0,1,0.637810783544131
9,87.52,25.61,2,0,1,0,0,0.30694798807861096
10,13.81,11.76,1,0,1,0,0,0.10578290754762673
12,13.98,50.34,1,0,1,0,0,0.20339006806904478
6,42.88,15.93,1,0,0,0,0,0.33947509240231516
19,88.88,21.3,1,1,1,0,1,0.5045854876374256
13,58.28,13.54,1,0,0,0,0,0.3211108963176188
13,85.16,43.2,1,0,1,0,0,0.2214830203346343
17,64.25,13.94,3,0,0,0,1,0.6719246772441752
3,90.09,99.11,1,0,1,0,1,0.5111966708515208
5,34.03,6.63,1,0,1,0,0,0.1092537240629453
21,56.89,10.85,1,0,1,0,0,0.10572134104307468
9,296.99,3.22,1,0,1,0,0,0.2262753774781163
6,78.12,6.3,1,0,1,0,0,0.12433141681033968
2,15.77,14.85,2,0,1,0,0,0.22884412236641768
20,82.81,51.5,1,0,1,0,0,0.23383936033681513
8,113.25,11.48,1,0,0,0,0,0.3732751136605531
4,32.69,10.64,1,0,1,0,0,0.11839773637120962
10,112.16,37.06,1,0,0,0,0,0.4946292176001423
14,328.37,8.73,1,0,0,0,1,0.5393352577501141
21,58.22,1.43,3,0,0,0,1,0.5948138606477061
17,54.07,38.99,1,0,1,0,0,0.18041559866935317
1,69.9,5.8,1,0,0,0,0,0.33029741099352333
15,44.5,44.46,1,0,0,0,0,0.45269408536194966
4,100.68,13.08,1,0,1,0,0,0.15433335001416207
1,66.94,15.38,3,0,1,0,0,0.4367964306710114
11,52.21,24.68,3,1,1,0,1,0.8237556902981322
20,106.03,59.3,1,0,1,0,0,0.28120882094787775
12,144.16,25.26,1,0,1,0,0,0.19923766965765835
9,197.14,17.48,1,0,1,0,0,0.21211927343976159
9,5.99,96.82,1,0,0,0,1,0.6947843022140137
13,68.43,6.04,1,0,1,0,0,0.1104840619458682
17,218.05,24.22,2,0,1,0,0,0.3879822009745652
5,199.1,38.31,1,0,1,0,0,0.3051027996845064
11,85.5,12.5,2,0,0,0,1,0.5255921764685423
9,112.37,10.52,4,0,0,1,1,0.8424480520561596
14,33.88,26.66,1,0,1,0,0,0.14132135608572904
15,44.87,14.69,1,0,0,0,0,0.3096414074677395
19,61.77,17.18,1,0,1,0,0,0.12345282448090772
18,61.99,71.06,4,0,1,0,1,0.8013849145515772
22,205.21,9.27,1,0,0,0,0,0.40115286521214144
17,683.77,5.89,1,0,1,0,1,0.5446788097261863
22,62.24,3.57,1,0,1,0,0,0.09294792043495842
10,38.65,24.54,1,0,1,0,0,0.14460530709626904
4,39.55,46.3,1,0,1,0,0,0.22320963787951156
16,28.26,27.34,1,0,1,0,0,0.1373129122652705
5,280.34,78.66,3,0,1,0,1,0.8583887443088666
18,84.1,23.24,1,0,0,0,0,0.3735414396068943
12,115.51,5.21,1,1,1,0,0,0.46981431557127523
13,76.97,6.8,1,0,1,0,0,0.11527662560089685
11,283.0,19.81,1,0,1,0,0,0.27555075119275746
9,111.61,12.59,1,0,0,0,0,0.37410884102224273
11,40.03,62.0,1,0,1,0,0,0.2662710812307027
23,139.56,0.91,1,0,1,0,0,0.11359829238768505
21,29.03,7.19,3,0,1,0,0,0.30398869710707305
7,54.51,5.77,2,0,0,0,0,0.4748749579130413
2,104.8,25.37,1,0,1,0,0,0.1968667404539832
1,75.17,68.9,1,0,0,1,1,0.6486675308488938
4,88.92,21.07,1,0,1,0,0,0.1706922800927205
10,65.21,12.53,3,0,1,0,0,0.3923276843627223
12,16.41,7.25,1,0,1,0,0,0.09587437143693509
6,645.4,5.61,1,0,1,0,1,0.5431640830861888
22,133.41,32.25,1,0,1,0,0,0.19484646726600766
19,50.88,1.47,1,0,1,0,0,0.08908171659525511
13,26.42,21.66,1,0,1,0,0,0.12759519841526568
11,61.6,14.36,1,0,0,0,0,0.33336454077782807
19,114.65,14.75,1,0,1,0,0,0.14054409160905387
10,26.71,23.83,1,0,1,0,0,0.13738127245606105
5,40.31,79.52,2,0,1,0,1,0.5426030965430733
10,31.56,21.92,1,0,1,0,0,0.1349039905920446
23,174.31,87.74,1,0,1,0,0,0.46646287882812965
12,83.94,33.34,1,0,0,0,0,0.44255342553501315
10,1469.03,67.4,1,1,1,1,1,0.9981508749810861
22,200.12,13.42,1,0,0,0,0,0.41718256439686946
22,31.43,25.12,1,0,1,0,0,0.12451826408413212
8,26.98,46.44,1,0,1,0,0,0.20684068986860357
3,106.35,13.77,2,0,1,0,0,0.2872804922318901
8,37.43,34.31,1,0,0,0,0,0.41733521580123095
12,184.66,10.62,1,0,1,0,0,0.17653773073778337
21,15.76,34.91,1,0,0,0,0,0.3603845663589475
21,237.49,44.55,1,0,1,0,0,0.3187004227858061
3,140.12,67.15,1,0,0,0,1,0.6890800855131699
13,35.5,85.88,1,0,0,0,1,0.6583523478615979
2,72.28,34.76,1,0,1,0,0,0.208307739656795
7,157.34,47.68,1,0,1,0,0,0.30708467994051003
15,105.94,5.62,1,0,1,0,0,0.1213988514571358
1,28.21,38.26,1,0,0,0,0,0.45134549064288776
16,75.41,10.58,1,0,0,0,0,0.31336542470486917
17,382.62,13.39,1,0,0,0,1,0.6032202845279536
19,95.64,53.93,1,1,1,0,1,0.6717620904346828
16,152.72,11.8,2,0,1,0,0,0.2798991884089703
9,40.36,35.78,1,0,1,0,0,0.1785230951510513
17,17.17,19.46,1,0,1,0,0,0.11353793596091806
18,51.59,16.32,4,0,0,0,1,0.8098031437787333
13,197.27,48.48,1,0,1,0,0,0.32619175775218595
11,96.56,31.24,1,0,0,0,0,0.4468618649348263
19,11.77,1.46,2,0,0,0,0,0.3756478359867239
6,13.38,9.57,1,0,1,0,0,0.10632811215565705
6,96.85,57.34,2,0,1,0,0,0.47849242282496207
17,78.35,20.27,1,0,1,0,0,0.14091779444947175
7,42.77,30.11,1,1,1,0,1,0.5457386466955342
17,30.26,18.6,1,1,1,0,0,0.4422313395330737
1,23.22,39.29,4,0,1,0,1,0.6936549375072263
12,164.15,62.72,1,0,0,0,1,0.6630797712962868
12,108.0,12.05,1,0,1,0,0,0.1418972452740926
8,64.09,40.28,1,0,1,0,0,0.2089857985050359
18,38.12,72.48,1,0,1,0,0,0.2897167976761538
19,38.71,10.5,1,0,1,0,0,0.10112969552945716
17,12.58,54.23,2,0,1,0,0,0.35152779346473517
6,61.37,13.27,3,0,1,0,0,0.4050959968257914
21,66.92,5.47,4,0,1,0,1,0.5056831858330373
14,110.85,47.83,1,0,0,0,1,0.5356870469813564
21,18.01,14.85,1,0,1,0,0,0.09980282341787107
6,79.98,7.13,1,0,1,0,0,0.12698091299650516
19,25.6,0.62,1,0,1,0,0,0.08033902266576387
4,39.96,5.24,1,0,1,0,0,0.10992184344002721
2,39.64,57.81,2,1,0,0,1,0.9411753308028155
15,151.14,39.89,1,0,0,0,1,0.5295178960947703
13,26.43,43.66,1,0,1,0,0,0.1870869205411272
9,142.11,25.08,1,0,1,0,0,0.20373153581721068
0,67.82,2.65,2,0,1,0,0,0.2237951106292611
8,108.68,11.15,2,0,1,0,0,0.2651351987542119
1,72.54,20.57,1,0,1,0,0,0.16611273249611366
4,172.29,1.12,1,0,0,0,0,0.3878149232105961
7,35.18,24.94,2,0,1,0,0,0.2690653799410212
5,228.08,58.5,1,0,1,0,0,0.4260911731629362
13,230.81,18.75,2,0,1,0,0,0.3851152958153748
19,243.16,11.57,1,0,0,0,0,0.45740778946670363
1,81.18,85.94,1,0,1,0,0,0.4417846128692408
2,17.62,8.59,1,0,1,0,0,0.11100512630085091
6,11.21,47.04,1,0,0,0,0,0.46404754259452385
22,125.57,23.62,3,0,1,0,0,0.4653329740306223
22,61.02,34.14,1,0,0,0,0,0.39364899701156125
23,97.74,24.85,1,0,1,0,0,0.15200784861409813
1,365.35,60.54,1,0,1,0,1,0.5779561990623004
5,47.92,45.8,1,0,1,0,0,0.2246239669667474
8,12.29,25.46,1,0,1,0,0,0.13802873919557043
12,60.93,20.95,2,1,1,0,1,0.6772693912849076
20,39.13,11.17,1,1,1,0,0,0.4034464534928818
2,164.34,20.94,2,0,1,0,0,0.370732414382248
10,32.98,40.24,3,0,1,0,1,0.5029674050158289
17,40.74,40.61,3,0,1,0,0,0.48922402177169144
8,213.03,27.74,2,0,1,0,0,0.4294518116731104
7,56.93,40.3,1,0,0,0,0,0.46912996298727855
0,60.05,12.82,3,0,1,0,0,0.42072901778448607
10,36.59,42.1,1,0,0,0,0,0.44951558441310985
3,193.89,34.7,1,0,1,0,0,0.2909245893218189
22,197.27,3.81,1,0,1,0,0,0.14629173627649333
1,41.19,72.91,1,0,1,0,0,0.34226601556157077
0,42.13,35.09,3,1,0,0,1,0.9562164645519224
7,45.45,61.63,2,0,1,0,0,0.44901416942940425
1,141.08,32.75,1,0,1,0,0,0.24899357791416515
23,72.84,25.04,1,0,1,0,0,0.14076775089439547
7,34.13,23.52,1,0,1,0,0,0.14476737956441196
22,107.99,31.59,1,0,0,0,0,0.4237478523861072
17,114.23,51.84,3,0,1,0,1,0.6143008245592809
11,27.34,0.21,2,0,0,0,0,0.4085150721683094
3,234.45,15.26,1,1,1,0,1,0.6576532333717876
23,262.22,45.7,1,0,1,0,0,0.33871160581640286
20,84.63,39.17,1,0,1,0,0,0.1924841093619677
22,49.63,40.61,1,0,1,0,0,0.17328539922885935
5,40.82,66.06,1,0,0,0,1,0.5920948217011761
9,333.54,56.85,1,0,1,0,1,0.5033505068052488
7,78.63,14.25,3,0,1,0,0,0.4225982887907995
2,110.63,44.53,1,0,1,0,0,0.2710657109015207
4,284.02,12.28,2,0,1,0,0,0.42986055366670595
8,88.67,14.96,1,0,1,0,0,0.14678250970053563
4,156.12,13.0,1,0,0,0,0,0.4322433977699141
5,97.61,27.02,1,0,0,0,0,0.44581230903062097
11,107.6,5.78,1,0,1,0,0,0.12817455353248983
22,92.01,26.46,3,0,1,0,0,0.44844979966025833
13,71.57,67.41,1,0,1,0,0,0.30800614268481463
22,73.0,2.7,1,1,0,0,1,0.6806400187009893
6,332.71,24.31,1,0,1,0,0,0.3495925347348955
23,70.14,38.68,2,0,1,0,0,0.31122350819348565
3,86.66,13.85,1,0,1,0,0,0.15124195102773236
22,99.73,43.87,1,0,1,0,0,0.21308820128898331
6,48.13,8.93,4,0,1,0,1,0.5547856902891767
9,27.46,24.91,1,0,0,0,0,0.35936318312514454
8,36.76,24.47,1,0,1,0,0,0.14680578296312827
4,9.18,43.38,1,0,1,0,0,0.19438631817916632
1,45.88,51.89,1,0,0,0,1,0.5379874227566527
11,224.38,5.16,1,0,0,0,0,0.43322890985968243
22,126.97,39.47,1,0,1,0,0,0.21511874956397048
1,57.76,93.21,1,0,1,0,0,0.45699433222572555
20,48.32,101.53,1,0,1,0,0,0.428989141545648
17,19.4,10.29,2,0,1,0,0,0.18362491182752272
10,103.37,32.58,1,0,1,0,0,0.20297231132267138
0,186.51,30.92,1,0,1,0,0,0.2774305976014684
10,55.46,27.14,1,0,0,0,0,0.39180993240991735
15,34.98,77.91,1,0,1,0,0,0.31922276283108103
4,74.3,23.67,3,0,1,0,0,0.476273463022322
5,57.34,24.73,1,0,1,0,0,0.1628007117683868
14,49.19,15.35,1,0,1,0,0,0.12135515053046704
21,38.73,31.36,1,0,1,0,0,0.14416799777013453
17,116.64,12.16,3,0,1,1,0,0.4150623067731116
6,204.3,41.22,2,0,1,0,0,0.49674703493769784
1,197.2,20.86,1,0,0,0,1,0.520873581077086
9,207.49,32.34,2,0,1,0,0,0.4444000310812656
3,47.6,18.31,1,0,1,0,0,0.14426601189686292
15,184.34,51.98,1,0,1,0,0,0.3255560212531113
15,131.51,77.13,5,0,1,1,1,0.9285912467664619
16,36.27,41.78,2,0,1,0,0,0.3172597272820721
12,401.92,17.29,2,1,1,0,1,0.8756415475112084
5,86.43,40.95,2,0,1,0,0,0.3893689331330859
7,499.54,13.04,1,0,1,0,0,0.4410219615796163
18,144.61,22.52,1,1,1,0,1,0.5663009269370787
20,130.04,21.14,1,0,1,0,0,0.16325588203568667
16,44.45,41.66,1,1,0,0,1,0.822086450288895
8,33.01,45.39,1,0,0,0,0,0.4695149583979424
20,57.51,26.56,1,0,1,0,0,0.1423326514996533
17,49.57,32.87,2,0,1,0,0,0.2863969755517972
10,177.91,19.77,1,0,1,0,0,0.20576279381352866
7,285.29,80.43,2,0,1,0,1,0.7478547867464885
21,62.58,4.33,1,0,1,0,0,0.09551394178661066
6,14.69,9.0,1,0,1,0,0,0.10568327676211768
22,37.97,48.35,4,0,1,0,1,0.6865329219216667
7,158.37,41.18,2,0,1,0,0,0.45012323878712673
16,189.39,62.72,1,1,1,0,1,0.7841819236316957
18,45.03,25.51,1,0,0,0,0,0.35032226708090763
7,277.28,3.38,1,0,1,0,0,0.21853072868524898
13,64.62,32.64,1,0,0,0,0,0.4179455266411192
15,600.11,2.92,3,0,0,0,1,0.9266910452135804
15,18.04,28.5,1,0,1,0,0,0.13713337734761158
22,132.65,39.15,1,0,1,0,0,0.2176327663424817
18,523.7,24.32,1,0,1,0,0,0.48554215604665163
2,19.6,17.47,1,0,1,0,0,0.13123548520612835
1,102.45,3.06,1,0,1,0,0,0.13453744741698226
4,638.71,32.38,1,0,0,1,1,0.8750721825699144
11,153.38,1.6,3,0,0,0,1,0.7063071639730403
13,143.77,30.94,1,0,1,0,0,0.21608542235143052
10,37.64,7.89,1,0,1,0,0,0.10674480936675715
2,144.13,37.08,1,0,1,0,0,0.26573101492170065
14,28.3,17.27,3,0,1,0,0,0.3701520076676408
12,218.33,6.78,1,0,0,0,0,0.4326003071014447
23,28.13,19.63,1,0,1,0,0,0.11016953458446672
4,16.21,3.44,1,0,0,0,0,0.26946932238945925
9,36.59,70.23,5,0,1,1,1,0.8950932450271755
9,47.02,78.62,1,0,0,0,1,0.6461849780037895
16,56.29,6.83,1,0,1,0,0,0.1038943776051375
6,78.53,10.75,1,0,0,0,0,0.345716402611512
3,51.13,7.78,1,0,1,0,0,0.12089784634881452
15,42.94,18.82,1,0,0,0,0,0.3265176988062587
5,193.71,78.46,1,0,1,0,0,0.49595870976200374
10,161.2,25.1,2,0,1,0,0,0.3635022833706841
5,1077.4,26.34,1,0,0,0,1,0.9696280609129928
16,5.18,45.79,2,0,1,0,0,0.3098081121241913
4,35.96,55.8,1,0,1,0,0,0.25638300663256214
18,51.39,10.16,1,1,0,1,1,0.7071175390318142
1,37.38,3.66,1,0,0,0,0,0.2945110778869167
20,194.21,42.23,3,1,1,0,1,0.91060231929392
22,112.24,18.13,3,0,1,0,0,0.4249999915289631
11,229.51,8.51,1,0,1,0,0,0.19762650542228247
22,40.09,1.79,1,0,1,0,0,0.08329711756443171
7,152.89,1.56,1,0,1,0,0,0.14419789877696193
11,102.4,9.49,1,0,1,0,0,0.1346607081476693
19,71.3,20.38,1,0,1,0,0,0.13490636856476837
1,268.43,32.25,1,0,1,0,0,0.34659872967293953
4,57.08,34.14,1,0,1,0,0,0.1928647632008714
21,110.07,12.52,3,0,1,0,0,0.3982091902532382
4,168.67,41.19,1,0,1,0,0,0.29621068226339337
21,33.25,32.6,1,0,1,0,0,0.14477158180407473
7,46.3,85.49,1,0,1,0,0,0.3885337871084402
7,30.55,5.79,1,1,0,0,1,0.7020661398115176
10,103.25,49.99,1,0,1,0,0,0.26706880633745445
17,34.13,52.12,1,0,0,0,0,0.4756902901734829
12,222.54,62.55,1,0,0,0,1,0.709663070193551
13,80.82,34.54,1,0,1,0,0,0.18971728409806168
10,106.53,38.32,5,0,0,0,1,0.9506343746712722
14,110.92,23.65,1,0,1,0,0,0.17138501663976682
14,18.13,76.34,1,1,1,0,1,0.7213621697548701
23,56.29,17.96,1,0,1,0,0,0.11740648803061243
8,284.65,10.13,1,0,1,0,0,0.24591892140281205
8,96.34,54.23,1,0,1,0,0,0.2845520315309165
7,37.2,36.12,1,0,0,0,0,0.42943146767815815
21,260.31,12.81,3,0,1,0,1,0.5398234669737468
6,127.11,61.29,1,1,1,0,1,0.7608071387720703
21,95.63,7.9,1,0,1,0,0,0.11406278476439473
8,97.92,70.07,1,0,1,0,0,0.3567136465806841
10,326.74,3.61,1,0,1,0,0,0.24557423558966615
19,86.22,14.68,1,0,1,0,0,0.12792441045768976
6,135.78,33.03,1,0,0,0,1,0.5092619745780833
16,58.99,41.71,1,0,1,0,0,0.19375219807276356
22,348.93,9.98,2,0,1,0,0,0.4203700457883373
3,35.06,21.22,1,0,0,0,0,0.3666177564952567
23,35.8,26.11,1,0,0,0,0,0.33055208068692626
0,38.75,36.24,1,0,1,0,0,0.1970456595399999
12,31.04,15.67,3,0,1,0,0,0.370994956920571
2,24.95,20.39,1,0,0,0,0,0.35689665550210625
10,93.88,15.63,2,0,1,0,0,0.2671363984137912
23,14.52,46.26,1,1,1,0,1,0.5497621148626886
9,122.78,9.65,4,0,0,0,1,0.8452588504235565
2,108.12,26.2,1,0,1,0,0,0.20159242227877996
9,134.19,79.51,1,0,1,0,0,0.43254122057049954
23,81.12,30.7,2,0,0,0,1,0.575287022003218
0,93.24,15.84,1,0,0,0,0,0.40159467040917124
11,62.84,5.11,1,0,0,0,0,0.293400924821307
8,39.52,39.15,4,0,1,0,1,0.6865372741096801
7,30.73,61.59,3,0,0,0,1,0.8459970390548385
18,832.96,23.86,1,1,1,0,1,0.9473652748366724
23,225.23,9.19,1,0,1,0,0,0.1735298277507473
11,592.62,31.34,1,0,1,1,1,0.6079203418761264
13,42.8,19.77,1,0,1,0,0,0.13015818101307455
14,203.13,15.75,1,0,1,0,0,0.19926811421722374
8,42.4,75.59,1,0,0,1,1,0.630783739726429
1,30.13,21.82,1,0,1,0,0,0.14834846343188185
22,105.9,21.44,2,0,1,0,0,0.2686178375311519
2,233.47,31.14,1,0,1,0,0,0.3096275570679491
12,189.45,29.45,1,0,1,0,0,0.24343592918121912
23,47.24,59.7,2,0,0,1,1,0.684217266131369
23,437.49,64.57,1,0,0,0,1,0.8322460090884404
14,63.39,0.18,1,0,1,0,0,0.0963303465898259
5,85.43,24.93,1,0,1,0,0,0.17836259817042538
11,66.44,47.43,1,0,1,0,0,0.22895233536557671
19,201.76,6.22,3,0,1,0,0,0.4574259115180216
15,139.11,71.1,1,1,0,1,1,0.9246489994450668
11,130.49,17.77,1,0,1,0,0,0.17025471770283496
13,50.72,51.87,1,0,1,0,0,0.23000488400271324
12,45.03,33.93,2,0,0,0,1,0.5934558206760321
4,67.96,11.96,1,0,1,0,0,0.13616879707864332
10,80.57,48.34,1,0,0,0,1,0.5229347474046664
5,13.11,41.41,2,0,1,0,0,0.3280553036771846
5,56.54,26.24,1,0,1,0,0,0.16666647673093973
1,166.39,31.45,1,0,0,0,1,0.5462560074171156
13,48.91,18.96,1,0,1,0,0,0.1308790755237733
17,116.22,44.3,1,0,0,0,1,0.5127812346580652
6,63.59,39.57,1,0,1,0,0,0.21059937723354505
6,132.67,13.36,4,0,1,0,1,0.6525176243729665
14,62.5,52.37,1,0,1,0,0,0.23745554714091913
8,245.24,19.63,1,0,1,0,0,0.2547612329862406
5,63.39,6.76,1,0,0,0,0,0.31775527974469214
2,76.29,31.38,4,0,0,0,1,0.8871718283407131
7,24.49,2.08,1,0,1,0,0,0.09497373649767558
16,124.0,15.2,1,0,1,0,0,0.1509880110244143
20,60.22,39.73,2,0,1,0,0,0.3163041628063549
6,9.3,16.85,1,0,1,0,0,0.11981388915407892
11,133.07,27.74,1,0,1,0,0,0.20283561794096897
2,126.84,0.28,1,0,1,0,0,0.13706946638468884
11,53.93,39.45,1,1,1,0,1,0.5903724623205965
18,240.84,15.01,1,0,1,0,0,0.21141688327932776
9,136.98,24.19,3,0,0,0,1,0.7870735408641532
17,74.61,10.94,1,0,1,0,0,0.11773733472325848
15,126.71,52.02,2,0,0,0,1,0.7349082485296984
6,249.29,69.15,1,0,1,0,0,0.497121502899921
0,25.58,25.79,4,0,0,0,1,0.8559438941783677
18,91.25,23.31,2,1,1,0,1,0.6953977265031326
22,290.65,12.42,1,0,0,0,0,0.49661365805437613
3,94.68,43.71,3,0,0,0,1,0.8360050932442802
22,63.98,48.44,1,0,1,0,0,0.2063501131160557
19,36.24,9.25,1,0,1,0,0,0.09798597719408249
12,72.5,24.63,1,0,1,0,0,0.157852679952767
5,183.13,16.02,1,0,1,0,0,0.20707966084031143
8,280.42,16.92,5,0,1,0,1,0.878476826275977
12,109.05,58.87,2,1,1,0,1,0.8460630490555354
16,262.94,50.05,1,0,0,0,1,0.6761317715067127
2,96.61,70.53,1,0,1,0,0,0.37604390215640265
17,33.11,38.61,1,0,0,0,0,0.4062400213901158
2,108.04,20.72,1,0,0,0,0,0.4332242000763704
4,258.28,27.48,2,0,0,0,1,0.7603459567156365
5,468.33,76.23,2,0,1,0,1,0.8477675251355691
9,77.88,7.13,1,0,0,0,0,0.31987755798252837
22,124.76,20.06,1,0,1,0,0,0.1541243224711073
19,12.53,36.1,1,0,1,0,0,0.14729368853278052
14,16.54,41.8,1,0,1,0,0,0.17396298330752252
14,44.03,69.2,1,0,1,0,0,0.29120089964467105
10,132.92,78.0,1,0,0,1,1,0.7110236676427418
2,14.84,10.64,1,0,1,0,0,0.1141777797914411
17,128.83,3.23,1,1,1,0,0,0.45584661727270714
5,119.05,36.19,1,0,1,0,0,0.23709299728679867
13,136.09,27.6,1,0,0,0,0,0.4587115345155125
1,95.44,57.98,2,0,1,0,0,0.4968517106739361
22,158.27,9.08,1,0,1,0,0,0.14154968137401167
21,13.58,50.14,1,0,1,0,0,0.1840739849441009
13,217.9,26.31,1,0,1,0,0,0.24890427005925064
15,245.73,16.88,1,0,1,0,0,0.2279256181569151
9,84.74,52.99,1,0,1,0,0,0.2680746871767325
14,43.84,37.68,1,0,1,0,0,0.17657398878579703
3,35.19,14.51,1,0,0,0,0,0.33525295512260717
16,28.3,64.34,1,0,0,0,1,0.5363385848787267
11,70.01,15.13,3,0,0,0,1,0.6988630147725566
20,47.4,60.97,3,0,1,0,1,0.5895593472268633
12,43.92,20.58,3,0,1,0,0,0.4065590348473727
5,43.44,2.8,2,0,1,0,0,0.1981085822044345
12,18.56,0.55,1,0,1,0,0,0.08518686146451676
2,26.92,3.73,1,0,1,0,0,0.10474486007046106
19,83.89,7.21,1,0,1,0,0,0.11084485406647973
19,70.98,15.65,1,0,1,0,0,0.12380037656869083
18,43.54,47.13,1,0,1,0,0,0.19803080165750203
2,96.43,18.17,1,0,1,0,0,0.16995979700100305
9,84.18,27.29,3,0,1,0,0,0.4878150371183179
8,45.1,23.84,1,0,0,0,0,0.3727288706430574
11,60.79,6.13,1,0,1,0,0,0.11041435070472744
18,108.15,10.57,1,0,0,0,0,0.3346080202103716
19,260.27,1.61,2,0,1,0,0,0.3124478733077762
13,66.14,50.61,1,0,1,0,0,0.23575538150555267
15,96.12,16.11,2,0,1,0,0,0.25798213114350493
23,16.38,32.41,1,0,1,0,0,0.13354229135230708
18,29.17,16.49,2,0,1,0,0,0.2074263359070039
23,264.03,2.64,3,0,0,0,1,0.7611039580803337
11,94.6,68.21,1,0,1,0,0,0.336289410433755
11,87.65,0.01,1,0,1,0,0,0.10800134240969757
8,92.49,38.69,1,0,1,0,0,0.2215410815689967
11,108.89,92.24,3,0,1,0,1,0.795183925004314
23,34.27,47.77,1,1,0,0,1,0.8214470556834352
10,73.41,16.79,1,0,1,0,0,0.14110369442684625
20,79.13,12.05,1,0,1,0,0,0.1177939340993566
19,332.24,11.72,1,0,0,0,1,0.5419632609089846
8,54.4,24.77,1,0,1,0,0,0.1561482605501713
23,83.1,6.6,1,0,1,0,0,0.10431395770623554
7,40.35,0.42,1,0,1,0,0,0.09719778024580357
7,220.6,4.73,1,0,1,0,0,0.18843887358187403
11,36.05,40.18,1,0,1,0,0,0.18569527722772244
8,67.86,1.4,1,0,1,0,0,0.10736526549894058
11,45.82,5.33,1,0,1,0,0,0.10345102064136338
5,61.08,58.27,2,0,1,0,0,0.45296603079916603
10,96.95,7.11,1,0,1,0,0,0.12821531610267062
1,46.62,71.58,1,0,0,0,1,0.6366235740360712
14,93.04,76.27,1,0,0,0,1,0.6596695407719502
18,133.03,6.84,1,0,0,0,0,0.3383974806384901
15,78.27,33.94,1,0,0,0,0,0.43065043796417835
2,114.91,17.97,1,0,1,0,0,0.1794113285372252
11,137.09,35.85,5,0,1,1,1,0.8567099215218636
3,22.21,28.7,1,0,0,0,0,0.3914808374575133
21,131.88,18.74,5,0,1,0,1,0.7832646439101494
7,54.1,50.21,1,0,1,0,0,0.24030722056098094
1,91.41,49.08,1,0,1,0,0,0.27791449967959253
1,185.31,69.15,2,0,1,0,1,0.6356378514501936
17,79.04,45.27,1,0,0,0,0,0.4827339643656532
11,206.56,31.7,1,0,1,0,0,0.266994883105599
8,71.37,28.55,1,0,1,0,0,0.17576792834969157
0,69.46,21.87,1,0,1,0,0,0.17006921870270372
22,72.98,16.2,2,0,0,0,0,0.49677865621306744
2,67.95,21.02,1,0,1,0,0,0.1632020685745075
15,173.43,35.0,5,0,0,1,1,0.9558978385631397
14,75.3,0.23,1,0,1,0,0,0.100404794378233
20,38.0,5.26,1,0,1,0,0,0.09042102744034518
1,275.2,38.01,2,0,1,0,1,0.5631232884166343
15,29.01,8.54,2,0,1,0,0,0.18762036393548853
14,39.34,0.07,1,0,1,0,0,0.08853582812829766
5,243.69,36.6,1,0,0,0,1,0.629643535743024
8,32.29,2.28,1,0,0,0,0,0.2663788534189571
10,75.73,65.28,1,0,1,0,0,0.31039257679379645
16,55.12,43.28,1,0,1,0,0,0.1965407814129027
20,40.35,10.57,1,0,1,0,0,0.1006311012938314
7,162.91,14.14,1,0,1,0,0,0.1848453431496823
6,160.84,10.73,1,0,0,0,0,0.4187456996408628
18,51.22,102.0,3,0,0,0,1,0.9219459444886379
2,189.36,20.42,2,0,1,0,0,0.3904468338481129
19,37.48,5.36,1,0,1,0,0,0.09151450469319464
15,25.51,4.8,1,0,0,0,0,0.25377347265377326
10,3.55,2.8,1,1,1,0,0,0.36203899390135436
11,139.22,2.52,1,0,0,0,0,0.34428799703735335
1,36.5,4.97,1,0,1,0,0,0.11196955353665636
19,385.34,69.37,1,0,0,0,1,0.8258302442035679
20,47.29,77.36,2,0,1,0,0,0.4889473105708755
7,35.8,29.03,1,0,1,0,0,0.1602437230854921
10,34.67,33.39,4,0,0,0,1,0.863142152936636
5,47.6,13.02,2,0,0,0,1,0.5122445135300716
14,42.79,15.42,1,0,0,0,0,0.31400209170129456
13,35.24,56.22,1,0,1,0,0,0.23558626966386473
13,31.5,8.63,1,0,0,0,0,0.27871722633140233
6,119.29,56.3,2,0,1,0,0,0.4942787650342897
15,132.36,30.13,1,0,0,0,0,0.46164650498261245
2,19.83,24.82,3,0,1,0,0,0.43771209732240923
6,45.17,69.2,1,0,0,0,1,0.6084046971903408
11,18.04,46.46,1,0,1,0,0,0.19517155183389043
14,131.96,50.15,1,0,1,0,0,0.27878964866245415
21,80.46,25.84,1,0,1,0,0,0.14963595168744703
6,121.94,11.36,1,0,1,0,0,0.1567617610955635
14,263.74,14.35,2,0,1,0,0,0.3899576858642353
19,163.83,42.88,1,0,0,0,1,0.5436826863639911
2,133.1,3.0,1,0,1,0,0,0.1467660660275077
16,43.87,4.97,1,0,1,0,0,0.09622886625902928
4,37.1,29.48,1,1,0,0,1,0.8036640390021418
14,54.65,38.61,1,0,0,0,0,0.4356276321985938
17,30.54,6.88,1,0,1,0,0,0.09415835902260958
21,34.43,13.95,1,1,1,0,0,0.40982395335242744
16,67.53,19.9,1,0,1,0,0,0.13669779550602965
22,163.25,20.91,1,0,1,0,0,0.176543361316903
8,62.56,1.09,2,0,1,0,0,0.19771165956491155
6,13.15,19.29,1,0,1,0,0,0.12681709444288358
8,155.6,9.74,1,0,1,0,0,0.1658664482962301
5,158.94,15.38,1,0,0,0,0,0.4437012105187471
1,46.54,41.09,1,0,1,0,0,0.2160769792647328
1,87.6,10.55,1,0,1,0,0,0.14640308165128985
5,34.2,36.36,1,0,1,0,0,0.18464787259840773
11,27.15,8.13,1,0,1,0,0,0.10227757798919408
5,41.08,0.46,1,0,0,0,0,0.2732784348425284
13,69.15,15.57,1,0,1,0,0,0.13161792399454988
11,11.25,12.43,1,1,1,0,0,0.412851898161778
16,27.66,36.42,1,0,1,0,0,0.16070899710009315
22,129.36,4.68,1,0,0,0,0,0.3140426488475155
4,23.64,10.08,1,0,1,0,0,0.11371335193192389
9,120.14,50.86,1,0,1,0,0,0.28601875033466656
15,136.42,22.41,1,0,1,0,0,0.17970452652586907
16,20.81,77.78,1,0,0,0,1,0.597315250079916
4,33.9,7.29,1,0,1,0,0,0.11183293223425447
10,55.05,25.95,1,0,1,0,0,0.1562163371181865
4,13.76,17.95,1,0,1,0,0,0.126921049225749
7,85.98,30.83,1,0,1,0,0,0.19308508689405487
18,129.6,3.7,1,0,1,0,0,0.12250110346351585
4,21.35,60.38,1,0,0,0,1,0.5486694070297596
5,89.56,43.41,1,0,0,0,1,0.5224215503061036
6,135.76,44.13,3,0,0,0,1,0.8523311594135854
15,212.65,11.09,3,0,1,0,1,0.5057997441314204
1,53.45,28.17,1,0,1,0,0,0.1781650884005932
10,80.42,14.71,1,0,1,0,0,0.13912523708582178
19,510.14,4.31,1,0,1,0,0,0.36948928268369113
1,108.32,11.4,1,0,1,0,0,0.15876556782718193
13,52.0,21.16,1,0,1,0,0,0.13749834961803228
14,125.42,16.67,1,0,1,0,0,0.15909453303931653
1,93.49,4.56,1,0,1,0,0,0.1342020872262842
22,180.44,37.46,1,0,1,0,0,0.24340339545988676
14,65.91,38.27,1,1,1,0,1,0.5858896074848193
9,79.12,8.0,1,0,0,0,0,0.3248147255486885
13,300.29,0.16,1,0,1,0,0,0.20873541679450003
3,265.29,20.74,1,0,1,0,0,0.28714860937424475
16,22.11,14.95,1,0,1,0,0,0.10752507927732179
22,115.59,38.55,1,0,1,0,0,0.20485614194306284
23,59.43,75.65,4,0,0,1,1,0.9330898664882246
1,62.98,27.11,1,0,1,0,0,0.1802388515779894
11,161.97,47.37,1,0,1,0,0,0.2983416352985827
2,132.09,11.35,2,0,1,0,0,0.2997902970744546
20,248.6,39.75,1,0,1,0,0,0.30924947000843095
5,198.82,16.72,1,0,1,0,0,0.21942413118993895
16,36.72,20.64,4,0,1,0,1,0.5712702758426009
2,68.11,20.65,1,0,1,0,0,0.1622455885166543
7,57.07,30.08,1,0,1,0,0,0.17442764262841964
14,1014.25,0.53,2,0,1,0,1,0.8907180675594484
3,116.01,39.32,1,0,1,0,0,0.25172987705262073
0,86.39,1.84,1,0,0,0,0,0.328909142064189
23,264.62,26.32,1,0,1,0,0,0.25744169561633334
17,50.2,17.51,1,0,1,0,0,0.12231192022914567
16,86.85,33.8,2,0,1,0,0,0.3229887955704103
3,109.92,74.28,1,0,0,0,1,0.6961100673898271
0,27.2,21.84,1,0,1,0,0,0.1486628870294264
8,66.93,5.24,1,0,1,0,0,0.11483008096432508
14,126.75,42.13,1,0,1,0,0,0.24317132922421578
7,73.45,72.39,1,0,1,0,0,0.34955140574654464
20,101.42,18.17,1,1,1,0,0,0.49700428323085827
5,77.24,34.51,1,0,1,0,0,0.20408197154628152
22,97.07,19.38,1,0,0,0,0,0.3543045141664902
5,24.97,69.99,1,0,0,0,1,0.5972054048217905
15,48.0,17.06,1,0,1,0,0,0.12324673101404075
15,154.74,16.63,2,0,1,0,0,0.3047670425881333
14,640.76,31.42,1,0,1,0,1,0.6416198513459164
1,32.58,36.54,2,0,0,0,1,0.6293575667144536
0,76.81,34.28,1,0,1,0,0,0.2138765935920194
15,122.55,29.61,1,0,1,0,0,0.19430063010822757
1,124.25,55.75,2,0,1,0,1,0.5125242170291372
16,66.01,0.96,1,0,0,0,0,0.26539796232818424
14,61.87,9.79,1,1,1,0,0,0.4365791237690322
13,37.99,9.47,1,0,1,0,0,0.1062217941461048
20,108.05,14.9,1,0,1,0,0,0.13637834811518573
16,37.81,41.87,2,0,0,0,1,0.6135232277791624
13,170.11,41.99,1,0,0,0,1,0.5644561418921163
1,141.46,71.37,1,0,1,0,0,0.4238953815665014
13,85.09,16.07,1,0,1,0,0,0.1398768824508825
15,36.28,44.99,1,0,1,0,0,0.19298211257685757
11,38.58,55.61,1,0,1,0,0,0.24035089287583788
11,17.57,27.43,1,1,1,0,0,0.49517907044381293
0,16.53,0.3,1,0,1,0,0,0.09715966924756109
5,37.21,5.88,1,0,0,0,0,0.2929768750940555
18,180.47,16.57,1,0,1,0,0,0.18065271081678463
3,122.4,0.22,2,0,1,0,0,0.24466089289490475
18,41.24,22.96,1,0,1,0,0,0.12950576468781783
14,42.28,9.17,1,0,1,0,0,0.10592529136205844
13,256.26,0.75,1,0,1,0,0,0.18445436937737775
11,193.19,59.17,2,0,1,0,1,0.5620097310968217
0,167.74,22.01,1,0,1,0,0,0.22941524492586793
16,68.38,15.03,1,0,0,0,0,0.32755743647649876
3,269.75,13.69,1,0,1,0,0,0.261590900251618
4,20.55,52.0,1,0,0,0,1,0.5049028619610911
11,242.44,0.01,1,0,1,0,0,0.17834908788051007
0,72.84,0.6,1,0,1,0,0,0.1180891776346631
12,60.07,10.49,4,0,1,1,1,0.5543971331215503
23,127.17,32.59,2,0,1,0,0,0.3307456028242189
22,38.46,44.94,2,0,1,0,0,0.3160966144589299
7,68.65,86.42,1,0,0,0,1,0.704922047957913
3,56.55,1.97,2,0,1,0,0,0.20758065127008643
2,2.46,34.16,1,0,1,0,0,0.1664739559363675
17,24.65,56.32,1,0,0,0,0,0.48837027800172395
8,228.96,15.02,4,0,0,0,1,0.9022156549215145
18,19.74,19.71,1,0,0,0,0,0.3031158272387853
15,71.11,57.05,1,0,0,0,1,0.5423913678565325
11,218.96,10.41,1,0,0,0,0,0.45488431440647187
4,135.22,29.47,2,0,1,0,0,0.380038518212519
21,63.85,42.77,1,0,1,0,0,0.18980732619063134
16,48.1,24.73,4,0,1,0,1,0.6021005899224393
6,44.12,9.1,1,0,1,0,0,0.11685395632306574
6,96.58,39.3,2,0,0,0,1,0.6818026622157876
7,95.94,32.03,1,0,1,0,0,0.202975476954857
4,103.25,11.64,1,0,1,0,0,0.15174381595252842
14,25.93,2.23,1,0,1,0,0,0.08804753004204482
23,47.35,16.31,1,1,0,0,1,0.7165247132473633
17,115.37,8.1,1,0,0,0,0,0.33226519593222104
23,41.19,53.41,2,0,1,0,0,0.35432629290895035
6,120.09,66.2,1,0,0,1,1,0.6595608230686748
1,397.81,9.37,1,0,1,0,0,0.3503418840989477
5,22.72,14.76,1,0,0,0,0,0.3202451321059817
2,37.95,40.04,1,0,1,0,0,0.20491888481939446
4,19.52,62.71,1,0,0,0,1,0.5588271529445662
17,57.56,69.89,1,0,1,0,0,0.296569151025734
20,101.8,46.98,1,0,0,0,1,0.503150735565037
5,140.79,62.88,1,0,1,0,0,0.36894179465448723
22,43.72,14.66,1,0,1,0,0,0.10721610203081985
18,81.19,21.95,1,0,1,0,0,0.14486142484306933
6,180.27,28.68,4,0,1,0,1,0.7549700747129524
21,18.65,10.53,1,0,1,0,0,0.09228776438581646
16,65.01,23.09,1,0,1,0,0,0.14346957343365885
16,518.6,12.93,1,0,1,0,0,0.4291011308740473
2,29.25,66.89,1,0,0,0,1,0.5951924802140691
4,38.88,31.44,1,1,1,0,1,0.5586226289245444
19,94.77,25.19,1,0,1,0,0,0.15833917010148132
5,467.59,11.99,1,0,1,1,0,0.41268108834039036
19,69.47,36.64,1,0,1,0,0,0.17797516804444666
3,169.52,46.14,1,0,1,0,0,0.3214567030154738
14,105.75,36.05,1,0,1,0,0,0.20753593533747475
9,42.39,38.46,1,0,1,0,0,0.187931096672876
23,67.0,35.38,1,0,1,0,0,0.16549471704435179
3,121.27,42.39,1,0,1,0,0,0.2677017226725709
17,34.52,43.14,1,0,1,0,0,0.18216428888927025
1,47.82,25.4,1,0,0,0,0,0.40461847447514515
12,13.61,53.01,1,0,1,0,0,0.21221581325543404
22,40.04,21.02,1,0,1,0,0,0.11895843311674302
8,105.43,29.8,5,0,0,0,1,0.9429143927616859
20,38.23,7.17,1,0,1,0,0,0.09378405940072765
0,187.47,53.49,1,0,1,0,0,0.38022921843314283
11,8.16,7.63,1,0,1,0,0,0.09499739452900145
13,15.16,6.46,2,0,1,0,0,0.1773525599537567
11,83.4,0.54,1,0,1,0,0,0.10751030914005717
12,47.54,3.54,1,0,1,0,0,0.09948368915918288
4,14.14,17.15,1,0,1,0,0,0.12526259867255296
7,142.43,3.51,1,0,1,0,0,0.14428825856271846
22,18.58,36.23,1,0,1,0,0,0.14555917742533064
16,325.74,75.47,1,0,0,0,1,0.8170749595982982
19,44.54,27.0,1,0,1,0,0,0.13910158305561468
8,180.07,12.99,1,0,1,0,0,0.18908546235039905
11,11.71,47.09,1,0,1,0,0,0.19346648517298717
16,65.42,40.16,1,0,1,0,0,0.19255403132879387
20,114.09,64.87,1,0,0,0,1,0.6052929246963696
5,53.95,60.17,1,1,1,0,1,0.7050064992952766
2,113.74,67.73,1,0,1,0,0,0.37766616600635466
21,82.09,42.85,1,0,1,0,0,0.20087620299731115
16,84.33,19.53,1,0,1,0,0,0.14340906934932648
0,72.91,11.64,2,0,1,0,0,0.2612939113507028
1,82.29,19.34,1,0,1,0,0,0.16770146191437824
22,252.6,35.77,1,0,0,0,1,0.5803177084528064
12,64.26,76.13,1,0,1,0,0,0.3442913326387152
5,69.39,11.29,1,0,1,0,0,0.13365533309643468
15,130.95,29.36,1,0,1,0,0,0.1984871021452736
2,112.82,38.62,1,0,1,0,0,0.24922745249220093
7,66.01,32.34,2,0,1,0,0,0.32505686128620004
0,70.96,32.42,1,0,0,0,0,0.4647528298967182
6,93.92,9.68,1,0,1,0,0,0.13909728937996826
1,179.34,13.42,1,0,1,0,0,0.20456753410665526
4,57.3,21.5,1,0,0,0,0,0.38456013510322673
13,67.81,16.11,3,0,1,0,0,0.4029133123115446
16,108.18,16.87,1,0,1,0,0,0.14777951056664385
18,85.53,26.74,1,0,1,0,0,0.15970528166237524
20,204.92,32.97,1,0,1,0,0,0.24823328110744572
12,17.83,64.56,1,0,0,0,1,0.5406987078883029
2,87.58,2.95,2,0,1,0,0,0.23339614749275117
17,12.14,36.02,1,0,1,0,0,0.15022242131494598
9,23.54,10.97,1,0,1,0,0,0.10899780452708789
18,40.19,0.59,1,0,1,0,0,0.08547182644898703
20,17.49,15.54,1,0,0,0,0,0.27824995033950595
6,62.12,7.1,1,0,1,0,0,0.11963481819095781
19,61.44,31.85,1,0,1,0,0,0.1598820727818351
14,38.18,9.69,2,0,1,0,0,0.19874676316971418
19,324.41,12.71,1,0,1,0,0,0.25697339747046694
7,28.48,0.16,2,0,1,0,0,0.17723122483987508
5,17.57,28.17,1,0,1,0,0,0.15230484559715185
9,56.68,63.26,2,0,0,0,1,0.7438186321726539
23,23.4,51.31,1,0,1,0,0,0.18937240883022158
14,65.13,30.76,1,0,1,0,0,0.16769830166897767
8,435.87,62.1,1,0,0,0,1,0.8508760126780663
4,139.42,10.26,1,1,1,0,1,0.5444638905637359
11,212.49,19.93,1,0,1,0,0,0.2261680361191164
1,21.38,37.29,1,0,1,0,0,0.18818334214716947
19,47.46,72.78,1,0,1,0,0,0.29557081739407
14,61.58,48.09,3,0,0,0,1,0.8099760952946351
23,158.54,38.49,2,0,1,0,0,0.3858136372649655
8,30.68,15.61,1,0,1,0,0,0.12288782727600883
6,26.25,19.01,1,0,0,0,0,0.33964257202825004
19,39.81,18.2,1,0,0,0,0,0.30980035347438845
18,22.48,49.84,2,0,1,0,0,0.33657970488216554
19,30.54,64.2,1,0,1,0,0,0.24804312344111812
2,57.73,53.9,1,0,0,0,1,0.5560690213142451
3,52.08,26.08,1,0,1,0,0,0.16751985791045287
3,129.45,50.32,1,0,1,0,0,0.30744934318055867
20,78.39,27.41,1,0,0,0,0,0.38250854637376036
23,63.81,13.5,1,0,1,0,0,0.11098099179391842
1,33.47,16.0,1,0,1,0,0,0.13529432423879503
18,112.05,79.64,1,1,1,0,1,0.7893348898572435
12,33.69,10.67,1,0,1,0,0,0.1082932079753055
11,35.05,4.07,1,0,1,0,0,0.09743698766660168
13,47.35,6.03,1,0,1,0,0,0.1028907733783861
3,125.74,6.83,1,0,0,0,0,0.37723982305681614
2,67.7,29.28,1,0,1,0,0,0.18765165009556162
3,101.33,26.25,1,0,0,0,0,0.4518512197349323
7,109.47,30.14,1,0,1,0,0,0.20493706118351254
19,89.09,16.91,1,0,1,0,0,0.13439275263729644
9,126.63,36.56,1,0,1,0,0,0.23415966168082109
13,126.92,49.11,1,0,1,0,0,0.27333150995404304
15,103.12,24.03,1,0,1,0,0,0.1665118592434247
14,33.24,22.34,2,0,1,0,0,0.24010085380257556
23,99.04,6.21,1,0,1,0,0,0.10928092372066825
17,165.12,49.08,1,0,0,0,1,0.582741865821088
4,13.01,16.57,1,0,1,0,0,0.1234969649886777
22,6.86,56.37,2,0,1,0,0,0.34176730494310303
19,74.96,31.49,1,0,1,0,0,0.16582136660116936
11,20.42,70.76,2,0,1,0,0,0.4592345700272475
9,44.52,20.51,1,0,1,0,0,0.13879548445819803
19,494.9,16.91,1,0,0,0,1,0.7086041979470395
12,197.42,11.25,1,1,1,0,1,0.5774864530319191
0,111.2,24.62,1,0,0,0,0,0.4625241608516227
15,79.07,7.65,4,0,0,0,1,0.804253634910997
15,46.32,40.51,1,0,1,0,0,0.18464417300966718
19,50.36,30.33,1,0,0,0,0,0.3748813185359376
14,44.55,29.26,1,0,1,0,0,0.15309274685549196
5,62.22,65.8,2,0,0,0,1,0.7670336078230972
23,320.01,31.11,1,0,1,0,0,0.32044584601486836
21,94.92,6.03,1,1,1,0,0,0.425616031679902
1,27.19,14.19,1,0,0,0,0,0.33291365632646513
1,166.97,11.62,1,0,1,0,0,0.1912781754089063
10,504.74,6.23,2,0,1,0,1,0.5857836766687022
1,264.22,4.39,1,0,1,0,0,0.22724276609542768
23,125.36,1.5,1,0,1,0,0,0.10949630550065498
13,244.31,22.35,1,0,1,0,0,0.2522852699849992
8,58.56,8.71,1,0,1,0,0,0.11895188139551106
21,240.88,22.08,1,0,1,0,0,0.22970945297403075
6,46.72,18.97,1,0,1,0,0,0.14071154973656622
2,71.15,50.52,1,0,0,0,1,0.5513655196895688
7,34.63,12.08,1,0,1,0,0,0.11814896867652083
7,67.93,34.75,1,0,1,0,0,0.19507143741156824
10,341.47,0.88,1,0,1,0,0,0.24544447535288322
8,59.09,84.81,1,0,1,0,0,0.3935579497020942
20,84.97,17.5,1,0,1,0,0,0.1324842839260834
14,60.13,33.92,1,0,0,0,0,0.41704985265261735
1,29.3,59.62,1,0,1,0,0,0.2745043546348472
17,97.12,38.72,1,0,1,0,0,0.20476962785877323
22,47.54,30.44,1,0,1,0,0,0.14430922068673557
9,20.74,12.93,1,0,1,0,0,0.11192835134554134
17,170.72,33.5,1,0,1,0,0,0.23384244554543782
23,406.72,41.41,1,0,1,0,0,0.4470758094980821
0,41.2,36.32,1,0,1,0,0,0.1987740087977336
14,17.64,25.7,1,0,0,0,0,0.33972823811919134
17,38.58,33.75,1,0,1,0,0,0.15710620048354593
18,188.0,18.46,1,0,1,0,0,0.19083534237563926
10,61.82,3.87,1,0,1,0,0,0.10754433046005767
2,31.06,58.64,1,0,1,0,0,0.2692232099101405
10,77.18,74.97,1,0,1,0,0,0.35591074933186834
3,40.69,41.97,2,0,0,1,1,0.6560366194187724
0,57.0,38.04,1,0,0,0,0,0.4804921241088596
7,92.98,0.03,1,0,1,0,0,0.1152387478341891
20,62.89,75.85,2,0,1,0,0,0.4958751325527305
9,86.25,84.69,1,0,1,0,0,0.41446170357430995
5,259.51,6.39,2,0,1,0,0,0.37534864428672576
12,39.91,28.8,3,0,1,0,0,0.444242609603797
23,32.02,23.61,1,0,1,0,0,0.12001015641645355
16,244.3,32.88,3,0,1,0,1,0.6407015727931994
12,22.67,57.78,1,0,1,0,0,0.23520165254831985
10,313.88,44.56,1,0,1,0,0,0.4189475487381947
22,144.92,13.99,1,0,0,0,0,0.37033565699670307
9,28.22,4.67,1,0,1,0,0,0.09857323006334502
20,193.9,48.37,1,0,1,0,0,0.3031580227709888
16,20.2,19.66,1,0,1,0,0,0.11645580632194034
15,40.67,32.17,2,0,1,0,0,0.281974814591534
11,25.79,2.37,1,0,0,0,0,0.2544336417090478
12,119.32,8.64,3,0,1,0,0,0.4158392106689471
4,104.12,28.84,1,0,1,0,0,0.20370317016403205
1,12.0,14.29,1,0,1,0,0,0.12226662296289816
18,169.52,72.71,2,0,1,0,1,0.5859325187667097
4,43.48,14.95,1,0,1,0,0,0.13259647024758722
2,114.24,12.61,1,0,1,0,0,0.16337763295334495
11,108.88,57.74,1,0,1,0,0,0.30116600530363297
23,32.46,8.66,1,0,1,0,0,0.09122951359632625
23,136.67,22.47,1,0,0,0,0,0.40124352097392146
23,81.19,3.33,1,0,1,0,0,0.09754852167334177
21,64.82,17.45,1,1,1,0,0,0.4556247242575154
0,5.41,19.71,2,0,0,0,1,0.5233194319797793
9,193.82,34.29,1,0,1,0,0,0.2732184374499099
12,167.63,17.26,3,0,1,0,1,0.5049804367120216
19,138.54,34.5,1,0,1,0,0,0.21186136254076302
6,11.25,55.78,1,0,1,0,0,0.23420799956657756
16,104.22,16.33,1,0,1,0,0,0.14452745881023063
15,98.44,59.39,1,0,1,0,0,0.28912818575709626
21,67.36,18.29,1,0,1,0,0,0.1253814298941968
0,13.16,9.72,1,0,1,0,0,0.11427453571591446
8,46.12,38.86,1,0,0,0,0,0.44838473699122766
1,299.8,56.16,1,0,1,0,0,0.49423443991164856
11,60.78,11.99,1,1,1,0,0,0.4564939577379645
16,25.18,8.16,2,0,1,0,0,0.18228464393026111
0,82.16,1.88,4,0,0,1,1,0.81797993541414
14,267.84,7.74,1,1,1,0,1,0.6176209932938379
22,133.51,23.27,1,0,1,0,0,0.16749667944376423
16,225.06,40.91,3,0,1,0,1,0.6617958415561137
17,79.2,25.89,2,0,0,0,1,0.5685287635788823
8,45.87,16.79,1,0,0,0,0,0.34009149420320045
14,51.87,6.71,1,0,1,0,0,0.10455789235875565
2,36.12,48.19,1,0,1,0,0,0.23240095232206195
5,136.66,33.2,2,0,0,1,1,0.6901145833256401
0,194.3,0.8,1,0,0,0,0,0.41882499382434185
1,130.85,18.7,1,0,1,0,0,0.19277759992814447
22,172.52,7.87,1,0,0,0,0,0.36521695652318664
1,62.78,26.07,4,0,1,0,1,0.6668692182037593
9,82.03,5.04,1,0,1,0,0,0.11892751921031172
22,49.39,30.68,1,0,0,0,0,0.3665256905483896
7,107.16,23.26,2,0,0,0,1,0.612621597910574
9,40.66,1.08,2,0,1,0,0,0.18293640037703515
22,65.04,22.02,1,0,1,0,0,0.13153602146409918
2,171.64,10.62,1,0,1,0,0,0.18879740030212983
5,32.21,2.17,5,0,0,0,1,0.8806248050902087
5,111.54,15.27,1,0,1,0,0,0.16409700911081462
21,55.75,21.99,1,0,1,0,0,0.12898376314727186
18,40.04,5.98,1,0,1,0,0,0.09451363506597997
2,14.07,4.47,3,0,1,0,0,0.3337040460550726
10,91.29,18.36,1,0,1,0,0,0.15363457290426444
16,39.88,13.28,1,0,1,0,0,0.11069423460307959
18,58.42,27.62,2,0,1,0,0,0.26877018798794233
13,57.23,26.91,1,0,1,0,0,0.1547233983323945
4,18.19,29.37,1,0,0,0,0,0.3880369910367902
14,133.62,13.49,2,0,1,0,0,0.2776954067480651
23,60.15,5.06,1,0,0,0,0,0.25968861979942137
21,122.26,8.36,1,0,0,0,0,0.3275883028638696
19,44.6,18.54,1,0,1,0,0,0.11953288368618384
21,28.14,34.66,1,0,1,0,0,0.14766458026257398
16,36.99,14.47,1,0,1,0,0,0.11204219558254375
21,191.14,12.85,3,0,1,0,0,0.4749211730677995
12,51.41,24.26,1,0,1,0,0,0.14660862334885233
3,94.28,0.02,1,0,0,0,0,0.3185939878560779
6,102.27,20.71,4,0,1,0,1,0.6608138409628415
19,52.1,18.74,1,0,1,0,0,0.12298562097273075
3,49.91,22.05,1,0,1,0,0,0.15518132383253552
13,83.51,27.8,2,0,0,0,1,0.5948269751718331
2,89.35,2.64,2,0,1,0,0,0.2334476149700181
7,88.84,36.31,1,0,1,1,0,0.2130918732595351
5,89.2,27.4,1,0,1,0,0,0.1881051634248982
23,110.77,9.12,1,0,1,0,0,0.11984368735017706
9,48.34,3.96,1,0,0,0,0,0.2827110693608434
10,205.33,36.98,2,0,0,0,1,0.7449562068045689
9,55.09,54.31,1,0,1,0,0,0.25180068140409106
6,189.86,7.96,1,0,1,0,0,0.18295762149356046
5,74.64,41.14,2,0,1,0,0,0.3797726012590324
12,7.19,14.27,1,0,1,0,0,0.10583058417027873
19,229.81,12.8,1,0,1,0,0,0.1951852708981929
8,30.96,16.92,1,0,1,0,0,0.12594314025244135
21,139.42,1.07,1,0,1,0,0,0.1165530436454197
23,77.1,18.94,1,0,1,0,0,0.1280232581790196
5,50.8,15.1,4,0,0,0,1,0.8307888157289756
5,39.54,14.55,1,0,1,0,0,0.12848527599270784
12,160.65,63.42,1,0,1,0,0,0.3675818185219319
18,155.41,30.14,1,0,1,0,0,0.20968363122071682
9,44.83,14.64,1,0,1,0,0,0.1250874672857812
19,54.73,30.03,1,0,1,0,0,0.15162515804681478
3,17.24,48.82,1,0,1,0,0,0.2199174770134596
6,76.3,19.41,1,1,0,0,1,0.7897549755033532
16,32.81,32.78,1,0,1,0,0,0.15335300774924646
2,236.95,14.62,2,0,0,0,1,0.6974974921416125
6,3.76,13.89,1,0,0,0,0,0.29834357288606456
11,37.73,0.4,1,0,1,0,0,0.09182564343162547
6,13.06,31.36,2,0,0,0,1,0.5704028088321743
14,97.9,17.64,1,0,1,0,0,0.1482013537761967
20,170.74,4.35,1,0,1,0,0,0.1386363318369423
8,94.36,37.17,1,0,1,0,0,0.21738429479026447
19,106.24,6.11,4,0,1,0,1,0.5524200521703614
0,206.4,21.48,2,0,1,0,0,0.4174905461779922
0,54.68,17.57,3,0,0,0,1,0.7268535979713767
12,70.33,6.8,1,0,1,0,0,0.11406681358656308
6,48.03,31.17,4,0,1,0,1,0.663269022183784
13,18.17,5.14,1,0,1,0,0,0.09163007337315082
14,148.63,29.2,1,0,1,0,0,0.21093905803634458
0,44.06,65.27,1,0,1,0,0,0.3128810620903391
22,29.24,3.36,2,0,1,0,0,0.15932209971704034
5,76.94,13.18,1,0,1,0,0,0.14165605189302058
6,88.02,22.86,1,1,0,0,1,0.808258513577455
4,285.14,42.85,1,0,1,0,0,0.40324324441317067
21,632.35,38.74,1,0,1,0,1,0.6478593425363527
1,34.85,15.07,1,1,1,0,0,0.48062225277585363
14,102.84,12.58,1,0,1,0,0,0.13771399512437674
15,40.96,0.59,3,0,1,0,0,0.3014019802041294
6,88.9,44.36,2,0,0,0,1,0.6979099658227951
14,46.47,53.79,1,0,0,0,1,0.5057506121110413
10,141.52,61.51,1,0,1,0,0,0.34799703762150375
6,243.28,54.76,1,0,1,0,0,0.4180751662819899
2,117.86,35.9,2,0,1,0,0,0.40224559759099104
18,69.27,48.2,1,0,0,0,0,0.48533196117567684
4,68.98,4.38,1,0,0,0,0,0.31454823755280553
8,85.75,37.57,2,0,1,0,0,0.3631897918164588
16,106.8,57.64,1,0,0,0,1,0.575322628031205
13,114.99,10.74,2,0,0,0,1,0.537718036098388
8,29.46,1.82,1,0,0,0,0,0.2624595618450886
9,228.11,18.28,1,0,1,0,0,0.2352465487042525
14,107.45,26.18,1,0,1,0,0,0.17700102554909963
6,65.33,25.16,1,0,1,0,0,0.16635725547654634
6,156.32,51.64,1,0,1,0,0,0.3267519757604265
12,95.76,5.59,1,0,1,0,0,0.12143758666652121
9,30.43,13.55,1,0,1,0,0,0.11692520832389408
11,253.51,11.52,1,0,0,0,0,0.4930534782713731
21,34.05,20.38,1,0,1,0,0,0.11660470134511187
5,193.58,85.54,3,0,0,0,1,0.9446646349915759
17,88.27,64.47,1,0,0,0,1,0.5893613871792862
12,36.12,35.82,2,0,0,0,1,0.5947438135596778
18,37.08,71.83,1,0,1,0,0,0.2861666952944286
3,53.55,25.16,1,0,1,0,0,0.16565771348385247
19,307.89,18.11,1,0,1,0,0,0.2664332501656145
20,67.94,41.02,1,0,0,0,0,0.4408053296656046
1,100.43,63.84,1,0,1,0,0,0.3505348609060749
4,36.63,42.35,1,0,0,0,0,0.4703893297257925
8,94.98,55.14,2,0,1,0,0,0.458914331349115
13,68.96,32.97,1,0,1,0,0,0.17815113188592063
14,140.22,12.7,1,1,1,0,1,0.5250734091520614
21,75.48,26.7,1,0,1,0,0,0.1495010315150141
9,27.7,21.0,1,0,0,0,0,0.34123662500727
6,164.09,34.38,2,0,0,1,1,0.7140812667097883
4,228.78,39.22,2,0,1,0,1,0.5160810796455448
4,49.33,50.89,1,0,1,0,0,0.24682813115301722
22,49.52,19.09,1,0,1,0,0,0.1185381976871031
14,63.4,33.66,1,0,1,0,0,0.17525976879695276
5,22.01,50.79,2,0,1,0,0,0.37985626781426995
4,45.11,8.57,2,0,0,0,0,0.49025896529976193
20,51.29,23.65,2,0,1,0,0,0.2430907360017885
19,121.92,3.82,1,0,0,0,0,0.3126644051210894
12,86.1,7.17,1,0,0,0,0,0.3182375382031228
5,47.87,13.97,1,0,1,0,0,0.13068055505316
14,19.18,10.27,1,0,1,0,0,0.09997471875566095
21,59.19,8.63,1,0,1,0,0,0.10226759778863258
4,114.74,34.31,1,0,1,0,0,0.2296036976975965
3,82.98,46.17,3,0,1,0,1,0.6021629091954626
5,78.98,13.55,2,0,1,0,0,0.2606431228490715
7,30.49,6.14,1,0,0,0,0,0.28349243835008275
6,92.6,29.84,1,0,1,0,0,0.19585638169249156
15,79.89,61.92,2,0,1,0,0,0.4566612371146609
11,74.51,45.64,1,0,1,0,0,0.22781594801710456
17,130.85,24.6,2,0,1,0,0,0.31500498798865045
19,58.8,43.01,1,0,1,0,0,0.1916825947848858
16,117.1,42.35,1,0,1,0,0,0.23263744235957842
10,30.35,11.39,1,0,1,0,0,0.11107499593867191
2,128.85,32.03,1,1,1,0,1,0.6486877728308877
20,149.08,15.59,1,0,1,0,0,0.15752614993369082
3,46.18,58.75,2,0,1,0,0,0.4480020347423365
9,217.08,32.71,1,0,1,0,0,0.2843081586790027
5,129.07,19.97,1,0,1,0,0,0.18768802074380206
18,56.81,40.68,1,1,1,0,1,0.5768465458651401
18,96.61,22.3,1,0,0,0,0,0.380071677118833
9,19.6,9.15,3,0,1,0,0,0.339378827581316
19,33.22,31.38,3,0,1,0,0,0.4285182255453827
12,107.1,63.71,2,0,1,0,1,0.5012696392083209
19,34.32,24.96,4,0,0,0,1,0.8246973433728312
5,265.9,54.84,1,0,0,0,1,0.7291423498439008
16,631.11,20.62,2,0,1,0,1,0.7390213656168412
11,29.99,32.91,1,0,1,0,0,0.16099045252341487
17,115.63,36.85,1,0,1,0,0,0.20990940967316085
18,49.15,11.53,2,0,0,0,0,0.46344505649009277
19,210.52,14.26,3,0,1,0,1,0.5069964396544797
6,443.46,30.42,1,0,1,0,0,0.48069135041449834
17,503.03,30.16,2,0,1,1,1,0.6772830850170687
4,27.17,9.54,1,0,0,0,0,0.30358255201789275
18,39.71,85.26,1,0,1,0,0,0.3480920872731322
3,76.81,9.61,1,0,1,0,0,0.13594294060830805
12,47.25,62.3,1,0,1,0,0,0.27025302576928567
16,132.62,59.05,1,0,1,0,0,0.3119859388879046
10,63.64,3.46,1,0,1,0,0,0.10739236876945428
8,114.56,36.51,2,0,0,0,1,0.6783370389365743
17,134.13,5.85,1,0,1,0,0,0.13073815374714765
18,41.25,8.73,1,0,1,0,0,0.09988507746045651
11,72.69,31.04,4,0,1,0,1,0.6687630046530776
15,271.55,27.77,2,0,1,0,0,0.4614152258988485
7,92.94,67.89,2,0,1,0,1,0.5258334716281646
21,168.92,46.01,1,0,1,0,0,0.27125574215289633
19,166.05,50.71,2,0,0,0,1,0.7481069159459798
10,179.86,8.27,1,0,1,0,0,0.1707589902898268
5,103.31,4.1,1,0,1,0,0,0.13133047666981065
4,130.26,13.7,1,0,1,0,0,0.17126581741654473
18,15.74,18.58,1,0,0,0,0,0.2950728117684436
12,50.48,20.71,2,0,1,0,0,0.2507816039386223
20,276.49,50.96,1,0,0,0,1,0.6799202118229007
8,32.13,16.67,1,1,1,0,0,0.46338841466570474
2,55.12,5.48,2,0,1,0,0,0.22105701121554275
10,52.52,15.11,1,0,1,0,0,0.12791176843790616
12,13.42,4.48,1,1,1,0,0,0.3726334730999037
13,194.33,35.63,1,0,0,0,1,0.5546707361932147
2,40.03,19.78,1,0,1,0,0,0.14611083703021496
23,67.43,7.31,3,0,1,0,0,0.3301877648303434
4,199.36,57.64,2,0,1,0,1,0.5824732420085387
10,92.89,23.43,1,0,1,0,0,0.16855895636293097
21,38.16,34.23,1,0,1,0,0,0.15134264356854502
13,33.15,61.54,1,0,1,0,0,0.2543970191162232
4,37.33,46.66,2,0,1,0,0,0.3765174868174215
22,58.27,9.18,1,0,1,0,0,0.1017855928876557
18,54.41,2.6,2,0,1,0,0,0.17777111314106891
0,35.26,25.62,1,1,1,0,1,0.538548227124655
23,28.57,30.73,1,0,1,0,0,0.13486169187557248
5,24.75,20.27,1,0,1,0,0,0.13559882096907155
12,29.37,25.14,1,0,1,0,0,0.13866322761391967
4,185.2,8.79,1,0,1,0,0,0.18684228001900768
17,821.74,61.98,2,0,1,0,1,0.9307895441643409
2,54.6,58.72,1,0,1,0,0,0.28737973943733564
6,726.42,17.74,1,0,0,0,1,0.875386035084731
6,13.25,27.27,2,0,1,0,0,0.26484440329083825
13,39.63,50.49,1,0,0,0,0,0.48558825625951385
11,162.09,3.84,1,0,1,0,0,0.14783604637798362
15,157.59,6.79,1,0,0,0,0,0.3683084760019067
7,332.73,17.31,1,0,1,0,0,0.3147269448528834
8,62.28,41.45,1,0,1,0,0,0.21185698689178514
5,232.29,3.69,1,1,0,0,1,0.8321499726425772
17,332.34,22.36,1,0,1,0,0,0.30857913198546855
0,30.35,88.82,1,0,1,0,0,0.41261915786096964
8,22.7,5.68,2,0,1,0,0,0.1890179210179465
9,40.95,4.65,1,0,1,0,0,0.10288396031526832
21,192.76,55.76,1,0,1,0,0,0.33237574241415396
8,35.49,8.45,2,0,0,0,0,0.46749160434980297
5,29.61,24.06,1,0,0,0,0,0.36934249654219503
7,116.65,27.75,1,0,1,0,0,0.2013487215327195
21,124.07,13.42,1,0,1,0,0,0.1383686851439852
17,178.5,31.9,1,0,1,0,0,0.2331932068049319
13,22.68,66.26,1,0,0,0,1,0.5506630478652782
17,18.11,41.56,2,0,1,0,0,0.29890107050381054
2,25.53,28.56,1,0,0,0,0,0.39691598011877854
3,21.22,48.43,1,0,1,0,0,0.22111617277539994
22,136.44,40.55,1,0,0,0,0,0.4961256509650736
15,20.92,62.33,1,0,1,0,0,0.24390470936272193
20,22.17,10.18,2,0,1,0,0,0.17899500223124473
21,122.95,81.34,1,0,1,0,0,0.39325224130536424
20,135.25,20.45,2,0,0,0,1,0.5831618361720707
3,17.34,33.65,2,0,1,0,0,0.30265528348159626
14,99.13,51.34,1,1,1,0,1,0.6773416276803428
3,98.72,31.37,2,0,1,0,0,0.36013884622475545
11,44.2,0.08,1,0,0,0,0,0.25867619608893627
18,48.05,29.74,1,0,1,0,0,0.14931875369041264
14,170.61,0.08,1,0,1,0,0,0.13747879652970701
0,95.16,28.85,1,0,1,1,0,0.20678809590998085
21,24.22,1.68,1,0,1,0,0,0.0796317318352546
16,9.97,3.35,1,0,1,0,0,0.08309107265705419
13,20.02,40.95,3,0,1,0,0,0.4845678098724753
20,115.46,37.25,3,0,0,0,1,0.7942848164595833
14,72.29,73.28,1,0,1,0,0,0.3320524071722656
5,144.06,9.56,1,0,1,0,0,0.16478232199426215
10,75.3,22.71,1,0,1,0,0,0.15748701907676285
0,65.16,37.31,1,0,1,0,0,0.21700306352564916
9,81.32,26.12,1,0,0,0,0,0.4133631913713415
7,573.12,41.71,2,0,0,0,1,0.9305870297727822
13,59.02,0.44,1,0,1,0,0,0.09650468128927951
8,150.33,6.83,1,0,1,0,0,0.1551135943800659
23,374.5,17.3,5,0,1,0,1,0.8950926473229026
22,59.47,21.89,1,0,1,0,0,0.12885398906429124
11,28.72,32.4,1,0,1,0,0,0.1589348370782096
5,70.94,16.01,1,0,1,0,0,0.14605055676962322
21,96.25,4.33,1,0,1,0,0,0.10706119428862211
18,456.68,63.69,2,0,0,0,1,0.921661955342413
3,89.65,20.13,1,0,0,0,0,0.41015076905242237
4,27.1,12.99,1,0,1,0,0,0.12128135793411414
21,128.7,4.01,1,0,1,0,0,0.11864395380305423
9,102.85,16.44,1,0,1,0,0,0.15587900251829254
5,45.35,5.53,1,0,1,0,0,0.11121782372852358
14,52.52,0.55,1,0,1,0,0,0.09346437478683968
20,53.76,34.15,3,0,1,0,0,0.4584739813954406
3,79.81,24.89,2,0,1,0,0,0.31440748863499646
12,80.48,24.33,1,0,1,0,0,0.1610576281868824
10,465.24,14.25,1,0,1,0,0,0.405931720197011
7,159.58,45.77,1,0,1,0,0,0.3005476028105597
23,28.08,42.19,3,0,0,0,1,0.7472189120611114
15,14.45,16.14,3,0,0,0,1,0.6458105809445247
9,22.54,36.76,1,0,1,0,0,0.1717327258458482
22,190.71,10.34,1,0,0,0,0,0.39333869047723613
8,452.17,13.63,1,0,1,0,0,0.3973244287017641
7,116.04,48.29,1,0,1,0,0,0.27748584727812264
21,104.32,20.2,1,0,1,0,0,0.14632905321526105
11,111.97,62.91,1,0,1,0,0,0.3266067824572888
3,14.2,44.46,1,0,1,0,0,0.20303245266098635
0,23.71,1.63,2,0,1,0,0,0.1929349622385217
14,26.92,39.28,1,1,1,0,1,0.5549692620585462
1,63.3,40.27,1,0,1,0,0,0.22402439121200732
0,61.02,1.68,1,0,1,0,0,0.11578412805603655
16,42.61,19.17,1,0,1,0,0,0.12433407618068484
18,124.35,13.97,2,0,1,0,0,0.2624085272364521
5,30.61,26.4,1,0,1,0,0,0.15395262406408508
23,36.92,42.06,1,0,1,0,0,0.16886407401784329
23,92.69,1.9,1,1,1,0,0,0.3966326327374757
17,74.18,31.15,1,0,1,0,0,0.16808850870616548
23,20.81,64.21,1,0,1,0,0,0.2318203696037029
20,84.43,18.07,2,0,1,0,0,0.24493627178554245
11,7.65,51.1,2,0,1,0,0,0.3505390991319278
16,86.45,23.48,3,0,0,0,1,0.7330821210310507
18,21.73,28.63,1,0,0,0,0,0.34497396544691306
17,154.05,17.13,1,0,1,0,0,0.16981983531404007
9,27.3,38.98,2,0,1,0,0,0.317335083505794
8,112.04,13.39,4,0,1,0,1,0.6287116442700882
19,38.31,71.3,1,0,1,0,0,0.28221904064623987
9,38.35,16.98,1,0,0,0,0,0.3317112745936331
14,54.72,83.94,1,0,1,0,0,0.36690167943878604
23,28.9,14.5,2,0,0,0,0,0.4434250067859799
4,31.1,23.04,2,0,1,0,0,0.266093728709391
16,52.32,57.5,1,0,1,0,0,0.24497071877986049
17,114.12,108.43,1,0,1,0,1,0.5358669085099947
14,74.96,38.21,2,0,1,0,0,0.3389906728708944
11,33.09,37.46,1,0,0,0,0,0.4195655542851725
15,44.91,45.53,1,0,1,0,0,0.19987494531326694
0,300.65,0.35,2,0,0,0,1,0.6916525274587336
0,40.73,56.74,1,0,1,0,0,0.2738849995929321
8,30.22,36.79,1,0,1,0,0,0.17789256611840576
17,128.56,38.72,1,0,1,0,0,0.22475313218956802
21,12.57,11.83,1,0,0,0,0,0.2570647568007046
6,17.47,7.71,1,0,0,0,0,0.2827560897173418
22,625.74,31.85,2,0,1,0,1,0.7637377959274712
19,66.22,29.22,1,0,1,0,0,0.15508410193843378
12,441.34,47.51,1,0,0,0,1,0.8036079647006501
2,90.31,86.71,1,0,0,0,1,0.7357759684023625
21,147.01,1.72,1,0,1,0,0,0.12094961709691582
11,177.55,21.79,1,0,0,0,0,0.47436237411839477
15,398.66,32.17,1,0,1,0,0,0.4186584909858821
3,70.31,48.67,1,0,1,0,0,0.2555744577655892
13,55.23,13.61,1,0,0,0,0,0.31892180590531505
19,133.4,13.06,1,0,1,0,0,0.14493531003872898
6,68.64,51.87,1,0,0,0,1,0.5429051055005042
18,30.58,9.29,1,0,1,0,0,0.0973341504452578
5,100.14,28.14,1,0,1,0,0,0.19688707720574297
0,37.82,11.89,3,0,1,0,0,0.3958521647874618
1,148.41,0.91,1,0,1,0,0,0.15028136818316642
8,43.21,22.09,1,0,1,0,0,0.143737121083283
10,20.05,35.76,1,0,1,0,0,0.16568596388180654
4,93.13,5.72,1,1,1,0,0,0.47756793556571364
3,244.94,32.13,1,0,1,0,0,0.3205314339813192
8,86.18,55.52,1,0,0,0,1,0.5712981592574069
3,31.86,20.14,3,0,1,0,0,0.421982909669883
20,150.74,29.64,2,0,1,0,0,0.3458484662988024
9,11.99,35.73,1,0,1,0,0,0.16322770799589323
5,249.97,1.39,1,0,1,0,0,0.19908923317717542
4,151.57,53.71,3,0,1,0,1,0.6932566271101099
20,202.15,35.22,1,0,1,0,0,0.25499576781317784
3,80.87,24.82,3,0,1,0,0,0.4916555079814236
18,109.33,24.46,1,0,1,0,0,0.16552977669007068
19,68.48,21.07,3,0,1,0,0,0.40917914546513207
14,98.0,36.23,1,0,1,0,0,0.20337040952910515
13,34.11,12.6,1,0,1,0,0,0.11104923772396456
11,31.41,32.96,1,0,0,0,0,0.39565235837260004
7,103.87,34.18,1,0,1,0,0,0.21524503201286993
23,40.66,55.2,2,0,0,0,1,0.6582905316184042
7,106.29,18.4,2,0,1,0,0,0.2960972850326006
15,128.68,10.88,1,0,1,0,0,0.14367311530467317
22,59.15,24.46,1,0,1,0,0,0.1347750364822325
10,69.07,28.83,1,0,0,0,0,0.41251882936745227
13,18.6,8.81,3,0,0,0,1,0.6204694198172302
14,46.01,4.06,1,0,1,0,0,0.09759137152518266
20,73.78,43.87,2,0,1,0,0,0.3465208181053182
0,59.76,6.65,3,0,1,0,0,0.3898350222469222
13,39.4,33.09,2,0,0,0,1,0.5809333718031725
5,292.92,25.74,1,0,0,0,1,0.6207137677053797
16,109.78,14.64,2,1,1,0,1,0.6776436201675416
9,302.34,54.76,1,0,0,0,1,0.7452722473190955
4,40.0,1.76,1,0,1,0,0,0.1031140550241456
12,147.59,21.66,1,0,1,0,0,0.18964674347981583
4,72.0,25.38,2,0,1,0,0,0.30744857037893936
6,63.61,17.07,1,0,1,0,0,0.14370585248989368
12,133.08,36.87,1,0,1,0,0,0.23261016338959814
21,66.03,2.18,2,0,0,0,0,0.42193169219264964
11,63.28,41.55,2,0,1,0,0,0.35350874978355934
1,89.22,30.29,1,0,1,0,0,0.2058294484232001
22,170.27,59.92,1,0,1,0,0,0.32966886510630805
22,99.5,38.84,1,0,1,0,0,0.19608918549281662
23,147.42,2.82,4,0,1,0,1,0.5610604417508783
0,31.56,20.49,1,0,1,0,0,0.14722914766714962
5,30.05,25.14,1,0,1,0,0,0.15033140263289937
3,160.62,20.78,1,0,0,0,0,0.4794353128158246
1,145.2,46.14,1,0,1,0,0,0.30734664215748314
10,157.88,18.27,1,1,0,0,1,0.8256519914406303
5,73.06,33.31,1,0,1,0,0,0.19758393614264924
2,146.4,45.96,1,1,1,0,1,0.7244181090939472
22,25.85,23.03,1,0,0,0,0,0.3114067001540281
5,107.18,12.74,1,0,1,0,0,0.15490629912117118
1,101.79,32.14,1,0,1,0,0,0.220161166645136
22,14.42,24.65,1,0,1,0,0,0.11669007601661574
1,33.76,50.84,1,0,0,0,1,0.5212124907212252
19,12.09,21.23,3,0,1,0,0,0.35968709517457403
1,345.23,13.77,1,0,1,0,0,0.3262561020673769
18,52.82,6.08,1,0,0,0,0,0.2711900019398387
4,173.37,55.4,1,0,0,0,1,0.6606039331440733
13,55.52,35.67,4,0,1,0,1,0.6697368154906591
17,26.47,26.25,2,0,1,0,0,0.24296979194317728
5,59.92,19.63,4,1,1,0,1,0.9079976378890077
10,86.07,69.66,1,0,0,0,1,0.6345615023049632
7,69.26,17.56,2,0,1,0,0,0.2644612452383672
18,84.24,66.93,1,0,1,0,0,0.30212762736191345
5,49.11,12.9,1,0,1,0,0,0.12871982247633565
4,41.1,11.85,2,0,0,0,1,0.5033728369296718
0,50.33,0.27,1,0,1,0,0,0.10886952545018923
20,531.9,53.08,1,0,0,0,1,0.8532467225956718
13,127.46,21.76,1,0,1,0,0,0.1766391498898956
22,41.38,107.66,2,0,1,0,1,0.6298484342565155
11,109.33,12.29,1,1,0,0,1,0.77481239489627
8,430.36,69.7,3,0,1,0,1,0.8950824316860885
0,39.47,3.19,1,0,1,0,0,0.11074727673937551
7,166.54,17.48,1,0,0,0,0,0.4550042343314823
0,109.69,17.6,2,0,1,0,0,0.3148061249908847
16,46.77,10.94,1,0,0,0,0,0.2921380778315833
0,59.42,54.7,4,0,1,0,1,0.7832016632721933
11,35.95,55.59,1,0,1,0,0,0.23846980322007794
0,73.55,61.13,3,0,1,0,1,0.6740456725097208
3,121.95,67.66,1,0,1,0,0,0.38152729134537505
10,124.24,36.41,1,0,1,0,0,0.22966592079968212
23,65.18,2.8,1,0,1,0,0,0.09144956265076279
10,242.73,9.04,2,0,1,0,0,0.3580959710929919
4,102.83,44.38,1,1,1,0,1,0.6777319040735076
8,22.88,37.1,1,0,1,0,0,0.1747998093597971
3,90.6,1.33,1,0,1,0,0,0.12260334997673818
23,852.46,33.75,1,0,0,1,1,0.926323535708394
2,34.55,5.64,1,0,0,0,0,0.2980556457038786
18,50.95,4.72,1,0,1,0,0,0.09582096531759393
18,46.7,45.95,1,0,1,0,0,0.19606943834101795
11,27.51,54.62,1,0,0,0,1,0.501993789841141
11,38.23,21.21,1,0,1,0,0,0.13460092376461205
18,201.61,13.76,1,0,1,0,0,0.18390568287763234
9,87.48,40.31,1,0,0,0,0,0.4913836999635718
0,167.9,50.23,1,0,1,0,0,0.34761270015367723
1,48.89,16.0,1,0,0,0,0,0.3598750973972169
6,84.13,34.35,1,0,0,0,0,0.46741286364485324
23,97.42,45.56,1,0,0,0,0,0.4818715007822908
17,187.38,11.08,1,1,1,0,1,0.5511892747880246
6,81.26,65.17,1,0,1,0,0,0.3258095144898625
2,33.23,9.66,2,0,1,0,0,0.22167325453082415
9,299.97,25.77,3,0,1,0,1,0.6756220322949094
12,22.88,51.52,1,1,0,0,1,0.8461685058953691
13,25.55,8.69,1,0,1,0,0,0.1003886188846025
16,61.1,46.64,1,0,0,0,0,0.4761693343348788
6,28.44,30.4,1,0,1,0,0,0.16208177411163083
0,7.3,11.51,1,0,1,0,0,0.11577935607950748
1,473.31,0.7,1,0,1,0,0,0.37485333457001563
13,118.75,83.95,1,1,1,0,1,0.8176661484358652
10,52.91,18.5,1,0,1,0,0,0.13608092506258684
23,190.06,11.86,1,0,1,0,0,0.1626782673823995
12,144.73,35.5,2,0,1,0,0,0.39310781242354337
0,253.72,0.01,1,0,0,0,0,0.4700882191381488
11,209.29,18.52,1,0,1,0,0,0.21905241779476814
10,36.84,9.29,2,0,1,0,0,0.20506319284328461
18,16.86,64.17,1,0,1,0,0,0.24082518683499446
2,164.77,38.12,1,0,1,0,0,0.2855442808175774
21,70.7,10.03,1,0,1,0,0,0.10909431129785585
1,73.67,8.11,1,0,1,0,0,0.13401638020952558
13,13.27,17.58,2,0,1,0,0,0.2120868412255129
10,81.08,13.84,1,0,1,0,0,0.13728663191645954
8,93.8,0.17,2,0,1,0,0,0.2138619793220121
8,44.0,24.36,2,0,1,0,0,0.27067863267709613
17,51.29,44.72,2,0,0,0,1,0.6361242907794235
19,40.28,1.76,2,0,0,0,0,0.40266733989994263
11,135.05,4.54,1,1,1,1,0,0.4880320399756517
12,36.14,28.62,1,0,1,0,0,0.1506896778257678
2,46.01,27.79,1,0,1,0,0,0.17110150094880044
5,82.91,39.82,1,0,1,0,0,0.22614975846846608
21,53.9,30.54,1,0,1,0,0,0.14921374348294983
4,139.85,2.72,1,0,1,0,0,0.1459462692490028
21,58.29,36.85,5,0,1,0,1,0.7990583113449334
12,10.96,27.82,2,0,1,0,0,0.2503046960999987
8,28.88,40.65,1,0,1,0,0,0.18904755982636384
16,157.19,17.45,5,0,1,0,1,0.8052261271985172
23,272.53,1.73,4,0,1,0,1,0.6670396320149535
20,111.86,8.16,1,0,1,0,0,0.12236647012203626
23,30.18,80.86,1,0,0,0,1,0.598980971534775
14,8.41,8.68,1,0,1,0,0,0.09356329811745488
9,114.09,6.85,1,0,1,0,0,0.1365287086490571
14,68.31,23.8,1,0,1,0,0,0.15014754728740126
23,140.47,19.75,1,0,1,0,0,0.15937598233110042
2,139.11,38.56,3,0,1,0,1,0.6183349985017967
10,31.96,45.35,1,0,1,0,0,0.20197406561865253
9,94.18,43.93,1,0,0,0,1,0.5163410344066723
18,44.44,14.42,3,0,1,0,0,0.3584916457225912
10,55.82,18.31,1,0,1,0,0,0.1369129811606492
21,213.99,53.06,2,1,1,0,1,0.8655267835909272
12,123.57,17.69,1,0,1,0,0,0.16455873602674678
3,229.38,17.86,1,0,1,0,0,0.24898383343527217
12,204.49,32.57,1,0,0,1,1,0.5518010380000263
12,126.36,47.51,1,0,1,0,0,0.26899250331122865
10,185.35,10.69,3,0,1,0,0,0.49440629246538315
8,589.02,19.65,1,0,1,0,1,0.5556451541952065
14,302.34,18.62,1,0,1,0,0,0.2773597280338514
4,26.95,64.11,1,0,1,1,0,0.28341029162038156
10,112.88,57.87,1,0,1,0,0,0.3077064179991118
11,134.75,41.79,1,0,0,0,1,0.5369435291435719
5,28.21,27.52,1,0,0,0,0,0.38484675876395663
23,140.09,75.93,1,0,1,0,0,0.3759574815543778
3,123.77,70.08,2,0,1,0,1,0.5786693969380344
17,42.2,5.17,1,0,1,0,0,0.09490634073354573
11,146.9,58.42,1,0,0,0,1,0.6310024138596205
19,86.96,37.68,1,0,0,0,0,0.4447611485983118
23,124.31,31.91,1,0,1,0,0,0.18644626039102363
8,29.08,10.47,1,0,1,0,0,0.11132232592533073
2,43.1,40.66,1,0,1,0,0,0.21021445427106994
10,269.84,20.9,1,0,1,0,0,0.2727556782346241
23,359.06,0.13,4,0,1,0,1,0.7287288392869846
22,25.43,18.29,1,0,1,0,0,0.10777438874618174
11,136.84,30.91,1,0,1,0,0,0.21599997358514875
14,356.16,56.74,1,0,0,0,1,0.7775937055177536
4,89.23,21.85,1,0,0,0,0,0.4151755734214285
9,189.29,15.15,1,0,1,0,0,0.19943794045246527
14,79.82,28.59,1,0,1,0,0,0.16919528069709502
3,280.79,5.05,4,0,1,0,1,0.7420911770021881
1,59.3,2.56,1,0,1,0,0,0.11563284455138986
1,50.3,42.75,1,0,0,0,0,0.49514650775844415
17,102.42,35.66,2,0,1,0,0,0.3416046162302317
12,301.68,43.49,1,0,1,0,0,0.39618192046208073
5,108.91,15.89,2,0,1,0,0,0.29285856493564655
22,163.37,40.83,1,0,1,0,0,0.2443369664486337
23,25.4,25.12,1,0,1,0,0,0.12066089760153101
15,80.84,84.39,1,0,1,0,0,0.3891516983223028
21,73.45,44.76,2,0,1,0,0,0.3474202390819095
1,35.5,64.08,1,0,1,0,0,0.29804817987093896
21,17.19,6.6,1,0,0,0,0,0.24019329067623313
23,55.87,34.94,1,0,1,0,0,0.15856560949123966
0,83.93,1.95,1,0,1,0,0,0.12553675422608182
3,56.35,4.76,1,0,0,0,0,0.3088251871255767
15,130.26,25.77,1,0,1,0,0,0.18658572330597586
3,86.86,15.66,1,0,1,0,0,0.15619125311986215
14,36.85,2.51,1,0,0,0,0,0.25542552498991417
10,106.09,24.25,2,0,1,0,0,0.31312679833954554
6,143.91,46.97,5,0,1,0,1,0.8917451557882728
2,37.79,50.18,1,0,1,0,0,0.24094561095737724
19,44.8,73.3,2,0,1,0,0,0.4690050270474182
22,55.07,1.73,2,0,1,0,0,0.16805773742252833
15,57.61,14.88,1,0,1,0,0,0.12231221999142963
3,53.29,116.93,1,0,0,0,1,0.8166877474353651
16,149.09,51.48,2,0,1,0,0,0.46479363102130355
4,62.46,2.6,1,0,1,0,0,0.11293725221550092
0,183.58,9.42,1,0,1,0,0,0.19603031288229802
18,64.02,24.39,1,0,1,0,0,0.14307731396474727
20,141.53,20.79,3,0,1,0,0,0.47233700213830404
21,143.43,33.54,2,0,1,0,0,0.3548764921895638
12,134.11,7.71,1,0,0,0,0,0.3613060212605674
20,8.11,36.77,1,0,0,0,0,0.36561004127228874
15,42.15,31.02,2,0,1,0,0,0.2783219040883359
17,193.63,31.33,1,0,0,0,1,0.5189470371684657
14,37.16,17.96,1,0,1,0,0,0.12225478130967095
9,44.39,13.59,1,0,1,0,0,0.12256031882801055
2,61.6,23.47,1,0,1,0,0,0.16685821356596403
9,43.84,54.47,1,0,0,0,1,0.5231626236673024
3,20.31,33.69,1,0,0,0,0,0.41448864892984955
0,36.64,26.83,1,0,1,0,0,0.16704597356172127
22,20.18,20.84,1,0,1,0,0,0.11096358917192807
17,97.41,20.02,1,0,1,0,0,0.14919110128106322
2,45.83,43.65,1,0,1,0,0,0.22240083089437448
19,163.79,18.59,1,0,1,0,0,0.17561575280527672
16,68.91,3.89,1,1,1,0,0,0.4070139330262453
17,30.0,8.33,1,0,1,0,0,0.09655990676623308
1,138.57,27.86,1,0,1,0,0,0.22895705881287803
23,265.32,8.33,1,0,1,0,0,0.19351256816665463
23,24.99,53.81,2,0,1,0,0,0.3423300073450468
6,154.87,5.45,1,0,1,0,0,0.15708099745692025
7,44.7,54.68,1,0,0,0,1,0.5315916874564682
15,44.89,10.61,2,0,1,0,0,0.20375177915727516
23,102.18,44.41,1,0,0,0,0,0.4804374655505376
7,60.13,44.21,1,1,0,0,1,0.853252174005777
9,231.77,27.78,1,0,1,0,0,0.27500558214155435
23,149.59,10.7,1,0,1,0,0,0.14004010858366184
7,53.06,26.68,1,0,1,0,0,0.16249971884673728
3,116.08,3.05,1,0,1,0,0,0.1374688425558941
6,52.16,53.34,1,0,0,0,1,0.5349883587328892
13,355.08,39.01,2,0,0,0,1,0.8374105887314283
9,45.05,2.82,1,0,1,0,0,0.10084888195402991
20,115.65,54.7,1,0,1,0,0,0.2695364837958389
21,92.88,18.63,1,0,1,0,0,0.13714829405874565
17,145.06,8.81,1,0,0,0,0,0.36092292148127597
9,19.94,91.27,1,0,1,0,0,0.38697575015129576
1,60.39,17.61,1,0,1,0,0,0.15184003277925404
17,158.35,33.99,1,0,0,0,0,0.4993959867448643
15,39.35,59.85,1,0,1,0,0,0.2473146958676063
16,116.62,40.86,1,0,1,0,0,0.2268841633844417
17,52.45,20.58,2,0,1,0,0,0.23951908487482554
1,110.9,23.97,1,0,1,0,0,0.1980206552396917
0,45.61,33.53,1,0,1,1,0,0.1923471748191714
7,426.98,16.45,1,0,1,0,0,0.3916471243643025
16,26.1,17.05,1,0,1,0,0,0.11325080168753579
9,38.76,7.22,4,0,0,1,1,0.7909996263773473
14,130.68,21.24,1,0,1,0,0,0.1749446567391091
20,217.02,61.04,1,0,1,0,0,0.3812955628081099
22,73.78,31.93,1,1,1,0,1,0.5352046509396421
5,60.74,36.51,1,0,0,0,0,0.4598087960486629
2,68.07,15.41,1,0,1,0,0,0.14808087484420718
6,84.21,16.08,2,0,1,0,0,0.2721187352115314
3,106.38,24.07,1,0,1,0,0,0.19155383304122073
7,26.93,28.03,1,0,0,0,0,0.3799894021354514
12,40.24,12.13,1,0,1,0,0,0.113698133417819
13,19.17,21.84,1,0,1,0,0,0.12498761878940372
12,26.22,28.86,1,1,0,0,1,0.7773959749410463
20,19.49,36.06,1,0,1,0,0,0.14884518753685363
8,29.11,40.05,1,0,0,0,0,0.4386043412232066
19,67.71,0.95,1,0,1,0,0,0.09345642992205129
1,125.72,23.8,1,0,0,0,0,0.46867938153035194
19,340.6,28.51,1,0,0,0,1,0.6331439533580324
23,27.12,11.79,1,0,1,0,0,0.09497405011354217
23,146.36,32.36,2,0,1,0,0,0.3458833823244429
17,36.92,1.6,1,0,1,0,0,0.08717563817171575
17,99.42,18.2,1,0,0,0,0,0.36586399235328854
6,253.56,26.84,1,0,1,0,0,0.29583859793090156
16,31.62,17.34,4,0,0,0,1,0.8054458015659165
18,112.66,8.04,1,0,1,0,0,0.12527304499903058
5,126.74,2.39,1,0,1,0,0,0.13751082016541105
4,15.37,8.04,1,0,1,0,0,0.10653999420991515
23,100.06,5.61,1,0,1,0,0,0.10845472894419926
0,126.12,46.0,1,0,1,0,0,0.2943667951855176
10,66.85,25.37,2,0,1,0,0,0.28690833202484567
16,39.9,24.09,1,0,0,0,0,0.3452511246413526
16,71.15,12.72,1,0,1,0,0,0.12160890729287517
14,99.82,16.2,1,0,1,0,0,0.14539213479235744
18,84.92,42.71,1,0,1,0,0,0.20855347962357185
7,67.39,45.58,1,0,1,0,0,0.23213838691562702
4,71.72,41.18,2,0,0,0,1,0.6755291886294235
1,116.22,16.97,1,0,1,0,0,0.17903765336134117
8,99.22,48.68,2,1,1,1,1,0.8189892771708881
5,96.31,42.89,2,0,0,0,1,0.700177885196273
11,142.91,44.91,1,0,1,0,0,0.27333361944544127
8,126.12,30.54,1,0,1,0,0,0.2145338717542862
16,118.38,24.33,1,0,1,0,0,0.17365428924830292
3,306.01,20.05,1,0,1,0,0,0.3164951249339336
23,97.55,97.44,1,0,0,0,1,0.7304513063322664
9,523.29,63.45,2,0,0,0,1,0.9442502570201079
21,77.26,16.34,1,0,1,0,0,0.1250698952833063
19,21.59,0.0,5,0,0,0,1,0.8493945314402562
19,92.48,58.34,1,0,1,0,0,0.26968332882973073
19,24.8,27.01,2,0,1,0,0,0.23987723598641494
9,62.19,66.72,1,0,0,0,1,0.6021246648778372
21,168.65,20.17,1,0,0,0,0,0.42535579731996437
11,114.13,42.42,1,0,1,0,0,0.24275836412414153
4,106.51,21.73,1,0,0,0,0,0.4304743842042153
2,77.75,13.5,2,0,1,0,0,0.2671902627476859
8,82.05,54.51,1,0,1,0,0,0.27485772504921685
19,146.86,24.0,1,0,1,0,0,0.18261739219820058
3,137.99,15.9,1,0,1,0,0,0.18406034961996762
21,378.92,61.71,1,1,1,0,1,0.8719749249479084
21,16.91,40.47,1,0,1,0,0,0.15766906501052122
21,315.45,13.97,1,0,1,0,0,0.250520945497345
13,19.71,89.68,2,0,1,0,1,0.5492125643446205
12,96.12,17.01,1,1,1,0,1,0.5122777803778867
6,67.07,26.2,1,0,0,0,0,0.4102822806566329
19,46.04,6.98,1,0,1,0,0,0.09712193891007456
12,35.88,14.68,1,0,1,0,0,0.11738693184017639
11,17.79,45.09,1,0,1,0,0,0.19063006118804046
17,72.9,26.93,1,0,1,0,0,0.15564251558977768
8,70.56,55.89,1,0,0,0,1,0.5586948218319319
18,121.02,14.46,1,0,1,0,0,0.14435169455618216
20,146.37,14.98,1,0,1,0,0,0.15452535256633523
13,139.24,90.88,1,0,1,0,0,0.48234049666092815
14,27.74,26.43,1,0,1,0,0,0.13797012781128923
9,38.21,70.54,1,0,1,0,0,0.3061296386546661
11,66.9,30.71,1,0,0,0,0,0.4167490537518119
2,12.72,47.94,1,0,0,0,0,0.48317553743690106
3,79.14,15.26,1,0,1,0,0,0.15133092222711536
9,68.77,17.84,1,1,0,0,1,0.7726490611233946
6,58.71,22.36,1,0,1,0,0,0.1552077943982031
12,359.41,20.36,2,0,1,0,1,0.5158410211558159
20,342.01,36.69,1,1,1,0,1,0.7819274943040364
14,115.06,9.75,1,0,1,0,0,0.13626850215856146
16,76.86,23.15,1,0,1,0,0,0.14920607382314177
9,46.09,34.42,1,0,1,0,0,0.17758452222771998
5,64.79,1.81,1,0,0,0,0,0.2971680156058215
5,43.12,18.86,4,0,0,0,1,0.8374993566950308
15,32.71,34.52,1,0,1,0,0,0.15976974860690626
16,74.69,35.08,1,1,1,0,1,0.5715390295214692
13,142.63,37.8,1,0,1,0,0,0.24020104993706717
16,51.53,19.99,1,0,0,0,0,0.3361275353639852
14,297.02,24.79,1,0,1,0,0,0.2993220074543391
7,28.41,25.72,1,0,0,0,0,0.37014180310238387
2,35.66,28.09,1,0,1,0,0,0.16649262216918753
22,77.14,22.02,1,0,1,0,0,0.1368369510198801
11,129.5,6.01,1,0,1,0,0,0.1382540864315116
4,110.57,28.09,1,0,1,0,0,0.2051458896146117
5,432.71,8.01,1,0,0,0,1,0.6580099189190093
13,120.34,14.63,2,0,1,0,0,0.2750019953941347
4,190.82,34.09,1,0,1,0,0,0.28329645329735537
4,39.68,76.01,1,0,1,0,0,0.34651243546637756
12,60.89,5.73,1,0,1,0,0,0.10836955787521953
15,78.47,70.04,1,1,1,0,1,0.738048643138925
1,56.65,14.75,1,0,0,0,0,0.3606838241698423
7,56.77,53.53,1,0,1,0,0,0.2549242739031284
13,51.42,15.59,1,0,1,0,0,0.12420698839831765
21,64.41,44.98,5,0,1,0,1,0.827928234260404
8,159.57,3.32,3,0,1,0,0,0.4390038151053507
6,30.17,69.66,1,1,0,0,1,0.8988822082462218
18,40.93,42.39,1,0,1,0,0,0.18150909187600364
6,16.82,14.44,1,0,1,0,0,0.11758600193178916
14,25.65,14.61,2,0,0,0,0,0.47024863876278145
1,25.47,31.15,1,0,1,0,0,0.17179681812967454
15,19.13,15.71,1,0,1,0,0,0.10922042592481523
4,354.62,9.8,1,0,0,0,1,0.6010758000200936
20,89.91,20.47,1,0,1,0,0,0.14193094502323894
23,127.11,102.54,1,0,1,0,0,0.49814917630144523
1,47.26,25.49,1,0,1,0,0,0.16695083445442932
14,97.06,92.29,2,0,1,0,1,0.6294476649768244
20,96.97,58.97,1,0,1,0,0,0.27300287438435317
16,76.94,44.44,1,0,0,0,0,0.4797638263087397
10,270.84,66.49,1,0,1,0,0,0.49061385458351664
1,29.86,8.68,1,0,1,0,0,0.11718345227584853
22,62.98,38.13,2,0,1,0,0,0.30584519584982267
17,4.57,45.96,4,0,1,0,1,0.6624823993267841
17,77.99,5.86,3,0,0,0,1,0.6461672737790713
9,349.61,75.59,1,0,1,0,1,0.6130466544505897
15,285.5,28.93,3,0,0,1,1,0.8683443728817073
9,159.25,0.92,1,0,0,0,0,0.35998604620076247
7,214.33,10.41,2,0,1,0,0,0.34906766549185775
9,66.69,26.37,1,0,1,0,0,0.16506987417775398
18,104.61,26.31,1,0,1,0,0,0.16835545735276172
19,55.49,5.5,1,0,1,0,0,0.09757387900003715
11,53.76,32.0,1,0,1,0,0,0.170797578223253
23,100.73,15.07,2,0,1,0,0,0.23766583275924813
17,41.61,7.19,1,0,1,0,0,0.09834488560064593
8,33.28,6.06,1,0,1,0,0,0.10411349752197627
8,151.95,10.29,1,0,1,0,0,0.16553018469952852
6,29.35,19.99,1,0,0,0,0,0.346829683154557
4,26.48,34.91,4,0,1,0,1,0.668173586354729
14,181.09,60.44,1,0,0,0,1,0.6609894985570558
16,215.85,0.8,1,0,1,0,0,0.1574675692258518
5,107.14,37.92,1,0,0,0,1,0.5107296134112318
22,184.66,51.78,1,0,1,0,0,0.3050981716482614
7,432.24,33.55,1,0,1,0,0,0.4829521717555707
21,26.58,1.13,1,1,1,0,0,0.34108813401178545
12,397.63,44.33,1,0,0,0,1,0.764702395626241
9,102.52,7.46,1,0,0,0,0,0.34195098776691896
17,78.8,28.3,1,0,0,0,0,0.39659869655837937
8,38.78,48.52,4,0,1,0,1,0.7259667751737404
11,63.17,7.0,1,0,1,0,0,0.11308452700143276
2,159.85,11.39,1,0,1,0,0,0.18445658468145876
20,49.27,6.84,1,0,0,0,0,0.2664772141947362
20,24.41,101.94,1,0,1,0,0,0.4090972043377575
13,19.41,2.61,2,0,0,0,0,0.4068964459610511
7,80.95,16.51,1,0,1,0,0,0.1487909974737832
2,93.06,0.09,1,0,1,0,0,0.12226506977199393
7,39.24,1.41,2,0,0,0,0,0.43831391466489233
1,102.97,30.78,2,0,1,0,0,0.367108311220339
12,54.28,29.18,2,0,1,0,0,0.28790186574234955
0,83.38,53.35,1,0,1,0,0,0.29234811074750233
23,93.72,23.18,1,0,1,0,0,0.14572780813727446
21,262.16,35.14,2,0,1,0,0,0.47079657311315887
11,25.02,28.13,1,0,0,0,0,0.36650678989018004
12,63.53,25.83,2,0,0,0,1,0.5698257422366433
23,96.58,13.36,1,0,1,0,0,0.12346042074222799
10,178.83,18.11,1,1,1,0,1,0.6010764825108385
21,137.06,35.85,3,0,1,0,1,0.5422885757396988
8,29.5,69.17,1,0,1,0,0,0.29603975913061903
14,236.29,52.03,1,0,1,0,0,0.37325346196566406
17,232.36,12.99,1,0,1,0,0,0.20151004577677437
16,38.4,31.67,1,0,1,0,0,0.1531207455396954
14,37.37,15.23,1,0,1,0,0,0.11642716365088168
18,96.48,2.35,1,0,1,0,0,0.1070079112354188
13,22.3,30.27,1,0,1,0,0,0.14672494425659785
14,40.8,16.85,1,0,1,0,0,0.1212769477111753
22,20.26,1.98,2,0,0,0,0,0.37643615873497793
14,47.59,24.63,5,0,1,0,1,0.7649742420959037
17,724.51,32.13,1,0,1,0,1,0.7054732212498259
1,96.31,56.13,3,0,1,0,1,0.6673505796169813
19,113.87,35.8,1,0,1,0,0,0.2010102819492753
8,342.75,28.21,2,0,1,0,1,0.5534943739980448
0,49.32,17.19,1,0,1,0,0,0.14710133685882526
19,272.33,15.85,1,0,1,0,0,0.2326395881046533
21,264.74,72.56,1,0,0,1,1,0.7578686046760544
7,89.91,20.06,3,0,1,0,0,0.46260402766662395
19,193.99,45.85,1,0,0,0,1,0.5866450629848584
13,138.7,3.92,1,0,0,0,0,0.34443187132006403
5,52.06,38.81,1,0,1,0,0,0.20305092522165105
9,35.66,21.64,1,0,1,0,0,0.13758907886652527
19,34.45,0.33,1,0,1,0,0,0.08238688259892356
5,111.82,34.34,1,0,1,0,0,0.2254701809076568
23,66.56,30.81,3,0,1,0,0,0.44363862178467717
17,50.86,31.89,1,1,1,0,1,0.5298175431360423
1,158.4,12.15,1,0,0,0,0,0.4397326440180657
1,110.72,15.5,1,0,0,0,0,0.4126469532695681
15,282.9,20.13,1,0,1,0,0,0.2664087974855759
6,49.54,8.81,2,0,1,0,0,0.22020989285664663
13,11.07,59.09,1,0,1,0,0,0.2298696793715533
6,14.48,28.61,1,0,1,0,0,0.15028747003166548
23,120.65,27.21,2,0,1,0,0,0.3014808410573758
15,173.65,1.18,2,0,1,0,0,0.2550747603892856
5,49.72,87.59,1,0,1,0,0,0.4082839489562568
14,68.66,11.75,1,0,1,0,0,0.12127510119893097
4,13.29,4.4,1,0,1,0,0,0.0989072020712428
21,65.87,5.28,1,0,1,0,0,0.09831284654108743
17,38.84,60.66,1,0,0,0,1,0.5240839950955689
17,220.44,50.38,1,0,1,0,0,0.34266771298119475
12,140.61,8.8,1,0,1,0,0,0.1488554733729788
5,40.92,6.4,1,0,1,0,0,0.11133842743987914
12,56.76,67.38,1,1,1,0,1,0.7188049650488351
10,25.66,22.92,1,0,0,0,0,0.3454625080723782
14,101.6,25.45,1,0,0,0,0,0.4126491804035045
3,119.13,32.19,2,0,1,0,0,0.38204080102035387
9,217.83,47.01,4,0,0,0,1,0.9440718190184788
1,110.65,39.57,1,0,1,0,0,0.25384266596882216
7,23.15,34.24,1,0,0,0,0,0.4071176937212565
4,101.01,10.99,2,0,0,0,1,0.555200510658133
15,45.73,47.01,2,0,1,0,0,0.3520976289795673
23,90.52,15.87,2,0,0,0,1,0.5083337565040739
6,18.23,4.06,1,0,1,0,0,0.09761147255546393
13,37.09,0.75,1,0,1,0,0,0.09005242667038711
12,32.67,0.94,1,0,1,0,0,0.09008276442831711
13,158.85,31.08,3,0,1,0,1,0.5642535421842716
7,29.87,31.59,1,0,0,0,0,0.4000748455968892
0,56.4,38.2,1,0,1,0,0,0.21451610778579738
9,49.65,63.54,1,0,1,0,0,0.285087059217177
22,193.03,30.19,2,0,1,0,0,0.3792415243976984
5,424.87,53.19,1,0,1,0,1,0.5829540073072376
19,98.01,71.91,1,0,1,0,0,0.33275076436717294
8,37.2,1.25,1,0,1,0,0,0.09650661367841436
16,40.29,25.09,2,0,0,0,1,0.5313968934520983
21,43.32,15.31,1,0,1,0,0,0.1096335702246033
12,3.12,6.89,1,0,0,0,0,0.2533945900372531
12,420.88,14.74,2,1,0,1,1,0.9605179781373053
6,59.24,6.32,1,0,0,0,0,0.3096090537663515
15,109.53,11.59,1,0,1,0,0,0.13673214195483463
17,91.61,16.42,1,0,1,0,0,0.13740537676186354
22,31.06,31.56,1,0,1,0,0,0.13955110846936605
22,27.12,91.45,1,0,1,1,0,0.35437350973714576
7,352.98,13.45,1,0,0,0,1,0.6081635805785035
18,64.44,4.14,1,0,1,0,0,0.09924670102111885
22,68.04,65.74,1,0,1,0,0,0.27382604724990706
19,186.02,17.87,2,0,0,0,1,0.6194456552368973
13,799.3,14.01,1,0,1,0,1,0.6973455159964717
6,48.04,24.09,2,0,1,0,0,0.27782792716455634
22,27.89,32.55,1,0,1,0,0,0.1405681019165427
12,47.94,27.9,1,0,1,0,0,0.1545257584021954
9,1454.83,1.41,1,0,1,0,1,0.9568811591289446
6,88.86,38.76,4,0,0,0,1,0.9010675367106413
8,42.94,31.55,1,0,1,0,0,0.16928689379468426
20,43.56,1.35,1,0,1,0,0,0.08563771154305282
17,16.4,37.02,1,0,1,0,0,0.15496384688030473
21,242.99,86.72,1,0,0,0,1,0.7942550126563486
19,202.2,20.91,1,1,0,1,1,0.8400419221799906
9,282.78,49.07,1,0,0,0,1,0.7073500789483594
10,25.29,0.17,1,0,1,0,0,0.08866270008956494
23,191.53,47.93,1,0,1,0,0,0.29117573300443994
21,93.75,42.61,1,0,1,0,0,0.20721425838446017
10,47.23,9.58,1,0,0,0,0,0.3031029091165025
12,51.88,35.25,1,0,0,0,0,0.4225397408060145
4,45.0,1.8,2,0,1,0,0,0.19785493576762986
23,62.55,43.52,1,0,1,0,0,0.18740512837703965
18,147.03,38.8,1,0,1,0,0,0.23505217903201567
9,24.48,15.63,1,0,1,0,0,0.1190500787776818
9,18.53,31.62,2,0,0,0,1,0.5671194846810825
9,154.55,65.91,1,0,1,0,0,0.3834496895147755
7,68.63,10.87,1,0,1,0,0,0.12934227004673585
0,198.27,66.1,1,0,1,0,0,0.4531325933313814
3,22.2,51.52,4,0,0,0,1,0.9055130920928218
14,34.42,16.81,2,0,1,0,0,0.22069509099309578
17,229.6,31.08,2,0,1,0,0,0.4326870529649648
8,224.45,15.36,1,1,1,0,1,0.6345023799129502
13,105.83,30.42,1,0,0,0,0,0.44483967552530224
5,19.49,46.75,1,0,1,0,0,0.2097286319919383
6,278.89,49.77,1,0,1,0,0,0.425752118109019
9,58.85,11.47,1,0,1,0,0,0.1237319156635168
11,70.57,69.89,1,0,0,0,1,0.6189271856998997
6,14.68,2.73,3,0,0,0,1,0.609057091269852
11,51.76,1.94,1,0,1,0,0,0.09913227919786997
20,37.48,39.74,1,0,1,0,0,0.16797912546070817
11,38.92,44.33,1,0,0,0,0,0.45983251702465083
23,646.6,14.68,1,0,0,0,1,0.7961275525925633
10,24.52,8.74,1,0,1,0,0,0.10373506832499461
9,87.42,101.37,1,0,1,0,1,0.5006367060633841
15,13.22,46.2,1,0,1,0,0,0.18350465294592816
15,120.87,69.31,1,0,1,0,0,0.3519142947697499
4,79.72,23.86,2,0,1,0,0,0.30697923121700077
8,10.59,15.04,1,0,1,0,0,0.11376255242772394
18,66.28,84.21,1,0,1,0,0,0.3661267004501274
9,76.53,1.11,2,0,1,0,0,0.20412877492393458
2,259.39,15.28,2,0,1,0,0,0.4286788971979197
8,107.39,73.39,1,0,1,0,0,0.3809458110561288
10,42.66,26.9,1,0,1,0,0,0.15267078947591894
19,14.32,4.6,1,0,1,0,0,0.08330375233909543
22,50.75,16.19,1,0,1,0,0,0.11289939529241208
1,53.29,42.26,2,1,0,0,1,0.9253089381269547
18,68.68,15.66,1,0,1,0,0,0.12430635282088351
11,91.51,4.38,2,0,1,0,0,0.22044682236205582
20,108.19,27.31,1,0,1,0,0,0.16945845724854938
16,174.98,37.38,1,1,1,0,1,0.6712270607623243
23,37.88,1.82,3,0,1,0,0,0.2825403776096231
12,18.66,0.67,1,0,1,0,0,0.085409199886881
10,54.28,81.21,4,0,1,0,1,0.8429080490494363
18,81.67,30.49,1,0,1,0,0,0.16830162777050436
22,152.88,20.61,1,1,1,0,1,0.5513462089097833
21,81.61,99.44,1,0,1,0,0,0.44605569893038105
11,91.99,61.84,3,0,1,0,1,0.6606845037263988
10,83.45,6.08,1,0,0,0,0,0.3168928960537979
6,1564.86,4.48,1,0,1,0,1,0.973847140244593
3,12.11,71.7,3,0,0,1,1,0.8692260794145451
11,47.21,64.42,1,0,0,0,1,0.5705741124239255
16,62.89,64.03,2,0,1,0,0,0.4482978861856228
15,35.83,45.5,1,0,1,0,0,0.19435810081336707
0,14.01,23.9,1,0,1,0,0,0.1477417399699641
1,22.53,23.24,2,0,1,0,0,0.2682815422124
5,123.25,9.17,1,0,1,0,0,0.1532179303273009
17,19.29,41.0,1,0,0,0,0,0.4055471557829446
6,97.97,33.45,1,0,0,0,0,0.4757979319766858
3,30.43,13.0,1,0,0,0,0,0.32440845123769557
1,70.19,58.29,4,0,1,1,1,0.799934541336313
21,44.92,0.31,1,0,1,0,0,0.08336160679694528
7,38.59,46.78,2,0,1,0,0,0.36900115455557103
15,92.33,18.69,1,0,0,0,0,0.36809563239100235
0,41.51,11.74,1,1,1,0,0,0.47304545161159456
20,19.01,11.35,1,0,1,0,0,0.09495012710444356
13,92.29,44.97,1,0,1,0,0,0.23260038084432264
22,52.15,39.91,1,0,1,0,0,0.17258173857079492
15,49.61,32.85,1,0,1,0,0,0.16374567961946995
21,41.57,52.0,1,0,1,0,0,0.20667185516800554
23,51.53,36.02,1,0,0,0,0,0.39122266444291315
6,109.79,24.79,1,0,1,0,0,0.18975201496235003
13,316.49,9.49,1,0,0,0,1,0.5353529867862951
15,24.89,45.78,1,0,1,0,0,0.18886149167119876
21,121.37,48.01,1,0,1,0,0,0.24483101452634337
12,121.54,18.34,1,0,0,0,0,0.4017744355089971
18,21.16,65.74,1,0,0,0,1,0.5302835868299827
5,25.44,3.96,1,0,1,0,0,0.10103328940190773
8,60.53,60.3,1,0,1,0,0,0.282525181183139
9,198.58,13.91,1,0,1,0,0,0.20095664613769065
0,39.15,1.28,2,0,0,0,0,0.4602945286801383
9,100.14,3.09,1,0,1,0,0,0.12190552644006818
4,68.33,53.8,1,0,1,0,0,0.27210112419629323
17,180.86,14.26,1,0,1,0,0,0.1758192456772183
10,215.31,49.58,1,0,1,0,0,0.3553991490007987
18,19.51,48.82,2,0,0,0,1,0.624826864330254
6,56.49,5.15,2,0,1,0,0,0.21187727212168378
3,14.23,26.43,1,0,1,0,0,0.14946074729466302
16,274.52,58.57,1,0,1,0,0,0.43398653707681967
20,322.05,0.06,1,0,1,0,0,0.20678211934419
16,43.49,43.78,1,0,1,0,0,0.19129560993663108
16,23.61,83.93,1,0,1,0,0,0.3341868179304934
17,55.81,31.08,2,0,1,0,0,0.28367641213251144
7,62.66,2.55,1,0,1,0,0,0.1090257270577349
8,103.63,50.31,1,0,1,0,0,0.2738311825822646
3,168.0,34.69,1,0,1,0,0,0.27116084673701657
18,407.94,34.9,1,0,1,0,0,0.431334739759181
4,170.01,17.47,1,0,0,0,0,0.4679891294513249
10,157.28,30.05,1,0,1,0,0,0.22852779788826927
21,102.51,6.53,1,0,1,0,0,0.11383235302330151
21,85.58,22.68,1,0,0,0,0,0.36299621212839495
7,20.22,32.71,1,0,1,0,0,0.16255401937144262
20,28.08,3.65,1,0,0,0,0,0.23899250182608925
11,33.46,44.16,1,0,0,0,0,0.45385404389654593
19,88.98,59.77,1,1,1,0,1,0.69240356680692
6,41.43,56.07,1,0,1,0,0,0.2563722615421013
0,131.42,11.26,1,0,1,0,0,0.17220400605227776
15,192.62,33.03,1,0,0,0,1,0.5332736612007152
14,172.63,62.99,1,0,1,0,0,0.3699261008288089
23,18.45,45.71,1,0,1,0,0,0.16964478209501824
10,182.37,19.57,1,0,1,0,0,0.20784583391520386
7,63.81,19.37,1,0,0,0,0,0.37076260723511706
11,118.5,4.68,1,0,1,0,0,0.13024945594873658
11,95.44,26.73,1,0,1,0,0,0.17779084671509574
17,33.31,17.32,1,0,1,0,0,0.1152371299175987
3,114.52,14.98,1,1,1,0,1,0.5485468626056342
5,98.36,42.14,2,0,0,0,1,0.6985542142073146
2,13.49,35.03,1,0,0,0,0,0.4181371187058599
8,143.53,67.45,1,0,1,0,0,0.38422929871576794
19,28.12,20.97,1,0,1,0,0,0.11826730423561829
10,26.59,18.74,1,1,1,0,0,0.4622723171393567
8,19.48,8.53,1,0,1,0,0,0.10400633275866089
4,20.76,8.94,1,0,1,0,0,0.11029709214867786
16,27.03,46.77,1,0,0,0,0,0.4449238861404517
3,89.98,31.05,1,0,1,0,0,0.2045699576744538
17,109.48,24.96,1,0,1,0,0,0.16887044766093964
14,182.04,16.57,1,0,0,0,0,0.4421018083019671
11,77.36,13.67,1,0,1,0,0,0.133695988218644
8,388.3,0.58,1,0,0,0,1,0.5730957962675516
18,35.1,26.52,1,0,0,0,0,0.3465451027829207
3,88.6,52.99,1,0,0,0,1,0.5768283262927275
3,142.3,29.77,1,0,0,0,1,0.5084596232229134
21,273.93,16.85,1,0,0,0,1,0.5069501058256742
20,211.27,8.04,3,0,1,0,0,0.47241079934565344
5,59.82,16.35,1,1,1,0,0,0.4976238161788446
20,198.43,46.3,2,0,1,0,0,0.4714772229534656
14,120.61,32.42,1,0,1,0,0,0.20446840580992445
4,65.85,37.45,1,0,1,0,0,0.20912182520508515
4,23.21,93.99,1,0,0,0,1,0.7098864519879925
7,22.69,9.92,1,0,1,0,0,0.10913460180408481
13,88.57,46.67,1,0,1,0,0,0.23636966372503057
0,29.74,5.56,1,0,0,0,0,0.2994090109368546
17,181.71,54.89,1,0,0,0,1,0.6262861329593774
1,105.9,28.73,1,0,1,0,0,0.21090323593354945
22,64.76,3.57,1,0,1,0,0,0.09375225190832227
6,96.53,20.1,1,0,0,0,0,0.40675737663466704
20,64.49,9.72,1,0,0,0,0,0.2899080894062236
13,43.02,52.76,1,1,1,0,1,0.6393077539432368
12,259.67,40.52,2,0,1,0,1,0.5256357113251406
3,45.67,43.06,3,0,0,1,1,0.8069914375815449
18,67.13,5.83,2,0,1,0,0,0.1951324835282205
1,128.14,78.01,1,0,1,0,0,0.44516630840173904
23,110.93,30.99,1,0,0,0,0,0.420235620234742
6,79.61,23.0,3,0,0,0,1,0.7513587966782141
1,18.47,25.42,1,0,1,0,0,0.15220517182710155
1,21.39,71.08,2,0,1,0,0,0.49451727568439086
8,106.37,64.44,1,0,1,0,0,0.3376478419615437
8,161.9,24.08,1,0,1,0,0,0.2148421459734404
3,74.37,33.69,1,0,1,0,0,0.20384313636789952
2,64.14,1.09,3,0,1,0,0,0.3607067813199359
13,63.87,15.22,4,0,0,0,1,0.8231734575300557
8,216.9,9.58,1,0,1,0,0,0.1998341656472357
12,186.18,28.86,1,0,1,0,0,0.23895411750248657
9,140.27,33.22,1,0,1,0,0,0.2310573387328843
13,115.28,64.39,2,0,0,0,1,0.7786285843765113
22,6.45,25.05,2,0,1,0,0,0.21377614731318656
6,223.56,30.81,4,0,1,0,1,0.7912442925296126
8,59.46,78.87,1,0,0,0,1,0.6609433426904959
6,17.5,84.99,2,0,1,0,1,0.5459668937670723
6,59.08,25.97,1,0,1,0,0,0.16540525318210839
8,70.15,14.5,1,0,1,0,0,0.13712418905654047
18,194.54,15.5,1,0,1,0,0,0.18528889349557198
7,34.09,46.81,1,0,1,0,0,0.2147522959037167
23,87.27,30.43,1,0,0,0,0,0.39590144650734965
11,11.67,47.57,1,0,1,0,0,0.19499072948724175
20,35.11,27.5,3,0,0,0,1,0.6999450382310576
19,43.78,50.92,2,0,0,0,1,0.6528884957007038
10,83.21,51.9,1,0,1,0,0,0.26003897255002517
12,91.49,48.55,1,0,1,0,0,0.24790555901340336
0,88.24,37.51,3,0,1,0,1,0.573282929916127
7,39.4,7.4,1,0,1,0,0,0.11021784339131101
8,152.65,81.2,4,0,1,0,1,0.8886519027272219
11,69.46,42.98,1,0,1,0,0,0.21508571013577796
13,86.58,47.18,2,0,0,0,1,0.6888722153880428
14,236.84,21.63,1,0,1,0,0,0.2418448622552583
21,136.11,1.46,1,0,1,0,0,0.1160959286444535
10,78.33,6.1,1,0,0,0,0,0.31281654404128484
13,15.93,55.85,1,0,0,0,0,0.4908509937969113
11,73.1,32.69,1,0,0,0,0,0.43242733652241483
6,128.44,24.62,1,1,0,0,1,0.8358174159517401
15,344.76,44.8,1,0,1,0,0,0.4325842261692435
4,54.88,68.35,1,0,1,0,0,0.32411736727471036
20,524.98,39.6,1,0,1,0,1,0.5586217668635798
9,29.43,33.36,1,0,1,0,0,0.1655542777177472
20,142.08,18.03,1,0,0,0,0,0.3936497103885525
10,174.79,12.81,1,0,0,0,0,0.42923948223001607
14,364.82,12.31,1,0,1,0,0,0.29901655782805553
8,294.02,39.89,1,0,1,0,0,0.3841507082820836
3,18.77,29.97,1,0,1,0,0,0.16127458752122303
1,225.81,44.46,4,0,1,0,1,0.8439347903197394
19,174.08,22.72,2,0,1,0,0,0.33653411228659225
9,166.2,35.37,3,0,1,0,1,0.6051695020030466
0,94.3,67.51,1,0,1,0,0,0.3656177149223465
20,438.97,4.24,2,0,1,0,0,0.48157941069002713
5,20.99,30.04,1,0,1,0,0,0.1590640261556372
19,19.91,4.75,1,1,1,0,0,0.35829640374479665
3,177.89,0.5,1,0,1,0,0,0.1603109441737805
5,23.73,6.14,1,0,1,0,0,0.10458130549719113
9,49.75,85.42,1,0,0,0,1,0.6797707819244919
12,46.35,21.63,1,0,0,0,0,0.3511823079013859
23,102.05,7.36,1,0,1,0,0,0.11273932737713419
2,62.01,52.53,1,0,0,0,1,0.5530831549346136
15,138.21,0.0,1,0,1,0,0,0.12202949140105303
21,10.38,7.19,1,0,1,0,0,0.08424471004872001
3,81.8,5.39,5,0,0,0,1,0.9070360604118425
7,217.85,73.04,4,0,1,1,1,0.8973313570452915
20,18.36,4.2,1,0,0,0,0,0.23441722543006294
18,247.26,42.83,1,0,1,0,0,0.3276191000377546
8,204.75,31.32,1,1,0,1,1,0.8836045586077871
20,37.96,12.33,1,0,1,0,0,0.10312441498282345
8,138.15,7.69,3,0,1,0,0,0.4412862848144531
18,269.16,44.96,1,0,1,0,0,0.3560624561267868
23,46.06,15.85,1,0,0,0,0,0.2935094413988781
3,40.44,68.16,1,0,1,0,0,0.3142851821410642
17,72.69,28.69,1,0,1,0,0,0.16036134739506439
20,118.55,10.49,1,0,1,0,0,0.1304517510732819
1,180.5,4.8,1,0,1,0,0,0.17781449266893737
10,17.35,58.01,3,0,0,0,1,0.8234571731299676
17,69.71,18.41,1,0,1,0,0,0.13255022851070683
16,30.5,0.56,1,0,1,0,0,0.08462263877626258
22,137.25,37.52,1,0,1,0,0,0.2148806332318151
19,24.93,36.98,3,0,1,0,0,0.449231366705811
10,53.94,50.71,1,0,1,0,0,0.23493186975562155
15,63.91,46.5,1,0,1,0,0,0.2149340776170526
17,55.91,17.53,1,0,1,0,0,0.12468743355436601
5,107.32,60.86,2,0,1,0,1,0.5097622042376901
7,134.62,56.38,1,0,0,0,1,0.6226172158564285
15,26.69,4.02,3,1,1,1,1,0.7246354204246692
1,85.33,4.17,1,1,0,0,1,0.7519629699235354
16,19.09,11.24,1,0,0,0,0,0.2722516199988283
0,37.86,14.78,1,0,1,0,0,0.1358265875142943
21,22.72,43.24,1,0,1,0,0,0.16844488666268181
20,86.38,22.98,2,0,1,0,0,0.26555729152568885
20,47.13,6.6,1,0,1,0,0,0.09565495674051629
4,88.8,14.73,2,0,0,0,1,0.56284597932664
22,60.94,49.54,1,0,1,0,0,0.20819046341323802
10,127.48,41.87,1,0,1,0,0,0.25247067870674494
14,186.9,50.7,1,0,0,0,1,0.6198539672963377
15,70.97,21.09,1,0,0,0,0,0.36089134793862093
0,27.24,13.48,1,0,1,0,0,0.12817067050630654
22,94.85,23.87,1,0,0,0,0,0.3737813673779277
22,49.53,47.33,1,0,1,0,0,0.19396749280967096
9,159.83,52.95,1,0,1,0,0,0.32694047717483293
18,195.55,23.55,1,0,1,0,0,0.21227924658113217
16,89.29,16.62,1,0,1,0,0,0.13841544763573996
22,59.05,28.63,1,0,0,0,0,0.36517786823403525
9,159.88,3.55,1,0,1,0,0,0.14934639292044272
14,173.47,65.5,1,0,1,0,0,0.3828075838512373
5,118.97,46.79,1,0,1,0,0,0.2787689725216149
21,199.7,14.25,1,0,1,0,0,0.17849374369264603
13,71.81,7.17,1,0,1,0,0,0.11407500159325304
9,306.39,15.41,1,0,0,0,1,0.5690643826826678
9,314.76,41.94,1,0,1,0,0,0.4098376211009676
8,17.22,21.18,3,0,0,0,1,0.6914350553998984
18,20.19,6.11,1,1,1,0,0,0.36805649655862493
1,147.74,28.42,1,0,1,0,0,0.23720060752456645
14,12.91,3.94,1,0,0,0,0,0.24403184592375074
10,21.7,19.98,1,0,1,0,0,0.12615028711731469
23,103.2,7.97,1,0,1,0,0,0.11444149846792243
0,244.24,18.42,3,1,1,0,1,0.9073392635583579
7,547.24,14.18,1,0,1,0,0,0.4915911148848482
0,69.03,53.68,1,1,1,0,1,0.7026648741937814
10,140.85,55.23,1,0,1,0,0,0.3186942411314386
23,25.88,40.52,1,0,1,0,0,0.15881591625321365
6,119.48,0.74,2,0,1,0,0,0.23740427407046671
21,21.84,20.95,3,0,1,0,0,0.3607822518680972
7,182.86,29.85,5,0,1,0,1,0.868721992585798
8,326.02,12.33,1,0,1,0,0,0.28513068335197284
12,29.7,53.47,1,0,0,0,0,0.49485386477891996
13,395.51,15.42,2,1,1,1,1,0.8671464300174525
10,66.7,39.04,1,0,1,0,0,0.20213482471311717
0,67.29,9.28,2,0,1,1,0,0.24804328147218296
8,647.67,26.68,1,0,1,0,1,0.6432594853470928
1,103.86,34.59,1,0,1,0,0,0.23033162920276715
9,357.02,27.26,2,0,1,0,1,0.5587070816693377
7,337.5,7.08,2,0,1,0,0,0.44343038943811974
14,253.25,11.06,1,0,1,0,0,0.21441810130522543
23,61.31,30.17,1,0,1,0,0,0.1484628604560249
9,146.98,92.04,1,0,1,0,1,0.5087290438805768
20,124.61,10.1,1,0,0,0,0,0.3404533546026045
4,11.88,42.54,1,0,1,0,0,0.1932728780020006
20,176.29,24.71,1,0,1,0,0,0.20001162594595762
19,81.28,0.96,1,0,1,0,0,0.09790147162825238
17,16.87,12.64,1,0,1,0,0,0.10004214663439864
4,61.11,27.15,1,0,1,0,0,0.17359923689359605
12,132.4,17.75,1,0,1,0,0,0.16936191166003683
12,211.5,23.53,1,0,1,0,0,0.23635693244919756
19,14.66,2.66,2,0,1,0,0,0.1553402447525925
22,184.3,66.3,1,0,1,0,0,0.3716102140828585
21,7.5,48.26,1,0,1,0,0,0.17499216147088958
6,47.07,8.57,1,0,0,0,0,0.30970837742728974
23,74.52,45.44,2,0,0,0,1,0.6415913785059871
18,54.83,27.24,3,0,0,0,1,0.7195631555566046
1,126.81,42.45,1,0,1,0,0,0.2772913456347481
16,73.15,27.11,1,0,1,0,0,0.15799289367316638
8,40.28,23.72,1,0,1,0,0,0.14653309389299712
1,94.44,61.27,1,1,0,0,1,0.9105191430959074
19,126.84,4.88,1,0,1,0,0,0.12258505842560169
9,20.45,33.84,3,0,1,0,0,0.4615437667212107
6,83.85,6.86,1,0,1,0,0,0.12798548129181714
16,474.61,2.88,1,0,0,0,1,0.6370043403594811
18,33.79,44.81,1,0,1,0,0,0.18494157157246116
5,118.32,25.03,1,0,0,0,0,0.4549954966602207
19,82.92,6.5,1,0,0,0,0,0.2932711176172974
6,44.32,3.56,1,0,1,0,0,0.10565040579011228
3,47.31,48.59,1,0,1,0,0,0.2391244594339376
16,39.54,40.44,1,0,1,0,0,0.17867808065051796
0,75.54,47.15,1,0,1,0,0,0.2608949432514472
21,43.8,46.39,2,0,1,0,0,0.3299017300056609
10,153.25,9.02,1,0,1,0,0,0.1590710067831171
9,54.24,60.97,1,0,1,0,0,0.27787835116069864
12,154.7,41.54,1,1,1,0,1,0.6847032810044406
13,39.1,43.78,1,0,1,0,0,0.19485026586449947
20,34.74,3.89,1,1,1,0,0,0.3640837980458037
1,17.93,13.73,1,0,1,0,0,0.12343306834071781
19,137.08,11.72,1,0,0,0,0,0.3617576079990016
9,183.61,27.16,1,0,1,0,0,0.2379829847817199
9,126.14,9.53,1,0,1,0,0,0.14883571991235153
18,49.97,28.12,1,0,1,0,0,0.1460288807428503
10,16.93,26.92,1,0,1,0,0,0.14058653154001483
11,42.43,20.47,1,0,1,0,0,0.13466986346157206
18,68.91,35.48,2,0,1,0,0,0.3101627779262144
17,60.85,6.44,1,0,0,0,0,0.2813512868343013
16,169.32,18.69,4,0,1,0,1,0.6785074956185433
22,160.71,36.15,1,0,0,0,0,0.49634244425701823
11,107.07,43.48,1,0,1,0,0,0.24188003175555048
2,56.88,22.52,1,0,1,0,0,0.16172701129931927
19,215.29,11.77,1,0,1,0,0,0.18352522706378946
6,113.93,5.06,1,0,0,0,0,0.34940374992152
19,48.91,34.02,1,0,1,0,0,0.15954100945224114
1,197.09,14.41,1,0,1,0,0,0.21914601710209736
23,51.46,23.27,1,0,1,0,0,0.1271909916901735
21,27.11,8.26,1,1,1,0,0,0.3753015993600485
12,65.42,34.27,1,0,1,0,0,0.18207316706420323
12,710.8,24.52,1,0,1,0,1,0.6749401216139533
3,29.73,4.94,1,0,1,0,0,0.10686450224551375
14,160.9,18.99,1,0,1,0,0,0.184918219678406
2,289.86,10.98,1,0,0,0,1,0.5538618689679947
1,64.5,20.65,1,0,1,0,0,0.16217899567649524
16,58.56,39.37,1,0,1,0,0,0.18608571954023356
18,80.13,49.51,1,0,0,0,1,0.5023146362059123
9,51.55,53.95,1,0,1,0,0,0.2479082888975508
2,20.43,1.19,2,0,0,0,0,0.4358905766862314
5,31.54,25.08,1,1,1,0,1,0.5159254791818816
21,11.76,11.76,1,0,0,0,0,0.25620684377817016
7,77.1,30.77,1,0,0,0,0,0.4393170960835153
23,74.12,10.48,1,0,0,0,0,0.29250964268170015
9,231.5,33.47,2,0,0,0,1,0.7523872216283862
19,11.64,31.36,1,0,1,0,0,0.13505204347364175
11,266.55,11.34,1,0,1,0,0,0.23090681416403264
17,99.44,44.03,1,0,1,0,0,0.22468214770153888
15,20.45,16.78,1,0,0,0,0,0.29925962992461463
22,44.58,6.72,1,0,1,0,0,0.0928050971061304
13,57.18,43.27,1,0,1,0,0,0.20405809543047954
14,38.69,2.82,1,0,1,0,0,0.09300923333360558
7,73.82,13.24,1,0,1,0,0,0.1372428679638047
3,23.04,18.28,1,0,1,0,0,0.13313263144084234
3,115.85,11.17,1,0,1,0,0,0.1584199611662293
13,88.79,25.93,1,0,1,0,0,0.16809379633970903
17,20.05,51.9,1,0,0,0,0,0.4613404516700725
10,53.11,18.53,1,0,0,0,0,0.3484228510312963
16,108.79,67.04,3,0,1,0,1,0.6837861046790802
8,27.82,17.8,1,0,1,0,0,0.12663723174843927
0,19.61,1.0,1,0,1,0,0,0.09946785026612127
5,61.51,33.21,2,0,1,0,0,0.3310533930139469
6,54.65,27.37,1,0,1,0,0,0.1670879464076669
11,98.04,44.15,1,0,1,0,0,0.23818631074553157
18,661.76,14.35,1,0,1,0,1,0.5639920552677379
5,154.08,10.96,1,0,0,0,0,0.4168896591383945
23,78.71,23.8,1,1,1,0,0,0.4947512576275381
10,166.65,5.74,2,0,0,0,1,0.5701173552004017
20,169.09,4.31,2,0,1,0,0,0.2516084877916379
11,63.26,5.26,1,0,1,0,0,0.10957137436590855
0,129.29,52.48,1,0,1,0,0,0.32545897629571285
3,145.78,31.95,1,0,1,0,0,0.24434675158760005
22,31.74,8.33,1,0,1,0,0,0.09152919016469095
11,12.26,18.27,1,0,0,0,0,0.3103432864093955
9,35.69,1.93,2,0,1,0,0,0.18275276560587744
1,141.08,11.22,3,0,1,0,0,0.48493194197354683
0,94.83,58.46,1,0,0,0,1,0.6190083355788836
11,19.14,18.66,1,0,1,0,0,0.120743198659323
10,11.25,30.02,4,0,1,0,1,0.6137253441454171
11,366.12,31.44,1,0,1,0,0,0.39806276100517385
14,54.28,82.68,1,0,1,0,0,0.36050960068636834
23,127.85,57.6,1,0,1,0,0,0.2828059589166377
12,51.61,37.35,1,0,1,0,0,0.18377429185389144
15,145.13,16.35,1,0,1,0,0,0.16653761110713278
4,86.71,21.94,1,0,1,0,0,0.1720543289344303
17,110.59,25.62,1,0,0,0,0,0.41217270988234744
10,83.31,37.46,1,1,1,0,1,0.6102646572670615
1,139.82,21.63,1,0,1,0,0,0.20786178756100046
9,882.49,3.7,1,0,1,0,1,0.7287875978207656
3,26.1,64.68,1,0,0,0,1,0.5780889918117006
11,97.9,5.31,3,0,1,0,0,0.38316245492413104
19,19.63,22.6,1,0,0,0,0,0.31292159772856454
2,65.16,26.18,1,0,0,0,0,0.42118341230331274
1,123.39,41.43,3,0,1,0,1,0.621392500713268
14,107.98,66.07,1,0,1,0,0,0.328962483397216
3,39.04,18.96,1,0,1,0,0,0.14194977411811294
7,83.81,0.64,4,0,1,0,1,0.5425584896799885
11,110.09,39.46,2,0,1,0,0,0.38457268777799664
1,110.83,75.65,1,0,0,0,1,0.7082191606189541
20,40.71,3.85,1,0,1,0,0,0.088884045767803
22,304.14,43.2,2,0,1,0,1,0.5484273654738774
9,132.68,51.12,1,0,1,0,0,0.2968901478347187
22,85.18,0.7,4,0,1,0,0,0.4950471726254515
0,99.83,67.05,1,0,1,0,0,0.36826046492907305
3,48.27,39.28,1,0,0,0,0,0.46883631930140035
23,496.85,60.81,1,0,1,0,1,0.6288153611963785
13,162.74,6.74,2,0,1,0,0,0.2744698507224332
17,65.67,49.31,1,0,1,0,0,0.2214652154069613
6,118.24,69.56,2,0,0,0,1,0.812639021254308
16,71.45,10.47,1,0,0,0,0,0.3096763545854611
4,102.34,16.52,2,0,1,0,0,0.2931336761743474
16,125.5,38.09,1,0,1,0,0,0.22277359993463716
1,212.08,12.71,1,0,0,0,0,0.49293318622880267
23,29.83,22.8,2,0,1,0,0,0.2186372722903733
6,102.33,7.33,4,0,0,0,1,0.8337356188748006
1,9.54,13.26,1,0,0,0,0,0.3141559414548324
10,13.88,35.87,1,0,1,0,0,0.16280312393780352
3,45.75,16.23,2,0,1,0,0,0.2522821161653762
22,314.98,75.88,1,0,1,0,1,0.5411321423270812
20,56.32,39.68,1,0,0,0,0,0.4232792170062571
23,83.16,51.54,1,0,0,0,0,0.4992230753565753
14,57.67,59.32,1,0,1,0,0,0.26082344102028493
13,51.65,8.02,1,0,1,0,0,0.10829367172665212
1,32.53,7.79,1,0,1,1,0,0.11633072015358566
2,100.47,14.77,1,0,1,0,0,0.16236544863049826
4,168.62,47.14,2,0,0,0,1,0.7723338004054744
13,190.28,0.6,2,0,1,0,0,0.26998194934793435
5,83.01,2.9,1,0,1,0,0,0.12020108137072284
10,129.9,32.5,1,0,1,0,0,0.21935696899403628
11,33.34,25.2,1,0,1,0,0,0.14220380775880376
14,13.48,76.28,1,0,1,0,0,0.297571560153399
15,80.59,1.74,1,1,1,0,0,0.41012432787633113
6,18.6,15.44,1,0,0,0,0,0.3170643453041765
20,140.62,0.37,1,0,0,0,0,0.30973030553977393
10,28.51,1.92,2,0,1,0,0,0.17679491191599472
22,83.95,71.36,1,0,1,0,0,0.31013286382269467
15,522.24,24.18,1,1,1,0,1,0.8537697358173221
1,37.74,70.09,2,0,0,0,1,0.7756000733731473
10,125.77,11.39,1,0,1,0,0,0.15187672425745588
13,146.69,91.76,1,0,1,0,0,0.493890383742337
3,230.52,17.34,1,0,0,0,1,0.5275778751866981
3,43.7,34.26,2,0,1,0,0,0.32679715815101806
19,25.35,4.07,1,0,1,0,0,0.08567645768957488
8,362.69,14.73,1,0,1,0,0,0.32488536412249036
10,85.46,5.69,1,0,0,0,0,0.31679426958890383
12,81.2,22.65,1,0,1,0,0,0.156793755603854
9,291.84,38.04,1,0,1,0,0,0.3701831187416411
19,132.67,76.36,4,0,1,0,1,0.852909257193976
1,284.91,42.8,2,0,1,0,1,0.5960810534782787
3,127.55,5.54,2,0,1,0,0,0.26928462371560574
3,75.62,2.38,3,0,1,0,0,0.37389378474622736
4,151.1,10.97,1,0,1,0,0,0.17446018515417452
5,33.58,10.3,1,1,1,0,0,0.44198253344474825
12,287.0,36.98,1,0,1,0,0,0.35185453629334434
14,38.08,25.51,1,0,1,0,0,0.14037069378385897
12,180.1,70.54,1,0,1,0,0,0.4200545438677874
0,19.14,21.09,1,0,0,0,0,0.3612140913972345
23,79.06,0.57,1,0,1,0,0,0.09198239651121458
10,114.43,19.94,1,0,1,0,0,0.16986944499746207
10,156.77,17.99,5,0,1,0,1,0.8187009722157994
22,101.3,37.06,1,0,1,0,0,0.19142043974413875
0,25.4,8.39,2,0,1,0,0,0.21663406788745931
0,355.89,4.07,1,0,0,0,1,0.5864165118767928
7,37.65,67.01,1,0,0,0,1,0.5875880683950488
22,21.0,67.19,1,0,1,0,0,0.24548889110323457
16,227.83,28.18,4,0,0,0,1,0.9155984282123647
12,54.88,17.03,1,0,1,0,0,0.13041015981298554
17,81.26,30.3,1,0,1,0,0,0.1693769971357211
8,399.99,37.41,1,0,0,0,1,0.7497816338844473
0,29.53,27.46,1,0,1,0,0,0.1651301521565968
22,55.07,9.68,1,0,0,0,0,0.2771930785256422
12,63.41,7.61,1,0,1,0,0,0.11311961709821411
20,130.65,9.7,1,0,1,0,0,0.13381778696920635
16,79.98,7.8,2,0,0,0,0,0.47980566011357606
12,55.53,29.95,1,0,0,0,0,0.3994407716400023
5,19.71,4.77,1,0,1,0,0,0.1005873614886599
13,52.08,9.63,1,0,1,0,0,0.11169978123518509
1,337.74,20.28,1,0,0,0,1,0.6460223563953881
2,28.84,46.46,1,0,1,0,0,0.22133492353980344
18,90.7,31.92,1,0,1,0,0,0.1773809915415741
19,240.23,90.31,1,0,0,1,1,0.808544053452565
18,102.3,20.37,1,0,1,0,0,0.15078842206135676
2,408.0,5.97,1,0,1,0,0,0.34022586036281244
5,142.26,48.56,1,0,1,0,0,0.30443348058345104
1,49.8,54.12,1,0,1,0,0,0.26739036743896794
9,34.49,10.94,2,0,0,0,0,0.4760665435059511
19,12.93,56.01,3,0,1,0,1,0.5357078411441729
4,99.67,41.84,1,0,0,0,1,0.5271353889184713
19,178.38,8.83,1,0,0,0,0,0.38425192596629804
19,102.37,11.17,3,0,1,0,0,0.3908980406658335
2,6.04,48.04,1,0,1,0,0,0.21226393906479582
14,120.03,21.81,1,0,0,0,0,0.41131746560381605
18,120.4,7.03,1,1,1,0,0,0.4641385160931168
14,95.11,37.38,1,0,0,0,0,0.4671259107193334
10,59.47,10.13,3,0,0,0,1,0.6708962913173578
22,13.43,18.86,1,0,0,0,0,0.28367372074545005
2,382.61,10.4,2,0,0,0,1,0.7854602119094658
13,42.0,42.85,1,0,1,0,0,0.19356301638245113
7,293.23,65.21,2,0,0,0,1,0.883337528666589
14,129.85,52.77,1,0,0,0,1,0.5784543570603238
2,62.42,3.32,5,0,1,0,1,0.7220149813608056
5,19.15,7.15,3,0,1,0,0,0.34153223741603767
1,56.54,31.6,1,0,1,0,0,0.1905405066838699
11,208.45,29.36,1,0,1,0,0,0.2590311151908221
0,118.6,40.44,1,0,0,0,1,0.5507465627405307
17,38.33,0.2,4,0,0,0,1,0.7464376449834701
9,78.38,29.7,2,0,1,0,0,0.31764346123327725
7,37.03,44.95,1,0,1,0,0,0.21019486869766696
7,67.56,17.4,1,0,1,0,0,0.14476387145943265
2,204.1,13.83,1,0,0,0,0,0.4878997548360129
15,37.94,22.87,1,0,0,0,0,0.340877804082664
21,157.05,32.52,1,0,1,0,0,0.2123225794632256
2,70.27,0.17,2,0,0,0,0,0.47728668871082375
9,95.19,22.4,2,0,0,0,1,0.5912742717745577
8,37.59,28.27,3,0,1,0,0,0.452361371056451
12,13.92,72.19,1,0,1,0,0,0.28592586236573114
22,43.43,56.78,1,0,1,0,0,0.22222894645841293
0,154.47,9.14,1,0,0,0,0,0.4241001925492879
0,444.73,19.37,1,0,1,0,0,0.4448699945045202
18,40.01,57.37,2,0,1,0,0,0.3876238882420675
0,45.19,1.02,1,0,0,0,0,0.2920613971742213
8,64.16,13.29,1,0,1,0,0,0.13159775762361717
21,245.43,3.34,2,1,1,0,1,0.7223357921354479
0,192.61,26.94,2,0,0,0,1,0.7207712812194663
17,92.91,61.18,1,0,1,0,0,0.2870320115116056
22,80.94,18.7,1,0,1,0,0,0.13057431958397428
9,16.42,60.87,1,0,1,0,0,0.2497964036504777
11,44.3,31.16,1,1,0,0,1,0.7988711455127887
11,19.16,70.95,1,0,1,0,0,0.28742593270158295
22,185.71,35.62,1,1,1,0,1,0.6545718109847282
3,33.16,35.74,1,0,1,0,0,0.18609017824909801
15,22.22,18.53,1,0,1,0,0,0.1161945809584089
11,88.03,50.77,1,0,1,0,0,0.25654654411735905
19,88.51,33.92,1,0,1,0,0,0.1802924974188995
5,62.37,32.9,4,0,1,0,1,0.6858408468596076
5,78.89,47.18,1,0,1,0,0,0.25092386255571814
4,7.91,53.52,1,0,1,0,0,0.22835641067590026
11,41.95,18.96,1,0,1,0,0,0.13087913102524432
7,28.61,62.28,1,1,1,0,1,0.6884576234805313
15,44.22,20.52,1,0,0,0,0,0.335341826818841
0,91.44,17.35,1,0,0,0,0,0.4074540572157975
6,175.28,86.79,1,0,1,0,1,0.5182027956315337
19,17.94,31.93,1,0,0,0,0,0.35420008578473644
13,72.99,23.06,1,0,1,0,0,0.15213949714825464
8,121.89,16.15,1,0,1,0,0,0.16655212374273579
3,94.25,47.94,1,0,1,0,0,0.27015086623797296
6,124.51,39.91,3,0,0,0,1,0.8352944588687009
19,47.88,43.89,1,0,0,1,0,0.4399695426394291
22,95.73,9.77,1,0,1,0,0,0.11669433159966978
14,73.17,55.27,1,1,1,0,1,0.6736316713930164
17,63.75,10.15,1,0,1,0,0,0.11192105923447197
8,54.4,15.55,1,0,1,0,0,0.13271706727283597
19,79.64,31.92,3,0,1,0,0,0.47459377943164266
19,20.83,25.44,1,0,1,0,0,0.12517281482554535
9,41.35,34.09,2,0,1,0,0,0.3070777426504956
6,79.1,10.52,1,0,0,0,0,0.3451309077110933
21,185.63,10.71,1,0,1,0,0,0.16075953378911081
23,75.3,43.48,2,0,0,0,1,0.6329362883250945
18,139.65,52.52,1,1,1,0,1,0.7039562170420195
14,115.02,61.47,2,0,1,0,0,0.4906371069615283
0,175.91,65.15,1,0,1,0,0,0.42753373100082226
13,62.52,34.73,1,0,1,0,0,0.17991155949915832
19,231.44,6.65,2,0,0,0,1,0.6052289777953441
21,98.07,57.33,2,0,1,0,0,0.4308092350176401
16,380.58,23.02,1,0,1,0,0,0.35477318191768914
19,49.34,28.48,1,0,1,0,0,0.14502386122646563
18,37.63,28.27,1,0,0,0,0,0.3569420955632521
21,163.28,2.97,3,0,1,0,0,0.3991423731907431
21,87.48,68.8,2,1,0,0,1,0.9493130695663281
17,56.12,71.99,1,0,1,0,0,0.30452328675124263
20,133.24,28.61,1,0,1,0,0,0.1872140951883894
23,188.11,10.6,3,0,0,0,1,0.7381630862914974
9,203.33,8.8,3,0,1,0,1,0.5049028975088315
13,22.93,7.38,1,0,1,0,0,0.097107338512803
20,84.76,16.54,1,0,1,0,0,0.13013767542501534
1,51.32,14.96,1,0,1,0,0,0.14075309655849153
0,168.23,50.32,1,0,0,0,1,0.6443803607349329
10,107.79,8.17,1,0,1,0,0,0.13539100579976693
6,22.45,87.72,1,0,0,0,1,0.676235973320925
18,57.86,46.74,1,0,1,0,0,0.20543265686491183
21,140.88,67.1,1,0,0,0,1,0.6367819651056938
9,340.91,26.33,2,0,1,0,1,0.5389210213127664
14,92.42,48.77,4,0,1,1,1,0.7508124327462246
10,101.01,6.26,1,0,1,0,0,0.12796930053659142
18,48.41,41.15,1,0,1,0,0,0.1819044587799982
4,369.49,0.45,1,0,1,0,0,0.2793871301501145
3,56.5,44.62,1,0,1,0,0,0.23065285476437936
21,126.15,45.95,1,0,1,0,0,0.24034437423814733
15,31.92,1.98,1,0,0,0,0,0.24740161917877015
20,20.91,11.85,1,0,1,0,0,0.09646186041042092
4,29.67,57.08,1,0,1,0,0,0.25688911710217965
9,9.7,24.69,1,0,1,0,0,0.13348189209797207
5,58.92,58.32,1,0,0,0,1,0.5698921861884595
21,40.53,12.6,1,0,0,0,0,0.2809060408607004
7,91.76,7.23,1,0,1,0,0,0.13072550178012168
21,120.46,10.8,1,0,0,0,0,0.3372382272231607
19,73.82,9.96,2,0,0,0,0,0.47529054983121666
15,87.67,12.64,2,0,1,0,0,0.23869490762819384
1,73.95,4.17,1,0,1,0,0,0.12498685646138105
19,22.74,31.29,4,0,0,0,1,0.8368888130310059
23,49.25,16.02,1,0,0,0,0,0.29674068937071285
23,71.46,15.89,1,0,1,0,0,0.11892343063734166
17,79.52,2.36,1,0,1,0,0,0.10226524288423819
17,186.35,72.44,1,0,1,0,0,0.4193478612947476
9,68.74,28.91,2,0,1,0,0,0.3063466499380141
15,441.91,5.05,2,0,1,0,1,0.5049203435622468
13,97.88,67.3,1,0,1,0,0,0.3290460279332503
6,38.14,42.84,1,0,1,0,0,0.20588396948615006
18,104.12,16.52,1,0,1,0,0,0.1417421588570845
19,75.54,32.85,1,0,0,0,0,0.40988305571938377
2,41.32,24.24,1,0,0,0,0,0.38988484101190624
8,225.21,26.02,1,0,1,0,0,0.26556304843466766
14,38.83,3.53,1,0,0,0,0,0.2608802939924383
9,100.13,43.41,1,0,0,0,1,0.5192684046109014
23,73.93,5.65,2,0,0,0,0,0.44033415475737675
2,90.2,54.16,1,0,1,0,0,0.2957027574274547
21,62.67,52.45,4,0,0,0,1,0.8998528179945302
21,71.61,50.42,2,0,1,0,0,0.3726850537287408
17,336.28,49.2,3,0,1,0,1,0.7770282444295937
9,107.82,10.87,1,0,1,0,0,0.14365722555934235
19,72.02,21.09,1,0,0,0,0,0.3497736738628433
23,159.52,19.67,1,0,0,0,0,0.4081044764620208
17,108.12,49.7,4,0,1,0,1,0.758037152987193
22,107.31,36.4,1,0,1,0,0,0.19282759070642164
2,31.47,4.82,1,0,1,0,0,0.10851858745472667
5,12.51,19.89,1,0,1,0,0,0.12939418273407097
22,26.79,28.82,2,0,1,0,0,0.2408681367742421
22,138.0,13.42,1,0,1,0,0,0.1431344475562028
2,137.75,6.75,1,0,1,0,0,0.15903975305341855
21,191.76,16.94,1,0,1,0,0,0.18226106672882555
14,37.83,25.7,1,0,1,0,0,0.14072970806113264
7,102.02,27.39,1,0,0,0,0,0.44531986654122196
18,276.21,4.3,1,0,1,0,0,0.19723068503508898
16,174.16,0.9,4,0,1,0,1,0.5983554243485625
14,97.99,6.47,2,0,1,0,0,0.2253187676786302
11,50.96,114.21,1,0,0,0,1,0.7898864892391942
13,133.85,5.14,1,0,1,0,0,0.134978752101873
12,29.53,10.65,1,0,0,0,0,0.2883282209887202
15,58.52,34.31,3,0,0,0,1,0.7579106747950302
14,172.59,30.92,1,0,1,0,0,0.23263788381837916
7,152.44,51.23,1,0,1,0,0,0.31883805493002476
2,75.79,10.69,1,0,1,0,0,0.1396892816533204
10,49.89,11.71,3,1,1,0,1,0.7823025734594576
16,65.21,24.38,1,1,1,0,1,0.5079773683357641
10,59.52,28.12,1,0,0,0,0,0.40030201858824366
3,251.79,38.6,3,0,1,0,1,0.7099474803116294
14,89.78,12.76,2,0,0,0,1,0.521133392757021
23,161.01,48.42,1,0,1,0,0,0.2699882457197936
22,24.41,53.19,2,0,0,0,1,0.6378655206609996
15,91.28,12.39,1,0,1,0,0,0.13067061271402383
2,128.32,11.14,1,0,0,0,0,0.40380866739506655
3,23.33,25.54,1,0,1,0,0,0.1515035634411813
15,77.86,21.35,3,0,0,0,1,0.7205432835621016
12,14.36,12.16,2,0,1,0,0,0.19673381985714916
8,87.25,28.44,1,0,1,0,0,0.18427215177784806
7,36.48,36.47,1,0,1,0,0,0.18234309387646208
1,91.63,16.89,1,0,1,0,0,0.16558255224901658
12,13.19,3.38,1,0,1,0,0,0.08820006090796216
20,39.22,54.74,1,0,1,0,0,0.21680452334292433
23,681.82,23.71,1,0,1,1,1,0.6130780910490871
22,81.64,38.38,1,0,1,0,0,0.18425953089052707
19,134.61,27.11,1,0,1,0,0,0.18530191086117465
9,51.29,27.08,1,0,1,0,0,0.15916865115533
5,73.8,7.76,1,0,0,0,0,0.3308719994535677
14,26.93,43.06,1,0,0,0,0,0.43247159384298456
17,56.09,15.16,1,0,1,0,0,0.11952613887646225
11,126.7,5.1,1,0,1,0,0,0.13479901660895285
11,125.46,5.79,1,0,1,0,0,0.1359156354806202
8,24.82,60.68,1,0,1,0,0,0.25753675896631956
18,214.94,35.73,1,0,1,0,0,0.2714749045467629
7,30.2,19.75,1,0,0,0,0,0.34347019137962226
14,30.48,47.5,1,0,1,0,0,0.19976245666463152
23,50.44,21.94,1,0,1,0,0,0.12376195870061206
13,24.58,42.03,1,0,0,1,0,0.42831353586718124
5,389.68,23.22,2,0,1,0,1,0.5813550281963085
5,45.42,41.1,1,0,1,0,0,0.20665781569432282
7,160.43,19.86,1,0,1,0,0,0.20175645712282647
8,178.59,6.06,1,0,1,0,0,0.1673765841649451
7,152.25,21.02,1,0,1,0,0,0.20063991613042614
19,129.33,21.03,1,0,1,0,0,0.16437638221783704
12,76.75,40.34,1,0,1,0,0,0.20840508768584756
9,128.41,15.28,1,0,0,0,0,0.4023106438982672
4,33.6,24.94,2,0,1,0,0,0.2756873264911041
2,51.1,1.98,1,0,1,0,0,0.11002839035609138
9,20.34,59.67,3,0,1,0,1,0.5933119409798269
10,50.24,53.68,1,0,1,0,0,0.24352920173077652
3,759.0,17.42,1,0,0,0,1,0.8913968875108204
12,270.31,40.78,1,0,1,0,0,0.3553644067075269
11,81.64,15.94,1,0,1,0,0,0.14115207357972662
3,348.7,50.09,1,0,0,0,1,0.7739776797158391
5,222.14,17.41,1,0,1,0,0,0.23742244274487367
7,80.39,36.59,1,0,1,0,0,0.20874850462443673
4,193.78,35.14,1,0,1,0,0,0.29000274917075936
15,81.06,55.33,1,0,1,0,0,0.25945161054719
0,271.16,1.89,1,0,1,0,0,0.22510488524331151
16,204.23,1.28,2,0,0,0,1,0.5630159516034612
2,47.42,13.78,1,0,1,0,0,0.13456389299596155
23,53.62,10.41,4,0,1,0,1,0.5120264647286552
17,38.63,37.56,1,0,1,0,0,0.16781023727615235
1,91.21,19.01,1,0,1,0,0,0.17148118371120974
15,83.7,20.92,1,0,1,0,0,0.14831597787748202
20,51.08,0.75,3,0,1,0,0,0.2963396235028709
2,66.01,48.64,3,0,1,0,1,0.6021676705976762
6,29.0,37.38,2,0,0,0,1,0.6148269445847541
5,37.44,1.91,1,0,1,0,0,0.10130747559479243
23,173.92,36.19,1,0,0,0,1,0.505721623102865
13,47.62,5.05,1,0,0,0,0,0.2761168221397196
10,16.88,44.68,1,1,1,0,1,0.5858092964518008
14,124.57,35.85,1,0,0,0,0,0.4869751708972048
8,55.67,20.17,1,0,0,0,0,0.364407522232625
23,150.15,17.8,2,0,1,0,0,0.2843684506812673
21,53.46,21.17,1,0,0,0,0,0.3285770261933085
0,20.13,43.31,1,0,0,0,0,0.47289415895887166
0,195.32,4.37,1,0,0,0,0,0.437775864957302
6,151.78,4.65,1,0,1,0,0,0.1533913432969672
16,67.56,9.79,1,0,0,0,0,0.3035786732692526
17,89.74,54.36,1,0,1,0,0,0.25686611064655923
15,129.84,2.41,1,0,1,0,0,0.12398113346743184
4,46.53,53.01,1,0,1,0,0,0.25303722065312995
6,220.72,37.3,1,0,1,0,0,0.31528708529697846
20,65.23,35.99,4,0,0,0,1,0.8675210789006627
18,73.13,44.33,1,0,1,0,0,0.20673000190833546
3,54.81,34.34,2,0,0,0,1,0.6322119023552302
22,45.36,14.13,1,0,0,0,0,0.28836137417815055
6,13.45,49.03,1,0,1,0,0,0.2115703441671929
20,72.08,2.27,1,0,0,0,0,0.26488883602671653
17,54.28,32.03,1,0,1,0,0,0.1602793974379747
23,67.98,53.39,2,0,1,0,0,0.3776682855400276
15,23.54,28.96,1,0,1,0,0,0.1407485986536227
15,30.88,29.11,3,0,0,0,1,0.7170505142824969
12,77.18,32.14,3,0,1,0,0,0.49635309208192246
3,89.21,46.97,1,0,1,0,0,0.2625317966743335
0,239.99,10.57,1,0,1,0,0,0.23597727368374552
13,146.57,39.83,1,0,1,0,0,0.2506982940336626
22,151.04,1.89,1,0,1,0,0,0.1215437929828921
4,228.02,25.95,1,0,1,0,0,0.2777598919210392
16,14.5,15.89,1,0,0,0,0,0.2880800734002586
13,36.42,18.28,1,0,0,0,0,0.32443936748504776
14,184.43,90.04,1,0,1,0,1,0.5173236384434619
11,103.9,22.94,1,0,1,0,0,0.17113933724798233
7,42.5,30.67,1,0,1,0,0,0.1683513431440445
19,44.78,23.32,3,0,1,0,0,0.3988216328004579
3,59.81,7.43,1,0,1,0,0,0.12363678248255182
4,11.08,31.66,1,0,1,0,0,0.16028918968284217
9,446.94,45.76,1,0,0,0,1,0.8074354630911071
3,74.94,23.6,1,0,1,0,0,0.17247361049737606
8,32.85,26.45,1,0,1,0,0,0.150098974524406
23,92.16,13.43,1,0,1,0,0,0.12182206562368612
11,115.31,15.12,1,0,1,0,0,0.1550312885815001
7,214.33,16.36,1,0,0,0,0,0.4941698664518358
9,109.13,15.46,3,0,1,0,0,0.45055949360526687
22,276.43,43.4,1,0,0,0,1,0.6390306872970851
12,63.22,24.86,1,0,1,0,0,0.15387185376745086
2,491.96,18.75,1,0,1,0,0,0.4794295382330686
17,189.32,2.34,1,0,1,0,0,0.14696122559723138
18,13.24,47.07,1,0,1,0,0,0.1803242731678976
19,113.22,9.92,1,0,1,0,0,0.12834278399534582
15,223.29,48.47,1,0,0,0,1,0.638091643943613
10,154.36,37.86,1,0,0,0,1,0.5384602556537315
11,161.02,1.34,5,0,1,0,1,0.7626760691145381
22,12.11,74.05,1,0,1,0,0,0.2660031405190308
23,236.9,86.05,1,0,1,0,1,0.5167110252546219
0,44.96,21.6,1,0,0,0,0,0.38646000130264474
18,363.71,0.94,1,0,1,0,0,0.24178049557366252
6,48.97,78.58,2,0,0,0,1,0.8008907587756249
15,188.15,43.98,2,0,1,0,0,0.46625996880074166
19,55.84,7.7,1,0,1,0,0,0.10175939149706804
10,91.99,20.45,1,0,0,0,0,0.3917903491996247
18,151.57,52.22,1,0,1,0,0,0.29186066251929205
12,463.53,49.95,1,0,1,0,1,0.5798309731189708
6,143.57,37.69,1,1,1,0,1,0.6754445026430843
0,37.04,0.94,1,0,1,0,0,0.10539612154086594
17,68.45,4.15,1,0,1,0,0,0.10181945034014141
1,26.13,29.34,1,0,0,0,0,0.4044701847949402
22,111.5,21.74,1,0,1,0,0,0.15212850590201785
14,223.93,2.96,1,0,1,0,0,0.17136743196959375
17,107.67,29.54,1,0,1,0,0,0.18151593492823032
17,23.87,14.6,2,0,1,0,0,0.19999664118913185
20,29.64,15.23,1,0,1,0,0,0.10577869986065006
15,530.75,9.64,1,0,1,0,0,0.42693576921079013
5,194.6,57.71,2,0,1,0,1,0.575249467715738
21,311.32,50.45,1,0,1,0,0,0.41101923656755646
23,59.12,44.73,2,0,1,0,0,0.3293102602239611
20,256.52,23.1,1,0,1,0,0,0.24659981843755152
14,151.3,8.06,1,0,1,0,0,0.14870587380443454
8,17.26,25.44,1,0,1,0,0,0.14022419740506878
9,207.43,43.46,1,0,1,0,0,0.3234234030199182
18,51.01,41.54,1,0,1,0,0,0.1845745537172448
4,77.53,5.81,1,0,1,0,0,0.12585563432467228
18,28.25,16.17,1,0,1,0,0,0.10965894749540345
0,51.99,40.42,2,0,1,0,0,0.37164957808399945
5,105.1,9.95,1,0,1,0,0,0.14654525718858008
22,36.29,41.48,2,0,1,0,0,0.29917188403055434
21,226.96,9.17,1,0,1,0,0,0.17822000076790254
10,69.26,74.11,1,0,0,0,1,0.6410979115255507
21,111.16,13.12,5,0,0,0,1,0.9098441632961627
16,58.54,29.19,2,0,0,0,1,0.5693150111801814
19,123.88,10.94,1,0,1,0,0,0.13534850632968337
3,31.93,60.86,2,0,0,0,1,0.7314255409916585
4,27.03,49.29,1,0,0,0,0,0.4970527922144097
2,156.41,56.23,1,0,0,0,1,0.6559678761945994
4,107.43,18.48,1,0,1,0,0,0.17303199183860285
7,19.6,100.55,1,0,1,0,0,0.43933401964825225
11,32.63,51.69,1,0,1,0,0,0.22201440741226125
19,13.84,53.74,1,0,1,0,0,0.19979430608725438
20,88.01,16.72,1,0,0,0,0,0.34008875914651715
16,122.53,16.52,2,0,0,0,1,0.5644683576784252
5,32.77,38.44,1,0,1,0,0,0.19035507437086363
17,94.01,11.78,1,0,1,0,0,0.12746466583865002
19,75.17,5.52,1,0,1,0,0,0.10434550515497126
23,55.67,24.93,1,0,1,0,0,0.13285517825970658
11,204.41,8.36,1,1,1,0,1,0.572583843235147
0,49.32,55.19,1,0,0,0,1,0.5612743458773454
15,40.16,46.87,1,0,1,0,0,0.20143023578796274
19,41.68,35.11,2,0,1,0,0,0.28438838256692334
1,41.8,54.02,1,0,1,0,0,0.2611242099481765
1,41.91,3.82,1,0,1,0,0,0.111642540074967
9,86.83,0.23,1,0,1,0,0,0.11069789982513961
21,96.48,13.43,1,0,1,0,0,0.1264467511798394
0,131.91,8.22,1,1,1,0,1,0.5400310609004355
13,327.69,18.12,1,0,0,0,1,0.5894528971191778
4,54.19,19.5,5,0,1,0,1,0.773919446393565
18,62.44,34.66,1,0,0,0,0,0.41012869541449937
14,120.15,12.24,2,0,1,0,0,0.26260430371601484
4,56.19,32.21,2,0,1,0,0,0.3249823346960861
11,152.23,25.82,1,0,1,0,0,0.20817369652958254
3,63.19,14.18,1,0,1,0,0,0.14104901147025975
21,57.86,35.41,1,0,0,0,0,0.4002017743605296
3,75.37,19.0,1,0,1,0,0,0.15957998684534033
21,313.42,41.58,1,0,1,0,0,0.36944531708782713
22,258.97,53.11,2,0,1,0,1,0.556794912897474
23,203.58,14.52,1,0,1,0,0,0.17760795320365994
3,11.7,12.47,2,0,1,0,0,0.21545336935610895
13,44.29,19.59,1,0,1,0,0,0.1303746113381936
3,99.97,31.63,1,0,0,0,0,0.4781465185864228
17,94.55,6.87,2,0,1,0,0,0.21771385424957507
20,140.22,57.37,1,0,1,0,0,0.29957928072226153
2,20.84,7.07,1,0,1,0,0,0.10912687750577287
22,89.63,35.55,1,0,1,0,0,0.18006162320230595
21,84.53,1.38,2,0,1,0,0,0.18505875800531232
4,224.53,1.78,1,0,0,0,0,0.4388332768896128
17,23.97,29.27,1,0,1,0,0,0.13855720344597286
8,76.35,12.59,3,0,1,0,0,0.40901413219320815
17,46.4,33.93,1,0,1,0,0,0.161552861605798
0,115.45,1.05,1,0,0,0,0,0.34982493463004405
7,477.14,15.72,1,0,1,0,0,0.4338229020766185
4,90.12,8.04,1,0,1,0,0,0.1364985073471366
18,114.56,6.04,2,0,1,0,0,0.2255165555616788
10,113.73,16.79,1,0,1,0,0,0.1605559554973381
18,422.09,67.07,1,0,1,0,1,0.6082129961318236
15,58.62,40.28,1,0,1,0,0,0.19099667388397656
7,323.16,71.39,1,0,1,0,1,0.5744661506820364
18,138.34,20.49,1,0,1,0,0,0.1693778291540607
12,134.66,27.08,1,0,1,0,0,0.19950484631815035
6,121.47,33.02,1,0,1,0,0,0.22478462798292112
0,11.27,61.52,1,0,1,0,0,0.2713843625999997
8,21.6,36.4,1,0,1,0,0,0.17204039516091793
2,228.71,3.58,1,0,1,0,0,0.1997790023137824
11,29.17,5.11,1,0,1,0,0,0.09737140368145945
5,26.96,43.31,2,0,0,0,1,0.6445721463488552
15,99.54,12.86,2,0,1,0,0,0.24776827116507993
4,49.09,34.85,1,0,0,0,0,0.4437079611590231
18,259.31,7.86,1,0,1,0,0,0.19875807536543688
5,34.73,29.43,1,0,1,0,0,0.16438442799265202
6,48.09,17.16,4,0,1,0,1,0.5961506581113923
1,35.01,25.33,1,0,1,0,0,0.16018024678876847
18,113.74,12.31,1,0,1,0,0,0.13571314322827333
21,79.91,27.34,1,1,1,0,1,0.5206678174794787
11,202.37,6.72,1,0,1,0,0,0.17647296398391205
21,35.35,14.27,1,0,1,0,0,0.10470794559094085
6,99.24,2.72,1,0,1,0,0,0.12497340733355415
