transaction_id,hour,amount,distance_km,attempts_10m,foreign_transaction,card_present,fraud
1,20,46.63,57.42,1,0,1,0
2,7,74.33,47.59,1,0,1,0
3,18,118.57,3.4,1,0,1,0
4,11,285.41,29.31,2,0,1,0
5,12,29.37,25.14,1,0,1,0
6,9,183.61,27.16,1,0,1,0
7,21,132.26,41.05,1,0,0,0
8,17,38.84,60.66,1,0,0,0
9,12,46.78,75.44,1,0,1,0
10,14,38.83,3.53,1,0,0,0
11,18,60.4,53.8,1,0,1,0
12,21,64.82,17.45,1,1,1,0
13,0,100.92,55.47,1,0,1,0
14,0,35.46,15.13,1,0,0,0
15,20,74.8,5.49,3,0,0,0
16,15,53.76,30.68,2,1,1,0
17,2,13.49,35.03,1,0,0,0
18,23,204.64,12.09,1,0,1,0
19,14,34.65,3.01,1,0,1,0
20,7,43.0,52.0,1,0,1,0
21,18,86.09,12.23,1,0,1,0
22,23,93.72,23.18,1,0,1,0
23,17,64.25,13.94,3,0,0,0
24,1,122.89,40.38,1,0,0,0
25,13,71.65,9.52,1,1,1,0
26,14,24.71,24.07,1,0,1,0
27,6,96.26,17.87,1,0,0,0
28,16,33.24,7.71,1,0,1,0
29,18,28.04,4.88,1,0,0,0
30,22,49.87,3.32,1,0,1,0
31,2,82.11,16.63,1,0,1,0
32,9,165.55,9.65,4,0,1,0
33,9,163.0,56.02,1,0,1,0
34,21,97.67,13.57,1,0,0,0
35,13,54.84,35.67,1,0,1,0
36,22,290.75,15.75,2,0,1,0
37,9,36.95,4.03,1,0,0,0
38,7,141.79,6.3,2,0,0,0
39,7,20.22,32.71,1,0,1,0
40,8,46.13,2.59,1,0,1,0
41,8,49.1,26.41,1,0,1,0
42,18,60.0,37.36,2,0,0,0
43,6,58.83,4.22,1,0,1,0
44,9,108.03,5.05,1,0,1,0
45,12,95.12,17.18,1,0,1,0
46,14,55.86,17.75,1,0,0,0
47,21,19.63,0.19,2,0,1,0
48,6,157.78,2.1,2,0,1,0
49,12,23.35,67.99,2,0,1,0
50,22,75.88,19.74,1,0,1,0
51,21,82.19,2.65,1,0,0,0
52,17,66.73,63.9,2,0,0,0
53,8,173.7,1.19,1,0,1,0
54,17,59.55,0.82,1,0,1,0
55,1,33.76,50.84,1,0,0,0
56,0,195.32,4.37,1,0,0,0
57,23,88.19,21.89,1,0,1,0
58,12,645.6,38.76,3,1,1,0
59,18,81.63,7.89,1,0,1,0
60,10,9.17,5.34,1,1,1,0
61,15,212.65,11.09,3,0,1,0
62,4,70.38,22.98,3,0,1,0
63,19,142.15,59.73,3,0,1,0
64,21,202.04,54.58,3,0,1,0
65,7,285.29,80.43,2,0,1,0
66,16,57.85,77.4,1,0,0,0
67,4,50.7,41.25,2,0,1,0
68,23,90.98,12.88,1,0,1,0
69,14,102.01,0.1,1,0,1,0
70,8,525.9,48.0,1,0,0,0
71,23,53.26,20.07,1,0,1,0
72,12,112.93,52.05,1,0,1,0
73,23,83.1,6.6,1,0,1,0
74,22,39.63,25.36,1,0,0,0
75,9,45.05,2.82,1,0,1,0
76,4,174.35,62.56,1,0,1,0
77,10,271.48,31.29,1,0,1,0
78,18,30.58,9.29,1,0,1,0
79,12,64.26,76.13,1,0,1,0
80,6,95.92,52.11,1,0,1,0
81,13,61.06,12.42,1,0,1,0
82,8,241.11,39.04,1,0,1,0
83,20,35.23,24.59,2,0,0,0
84,14,11.44,26.2,1,1,1,0
85,2,289.71,14.04,1,0,1,0
86,18,106.07,22.63,1,0,1,0
87,8,22.51,5.12,1,0,1,0
88,5,31.25,8.15,1,1,0,0
89,14,31.48,56.53,2,0,1,0
90,14,62.5,52.37,1,0,1,0
91,6,48.72,3.35,1,0,1,0
92,22,22.78,78.12,1,0,0,0
93,14,24.76,11.69,1,0,1,0
94,19,81.9,35.44,2,0,0,0
95,16,631.11,20.62,2,0,1,0
96,17,4.38,3.21,2,1,1,0
97,13,395.51,15.42,2,1,1,1
98,16,216.07,47.06,1,0,1,0
99,0,131.91,8.22,1,1,1,0
100,20,28.08,3.65,1,0,0,0
101,15,144.48,52.64,2,0,1,0
102,1,55.3,42.66,1,0,1,0
103,21,126.99,71.38,1,0,0,0
104,14,109.29,46.9,1,0,1,0
105,17,28.62,4.56,1,0,1,0
106,6,27.61,50.94,1,0,1,0
107,21,62.67,52.45,4,0,0,0
108,9,128.12,21.05,2,0,1,0
109,23,268.8,26.86,1,0,0,0
110,11,109.32,28.27,1,0,1,0
111,17,184.3,5.93,1,0,0,0
112,9,131.06,17.73,1,1,1,0
113,21,27.38,55.07,1,0,1,0
114,20,285.04,21.25,3,0,1,0
115,22,43.98,64.32,1,0,1,0
116,4,56.07,73.83,3,0,1,0
117,23,29.62,46.26,1,1,1,0
118,14,65.91,38.27,1,1,1,0
119,20,51.29,23.65,2,0,1,0
120,19,128.7,32.23,2,0,1,0
121,7,54.03,19.83,2,0,1,0
122,5,30.39,16.68,2,0,1,0
123,4,161.98,17.07,2,0,1,0
124,19,240.81,16.11,1,1,1,0
125,12,64.87,10.4,2,0,1,0
126,19,116.16,13.58,1,1,1,0
127,19,43.78,50.92,2,0,0,0
128,7,34.09,46.81,1,0,1,0
129,8,58.61,27.9,2,0,1,0
130,4,90.96,12.8,1,0,1,0
131,21,239.91,26.42,1,0,1,0
132,4,100.68,13.08,1,0,1,0
133,18,35.14,29.53,1,0,1,0
134,21,147.58,1.15,1,0,1,0
135,0,41.51,11.74,1,1,1,0
136,12,61.08,8.48,1,0,0,0
137,2,148.55,18.27,1,0,1,0
138,13,17.65,8.42,1,0,1,0
139,15,78.27,33.94,1,0,0,0
140,8,50.94,103.09,1,0,1,0
141,7,73.88,22.01,2,0,1,0
142,10,96.95,7.11,1,0,1,0
143,10,60.43,2.78,1,0,1,0
144,9,120.01,42.53,2,0,1,0
145,6,193.11,10.14,2,0,1,0
146,19,106.54,36.9,1,0,1,0
147,20,128.55,45.72,1,0,1,0
148,8,91.63,13.74,1,0,1,0
149,9,306.39,15.41,1,0,0,0
150,18,104.12,16.52,1,0,1,0
151,10,93.21,6.23,1,0,1,0
152,12,59.57,70.82,1,0,1,0
153,3,85.28,17.27,3,0,1,0
154,21,31.45,76.59,4,0,1,0
155,2,45.99,32.22,1,0,0,0
156,16,74.69,35.08,1,1,1,0
157,6,45.17,69.2,1,0,0,0
158,1,557.05,44.97,1,0,1,0
159,22,659.81,34.29,1,0,1,0
160,9,446.94,45.76,1,0,0,0
161,6,295.73,12.16,1,1,0,0
162,4,70.27,46.84,3,0,1,0
163,2,128.85,32.03,1,1,1,0
164,11,229.51,8.51,1,0,1,0
165,7,329.0,22.2,1,0,1,0
166,22,65.11,2.22,2,0,1,0
167,23,98.64,21.62,1,0,1,0
168,2,85.79,3.8,1,0,1,0
169,19,43.41,35.1,1,0,0,0
170,16,84.54,59.15,1,0,0,0
171,0,58.17,20.45,1,0,0,0
172,11,107.87,61.82,1,0,1,0
173,20,41.8,2.77,1,0,0,0
174,10,293.16,52.31,4,0,1,0
175,6,6.72,59.85,1,0,1,0
176,14,199.02,30.96,4,0,1,0
177,16,49.77,10.32,5,0,1,0
178,10,105.45,32.54,1,0,1,0
179,1,100.87,16.0,1,0,1,0
180,23,18.08,22.82,2,0,1,0
181,11,65.18,6.74,1,0,1,0
182,3,101.18,22.14,1,0,1,0
183,19,72.57,37.81,2,0,1,0
184,10,179.86,8.27,1,0,1,0
185,22,185.51,32.53,1,0,1,0
186,11,3.81,31.88,1,0,1,0
187,22,150.28,24.71,1,1,1,0
188,21,76.0,37.46,2,0,1,0
189,4,22.98,32.52,1,0,1,0
190,11,309.85,23.27,1,0,1,0
191,8,32.13,16.67,1,1,1,0
192,23,188.11,10.6,3,0,0,0
193,20,130.2,27.53,1,0,0,0
194,20,288.18,55.91,2,0,1,0
195,1,29.86,8.68,1,0,1,0
196,11,46.71,24.06,1,0,1,0
197,3,193.7,80.93,2,0,0,0
198,5,73.29,2.97,1,0,1,0
199,16,67.56,9.79,1,0,0,0
200,9,106.77,13.26,1,0,0,0
201,11,85.6,10.88,1,0,0,0
202,19,33.16,46.78,1,0,0,0
203,16,62.89,64.03,2,0,1,0
204,4,37.1,29.48,1,1,0,0
205,10,75.42,20.52,1,0,1,0
206,13,139.19,20.46,1,0,1,0
207,20,518.74,24.37,1,0,1,0
208,12,13.42,4.48,1,1,1,0
209,10,59.52,28.12,1,0,0,0
210,22,36.42,51.94,1,0,1,0
211,5,64.5,25.14,2,0,0,0
212,15,39.23,5.09,1,0,0,0
213,9,204.65,16.22,1,0,0,0
214,18,114.39,20.37,4,0,0,0
215,9,191.16,30.63,1,0,1,0
216,23,87.97,72.85,1,0,1,0
217,13,44.85,11.16,3,1,1,0
218,15,70.56,3.19,3,0,1,0
219,2,100.11,13.85,1,0,1,0
220,1,263.22,40.32,1,0,0,0
221,1,84.11,72.24,1,0,1,0
222,14,166.27,4.04,1,0,1,0
223,6,75.63,8.68,1,0,1,0
224,7,65.88,1.24,1,0,1,0
225,11,101.22,36.92,1,0,0,0
226,9,166.2,35.37,3,0,1,0
227,15,97.46,14.24,1,0,1,0
228,19,55.84,7.7,1,0,1,0
229,16,27.32,48.13,1,0,1,0
230,16,67.42,68.61,1,0,1,0
231,21,408.48,25.85,1,0,1,0
232,2,78.86,51.6,2,1,1,0
233,5,434.16,60.83,1,1,1,0
234,12,40.24,12.13,1,0,1,0
235,5,258.2,75.99,2,0,0,0
236,23,85.34,77.73,2,0,1,0
237,23,140.09,75.93,1,0,1,0
238,21,102.51,6.53,1,0,1,0
239,1,97.33,25.82,1,0,0,0
240,13,53.09,36.86,3,0,0,0
241,13,80.68,6.08,1,0,1,0
242,9,33.9,53.72,1,0,1,0
243,14,318.39,55.52,1,0,1,0
244,14,113.11,10.3,1,0,1,0
245,6,230.56,8.06,1,0,1,0
246,6,70.6,0.48,1,0,0,0
247,9,49.65,3.19,1,0,1,0
248,15,133.52,36.07,1,0,1,0
249,23,35.18,54.2,1,0,1,0
250,7,73.47,2.27,1,0,0,0
251,20,146.37,14.98,1,0,1,0
252,20,324.71,9.79,2,0,0,0
253,0,31.22,23.47,1,0,1,0
254,21,80.2,64.7,1,0,1,0
255,16,324.83,40.74,1,0,1,0
256,16,40.77,43.75,2,0,0,0
257,7,477.14,15.72,1,0,1,0
258,1,149.98,30.78,1,0,1,0
259,3,146.25,9.0,1,0,1,0
260,5,193.58,85.54,3,0,0,0
261,12,189.61,17.71,2,0,1,0
262,23,147.42,2.82,4,0,1,0
263,10,112.23,47.21,1,0,0,0
264,7,53.06,26.68,1,0,1,0
265,22,29.98,20.28,1,0,1,0
266,9,51.55,53.95,1,0,1,0
267,16,63.7,9.94,1,0,1,0
268,12,353.01,28.53,1,1,1,0
269,21,59.51,6.96,1,0,1,0
270,2,144.96,51.18,1,0,1,1
271,12,37.26,26.94,1,0,0,0
272,4,33.9,7.29,1,0,1,0
273,10,25.65,21.23,1,0,0,0
274,3,169.64,20.22,5,0,0,1
275,23,60.15,5.06,1,0,0,0
276,15,33.15,27.39,1,0,1,0
277,14,54.03,58.38,1,0,1,0
278,17,400.32,4.07,1,0,1,0
279,19,116.33,19.31,1,0,1,0
280,16,98.17,59.91,1,0,1,0
281,22,73.78,31.93,1,1,1,0
282,4,51.6,20.17,2,0,1,0
283,23,115.13,1.01,1,0,1,0
284,5,77.88,69.99,1,0,1,0
285,20,19.01,11.35,1,0,1,0
286,22,40.04,21.02,1,0,1,0
287,17,35.98,4.58,2,0,1,0
288,19,61.11,24.17,1,0,1,0
289,9,356.85,5.78,1,0,1,0
290,12,63.66,4.95,1,0,1,0
291,20,35.76,40.19,1,0,0,0
292,6,74.94,71.19,1,0,0,0
293,2,120.87,19.42,1,0,0,0
294,15,80.36,25.6,1,0,0,0
295,1,151.2,24.2,1,0,1,0
296,1,65.42,48.95,2,0,0,0
297,7,13.37,4.24,1,0,1,0
298,6,220.72,37.3,1,0,1,0
299,9,47.28,72.8,1,0,0,0
300,1,19.31,49.94,2,0,1,0
301,18,127.65,9.58,2,0,1,0
302,22,214.39,26.4,3,0,1,0
303,23,146.61,49.45,1,1,0,0
304,10,158.46,25.23,1,0,1,0
305,21,242.99,86.72,1,0,0,0
306,22,6.45,25.05,2,0,1,0
307,21,155.57,2.37,1,0,1,0
308,0,45.61,33.53,1,0,1,1
309,10,64.19,44.61,1,0,1,0
310,4,27.93,30.69,2,0,1,0
311,18,52.82,6.08,1,0,0,0
312,3,39.1,5.61,1,0,1,0
313,7,50.6,20.35,1,0,1,0
314,21,152.98,4.63,1,0,1,0
315,7,73.05,22.28,1,1,0,0
316,4,24.9,18.11,1,0,1,0
317,2,75.75,13.09,1,0,1,0
318,8,33.44,17.8,1,0,1,0
319,9,229.51,23.9,1,0,1,0
320,9,156.01,9.48,1,0,1,0
321,15,319.37,27.86,1,0,0,0
322,3,141.36,28.89,1,0,1,0
323,14,75.01,29.5,1,0,0,0
324,3,31.38,3.99,1,0,1,0
325,12,162.43,25.8,2,0,1,0
326,7,46.42,16.01,1,0,1,0
327,1,21.24,6.32,1,0,1,0
328,18,398.12,74.72,1,0,0,0
329,6,162.64,22.88,3,0,1,0
330,22,531.33,1.57,1,0,1,0
331,1,51.65,24.73,1,0,1,0
332,18,88.71,75.59,3,0,1,0
333,12,237.71,8.09,1,0,0,0
334,4,24.38,39.75,1,0,1,0
335,14,49.27,30.82,1,0,1,0
336,10,11.25,30.02,4,0,1,0
337,5,21.86,29.59,1,0,0,0
338,0,43.18,32.74,1,0,0,0
339,18,10.09,28.85,2,0,1,0
340,10,50.68,19.5,1,0,1,0
341,5,39.36,42.62,1,0,1,0
342,15,28.76,51.28,1,0,0,0
343,20,22.17,10.18,2,0,1,0
344,8,35.67,15.39,1,0,0,0
345,15,89.56,99.04,1,0,1,0
346,23,150.15,17.8,2,0,1,0
347,23,359.06,0.13,4,0,1,0
348,15,86.5,10.52,1,0,1,0
349,10,161.72,57.5,3,0,0,0
350,2,61.6,23.47,1,0,1,0
351,20,130.38,2.21,1,0,1,0
352,22,230.14,8.12,5,1,1,0
353,19,27.33,33.23,1,0,0,0
354,2,331.98,11.6,1,0,1,0
355,22,30.03,19.18,1,0,0,0
356,15,182.83,18.95,1,0,0,0
357,21,34.05,20.38,1,0,1,0
358,12,54.26,10.55,1,0,1,0
359,6,53.83,51.38,1,0,1,0
360,17,136.99,1.14,1,0,1,0
361,19,71.26,29.43,4,0,1,0
362,15,70.13,59.22,1,0,1,0
363,11,64.95,38.12,1,0,1,0
364,17,42.72,15.02,1,0,1,0
365,17,85.36,8.92,2,0,1,0
366,18,151.69,46.66,1,0,1,0
367,6,127.11,61.29,1,1,1,0
368,8,26.58,59.43,2,0,1,0
369,8,106.37,64.44,1,0,1,0
370,18,129.27,21.61,3,0,1,0
371,9,162.86,4.01,1,0,1,0
372,21,100.59,14.3,2,0,1,0
373,8,148.88,11.39,1,0,0,0
374,23,44.51,52.26,1,0,1,0
375,6,216.32,18.0,1,0,0,0
376,22,74.6,21.53,2,0,1,0
377,6,147.41,46.6,1,0,0,0
378,20,33.8,36.13,1,1,1,0
379,11,253.51,11.52,1,0,0,0
380,20,43.16,46.94,1,0,0,0
381,21,130.38,40.85,2,0,0,0
382,13,67.97,19.22,1,0,1,0
383,0,77.68,34.07,1,0,1,0
384,2,51.97,6.2,1,0,1,0
385,20,51.14,24.25,2,0,1,0
386,21,73.28,46.03,2,0,0,0
387,18,154.91,7.58,1,0,0,0
388,9,149.89,26.48,1,0,1,0
389,5,100.14,28.14,1,0,1,0
390,14,205.24,77.91,2,0,0,1
391,6,74.11,0.59,1,0,1,0
392,13,145.86,35.09,1,0,0,0
393,1,119.71,21.16,1,0,1,0
394,12,59.76,16.65,1,0,0,0
395,10,171.68,20.71,1,0,0,0
396,3,47.6,18.31,1,0,1,0
397,23,78.71,23.8,1,1,1,0
398,5,60.74,36.51,1,0,0,0
399,5,151.7,14.77,1,0,1,0
400,0,66.81,21.77,1,0,1,0
401,0,29.74,5.56,1,0,0,0
402,23,94.95,2.29,2,0,1,0
403,16,229.91,3.04,1,0,1,0
404,7,100.15,27.53,1,0,0,0
405,8,111.08,41.26,1,0,0,0
406,11,145.11,14.66,1,0,0,0
407,4,99.89,2.13,1,0,1,0
408,5,27.27,43.12,1,0,1,0
409,13,228.51,53.11,1,1,1,0
410,18,69.27,48.2,1,0,0,0
411,21,237.49,44.55,1,0,1,0
412,21,85.58,22.68,1,0,0,0
413,16,83.02,54.49,1,0,1,0
414,17,352.07,42.88,1,0,1,0
415,15,72.46,27.47,1,0,1,0
416,14,60.23,16.2,1,0,1,0
417,23,95.96,14.63,1,0,1,0
418,9,291.84,38.04,1,0,1,0
419,7,163.33,22.44,1,0,1,0
420,21,38.39,22.37,2,1,1,0
421,22,69.02,16.55,1,0,1,0
422,6,54.41,12.74,1,0,1,0
423,21,134.53,23.86,3,0,1,0
424,1,85.19,31.46,1,0,0,0
425,22,115.59,38.55,1,0,1,0
426,19,278.01,39.44,1,0,1,0
427,9,237.79,1.16,1,0,1,0
428,21,35.55,63.12,4,0,0,0
429,22,152.88,20.61,1,1,1,0
430,17,8.46,20.47,2,0,1,0
431,21,28.96,37.03,1,0,1,0
432,6,126.5,65.84,2,0,0,0
433,17,51.9,31.43,1,0,1,0
434,21,38.63,26.31,1,0,1,0
435,14,180.66,19.21,1,0,0,0
436,5,46.36,19.71,1,0,1,0
437,4,142.72,22.74,1,0,1,0
438,22,51.39,22.92,1,0,1,0
439,17,58.6,50.91,1,0,0,0
440,15,117.98,11.61,2,0,1,0
441,21,192.97,22.21,1,0,1,0
442,11,77.09,3.9,1,0,1,0
443,2,338.58,29.03,1,0,0,0
444,3,42.71,18.51,1,0,1,0
445,1,206.01,1.22,1,0,1,0
446,0,60.73,8.22,1,0,1,0
447,1,102.97,30.78,2,0,1,0
448,14,26.33,11.79,1,0,1,0
449,17,31.03,0.63,4,0,1,0
450,0,88.74,77.81,1,0,1,0
451,2,22.24,40.64,1,0,1,0
452,7,93.83,2.31,1,0,1,0
453,17,64.53,15.17,1,0,1,0
454,4,104.12,28.84,1,0,1,0
455,10,95.46,15.45,1,0,1,0
456,7,341.21,1.55,1,0,1,0
457,10,218.37,1.83,1,0,1,0
458,4,156.31,37.87,1,0,0,0
459,16,218.05,27.19,1,0,1,0
460,17,60.85,6.44,1,0,0,0
461,9,23.73,42.04,1,0,0,0
462,21,25.49,33.37,1,0,0,0
463,4,149.19,4.68,1,0,1,0
464,6,84.13,34.35,1,0,0,0
465,20,29.46,37.93,2,0,1,0
466,20,46.76,10.44,2,0,1,0
467,7,76.64,41.36,1,0,1,0
468,5,31.23,7.6,1,0,1,0
469,3,112.72,10.89,1,0,1,0
470,13,84.37,30.88,1,0,1,0
471,8,284.12,47.6,1,0,0,0
472,2,24.24,62.31,1,0,1,0
473,4,17.41,13.61,1,0,1,0
474,12,108.5,65.95,1,0,1,0
475,19,259.99,31.15,1,0,0,0
476,0,119.35,8.17,1,0,1,0
477,15,151.79,23.82,1,0,1,0
478,15,14.89,8.19,1,0,1,0
479,0,84.48,61.7,1,0,1,0
480,20,88.1,19.98,1,0,1,0
481,12,144.16,25.26,1,0,1,0
482,11,148.92,15.66,1,0,1,0
483,22,78.27,31.0,1,0,1,0
484,2,189.55,21.3,1,0,1,0
485,19,23.12,59.19,1,0,1,0
486,5,108.43,13.96,1,0,0,0
487,1,180.5,4.8,1,0,1,0
488,2,50.66,21.31,1,0,0,0
489,2,97.47,18.97,1,0,1,0
490,14,350.99,3.6,1,0,1,0
491,9,55.71,5.08,1,0,1,0
492,12,112.62,16.07,1,1,1,0
493,18,216.81,16.55,2,0,1,0
494,13,315.58,47.43,1,0,1,0
495,21,132.13,0.28,1,0,1,0
496,23,73.56,11.68,1,0,1,0
497,7,165.07,20.74,1,1,1,1
498,17,55.12,3.09,2,0,1,0
499,5,47.65,9.13,2,0,1,0
500,12,68.37,13.36,1,0,1,0
501,12,88.71,0.34,1,0,1,0
502,11,31.59,2.86,1,0,1,0
503,14,41.73,1.2,1,0,1,0
504,12,148.24,8.08,1,0,1,0
505,20,80.96,23.58,1,0,1,0
506,1,40.89,6.72,2,0,0,0
507,11,289.21,17.71,1,0,0,0
508,18,121.67,24.0,4,0,1,0
509,23,67.43,7.31,3,0,1,0
510,13,118.29,3.94,2,0,1,0
511,10,166.65,5.74,2,0,0,0
512,16,251.27,0.5,1,0,0,0
513,23,103.22,24.98,1,0,1,0
514,12,14.86,30.13,1,0,1,0
515,23,30.2,56.88,1,0,0,0
516,15,49.78,60.08,3,0,1,0
517,17,21.35,10.99,1,0,1,0
518,11,71.05,13.28,1,0,1,0
519,0,167.13,14.2,3,1,1,1
520,13,230.81,18.75,2,0,1,0
521,13,60.69,15.59,1,0,1,0
522,19,332.24,11.72,1,0,0,0
523,2,36.96,9.14,1,0,1,0
524,1,203.54,13.53,1,0,1,0
525,0,72.6,2.29,5,0,0,0
526,4,21.14,67.8,1,0,0,0
527,3,12.75,54.91,1,0,0,0
528,5,90.76,42.73,3,0,1,0
529,6,58.71,22.36,1,0,1,0
530,18,169.71,51.93,1,0,1,0
531,2,113.74,67.73,1,0,1,0
532,3,34.71,8.4,4,0,0,0
533,14,37.16,17.96,1,0,1,0
534,18,35.1,26.52,1,0,0,0
535,17,24.08,34.72,1,0,0,0
536,23,17.36,35.36,1,0,1,0
537,15,119.71,11.63,1,0,1,0
538,4,34.8,48.14,1,0,1,0
539,19,111.91,9.34,1,0,1,0
540,2,64.29,48.48,1,0,0,0
541,22,87.24,24.12,1,0,1,0
542,12,26.79,7.58,1,0,1,0
543,13,374.59,21.85,1,0,1,0
544,17,58.59,2.8,1,1,1,0
545,10,182.37,19.57,1,0,1,0
546,17,178.05,23.68,3,0,1,0
547,9,100.13,43.41,1,0,0,0
548,22,76.75,16.95,1,0,1,0
549,8,45.1,23.84,1,0,0,0
550,23,43.68,72.46,1,0,1,0
551,3,90.94,13.27,1,0,0,0
552,13,27.79,21.03,2,0,1,0
553,0,129.29,52.48,1,0,1,0
554,4,54.69,30.2,1,0,1,0
555,12,32.5,31.05,1,0,1,0
556,22,38.1,25.5,1,0,1,0
557,19,42.85,23.25,1,0,1,0
558,6,37.28,37.39,1,0,0,0
559,14,103.53,37.44,1,0,0,0
560,23,103.2,7.97,1,0,1,0
561,6,98.21,21.95,5,0,1,0
562,21,77.91,5.35,1,0,1,0
563,14,58.21,44.37,2,0,0,0
564,7,332.73,17.31,1,0,1,0
565,2,27.95,48.15,1,0,1,0
566,12,114.6,35.88,1,1,0,0
567,1,365.35,60.54,1,0,1,0
568,12,96.12,17.01,1,1,1,0
569,7,54.66,5.24,1,0,1,0
570,18,101.43,29.57,2,0,1,0
571,4,22.5,23.51,1,0,1,0
572,23,31.08,25.49,2,0,0,0
573,13,204.82,16.46,1,0,1,0
574,4,9.5,37.69,1,0,1,0
575,7,64.22,29.97,1,0,1,0
576,0,20.02,45.18,1,0,1,0
577,14,223.93,2.96,1,0,1,0
578,12,129.18,47.57,3,0,1,0
579,22,185.71,35.62,1,1,1,0
580,23,23.08,34.82,1,1,1,0
581,9,133.18,30.55,3,0,0,0
582,20,56.32,39.68,1,0,0,0
583,4,57.74,50.58,2,0,0,0
584,10,374.45,23.14,1,0,1,0
585,16,237.87,58.78,1,0,1,0
586,10,99.19,11.59,1,0,1,0
587,13,24.58,42.03,1,0,0,1
588,8,72.9,11.99,1,0,1,0
589,14,63.39,0.18,1,0,1,0
590,1,56.11,4.78,1,0,1,0
591,2,22.33,37.52,1,0,1,0
592,5,58.92,58.32,1,0,0,0
593,13,70.01,35.01,1,0,1,0
594,18,191.71,2.72,4,0,1,0
595,22,31.82,3.14,5,0,1,0
596,16,149.09,51.48,2,0,1,0
597,6,91.8,49.09,5,0,1,0
598,20,21.42,25.9,1,0,1,0
599,17,113.94,11.35,1,0,1,0
600,21,69.31,22.97,1,0,1,0
601,17,229.81,44.99,1,0,1,0
602,17,79.04,45.27,1,0,0,0
603,4,252.72,13.02,2,0,1,0
604,1,50.08,43.8,2,0,0,0
605,16,52.26,29.33,3,0,1,0
606,16,32.81,32.78,1,0,1,0
607,3,100.95,12.71,1,0,1,0
608,21,7.22,14.85,1,0,0,0
609,9,96.67,25.54,1,0,1,0
610,5,108.92,41.47,1,0,1,0
611,22,221.86,30.3,2,0,1,0
612,21,23.9,40.81,1,0,1,0
613,20,414.26,1.34,2,0,1,0
614,14,82.71,0.67,2,0,1,0
615,20,135.25,20.45,2,0,0,0
616,22,192.87,39.21,2,0,1,0
617,3,48.15,42.48,1,0,1,0
618,3,34.23,63.06,2,0,1,0
619,19,46.04,6.98,1,0,1,0
620,18,195.19,19.23,1,0,1,0
621,18,132.56,3.91,1,0,1,0
622,19,144.68,2.89,1,0,1,0
623,18,407.94,34.9,1,0,1,0
624,6,16.39,18.02,1,0,0,0
625,11,104.75,51.79,1,0,0,1
626,17,159.64,29.99,2,0,1,0
627,12,144.13,8.64,1,0,1,0
628,11,137.09,35.85,5,0,1,1
629,0,38.41,38.49,2,0,0,0
630,14,76.13,37.87,1,0,1,0
631,18,72.92,12.4,3,0,1,0
632,15,105.29,5.09,1,0,1,0
633,8,69.5,27.94,1,0,0,0
634,20,85.11,9.77,1,0,1,0
635,14,76.47,14.82,3,0,1,0
636,19,302.02,13.2,1,0,1,0
637,1,103.62,17.44,1,0,1,0
638,8,33.48,10.96,2,0,1,0
639,18,217.56,5.27,2,0,1,0
640,1,56.54,31.6,1,0,1,0
641,13,127.46,21.76,1,0,1,0
642,3,20.31,33.69,1,0,0,0
643,7,39.24,1.41,2,0,0,0
644,21,40.21,20.67,3,0,1,0
645,13,120.34,14.63,2,0,1,0
646,21,313.42,41.58,1,0,1,0
647,5,55.22,6.99,1,0,1,0
648,1,152.98,7.66,1,0,1,0
649,20,1647.07,54.74,1,0,0,1
650,8,284.65,10.13,1,0,1,0
651,8,147.41,12.76,3,0,1,0
652,6,90.68,27.17,1,0,0,0
653,20,24.81,17.55,1,0,0,0
654,15,16.32,25.98,3,0,1,0
655,12,93.49,50.39,1,0,0,0
656,17,37.05,5.15,1,0,1,0
657,11,50.96,114.21,1,0,0,0
658,14,129.85,52.77,1,0,0,0
659,9,100.96,54.57,1,0,1,0
660,18,38.07,39.58,2,0,1,0
661,14,50.67,12.46,1,0,1,0
662,17,20.32,12.09,3,0,1,0
663,15,382.74,19.99,1,0,0,0
664,3,67.93,61.35,1,0,1,0
665,19,8.12,31.02,4,0,1,0
666,18,81.81,42.51,3,0,1,0
667,2,37.27,21.89,1,0,0,0
668,3,250.08,41.54,1,0,0,0
669,0,42.8,18.26,1,0,0,0
670,6,34.61,33.08,1,0,1,0
671,19,27.44,58.1,2,0,1,0
672,3,280.79,5.05,4,0,1,0
673,6,48.03,31.17,4,0,1,0
674,1,24.95,25.67,1,0,1,0
675,14,173.47,65.5,1,0,1,0
676,21,163.84,60.45,1,0,1,0
677,6,57.59,15.96,2,0,0,0
678,12,51.41,24.26,1,0,1,0
679,1,101.05,56.34,1,0,1,0
680,19,96.51,62.33,1,0,1,0
681,6,175.46,9.15,1,0,1,0
682,18,211.9,65.73,1,1,0,0
683,13,80.82,34.54,1,0,1,0
684,23,61.29,35.16,1,0,0,0
685,21,26.69,49.21,1,0,0,0
686,12,142.77,20.75,1,0,1,0
687,16,20.97,9.01,1,0,0,0
688,10,108.32,89.95,3,0,0,1
689,11,69.7,10.97,1,0,0,0
690,10,46.75,50.27,1,0,1,0
691,6,377.95,9.46,1,0,1,0
692,14,70.46,75.91,1,0,1,0
693,9,65.54,3.37,4,0,1,0
694,2,32.04,22.87,1,0,0,0
695,20,20.84,10.64,1,0,0,0
696,6,107.74,45.33,1,0,1,0
697,22,81.71,19.49,2,0,0,0
698,11,25.02,28.13,1,0,0,0
699,9,40.66,1.08,2,0,1,0
700,18,33.79,44.81,1,0,1,0
701,11,27.51,54.62,1,0,0,0
702,14,364.82,12.31,1,0,1,0
703,18,266.57,8.89,1,0,1,0
704,21,82.58,49.2,1,0,1,0
705,1,90.69,33.59,1,0,1,0
706,21,98.52,9.35,1,0,1,0
707,1,197.75,53.19,1,0,1,0
708,14,138.79,65.14,5,0,1,0
709,13,134.63,38.73,1,0,0,0
710,10,113.73,16.79,1,0,1,0
711,22,252.6,35.77,1,0,0,0
712,18,37.08,71.83,1,0,1,0
713,20,196.05,18.02,1,0,1,0
714,3,165.05,34.16,4,0,1,0
715,13,339.95,27.66,1,0,1,0
716,5,85.43,24.93,1,0,1,0
717,11,17.92,2.67,1,0,1,0
718,5,204.08,37.52,1,0,1,0
719,9,22.91,6.1,1,0,1,0
720,15,13.22,46.2,1,0,1,0
721,17,208.27,18.49,1,0,1,0
722,2,23.49,12.07,1,0,1,0
723,16,136.8,16.19,2,0,0,0
724,7,50.59,10.98,4,0,0,0
725,0,423.16,31.82,2,0,1,0
726,8,26.85,21.78,1,0,1,0
727,18,157.56,10.21,2,1,0,0
728,5,104.82,28.51,1,0,0,0
729,22,37.97,48.35,4,0,1,0
730,22,64.76,3.57,1,0,1,0
731,12,57.9,24.46,1,0,1,0
732,11,150.47,45.86,1,0,1,0
733,19,236.32,29.63,1,1,1,0
734,15,215.23,0.05,1,0,1,0
735,16,96.31,36.85,1,0,0,0
736,2,56.67,41.79,1,0,1,0
737,13,119.33,8.99,1,0,1,0
738,15,27.16,20.58,1,0,1,0
739,0,239.99,10.57,1,0,1,0
740,15,129.84,2.41,1,0,1,0
741,17,336.28,49.2,3,0,1,0
742,14,224.89,24.28,2,0,1,0
743,12,72.11,2.0,1,0,1,0
744,16,29.04,21.27,1,0,1,0
745,9,55.41,72.86,1,0,1,0
746,10,53.39,33.98,5,0,1,0
747,7,129.17,27.34,1,0,1,0
748,14,112.37,12.11,1,0,1,0
749,0,245.99,12.18,2,0,1,0
750,16,312.87,42.87,1,0,0,0
751,20,228.66,15.82,5,0,1,0
752,2,163.51,27.11,1,0,1,0
753,13,8.22,3.25,2,0,1,0
754,12,33.37,2.72,1,0,0,0
755,16,276.84,35.71,1,0,0,0
756,19,31.5,92.69,1,0,0,0
757,13,27.36,54.07,2,0,1,0
758,21,95.88,4.53,1,0,1,0
759,14,5.52,39.52,1,0,1,0
760,8,99.22,48.68,2,1,1,1
761,2,48.95,86.85,2,0,0,0
762,23,147.33,47.07,1,0,1,0
763,18,46.49,27.35,1,0,0,0
764,13,45.27,7.13,1,0,1,0
765,1,71.97,42.82,1,0,0,0
766,4,35.02,9.71,2,0,0,0
767,23,297.08,20.47,1,1,1,0
768,3,79.09,55.98,1,0,0,0
769,8,129.55,29.25,1,0,0,0
770,1,50.44,4.3,2,0,0,0
771,10,137.11,6.32,2,0,1,0
772,1,96.29,50.67,1,0,1,0
773,9,53.87,37.79,4,0,0,0
774,21,7.5,48.26,1,0,1,0
775,18,33.29,43.46,3,0,1,0
776,17,135.41,73.81,2,1,1,0
777,5,88.43,35.69,1,0,1,0
778,14,200.11,13.22,1,0,0,0
779,8,38.58,58.4,1,1,1,0
780,13,35.03,61.13,1,0,1,0
781,15,31.92,1.98,1,0,0,0
782,3,80.87,24.82,3,0,1,0
783,21,27.11,8.26,1,1,1,0
784,8,26.98,46.44,1,0,1,0
785,13,39.4,33.09,2,0,0,0
786,9,171.41,22.3,2,0,1,0
787,5,119.06,44.48,2,0,1,0
788,1,69.76,17.03,1,0,0,0
789,14,34.42,16.81,2,0,1,0
790,9,40.74,21.25,1,0,0,0
791,18,121.85,37.79,1,0,1,0
792,21,29.03,7.19,3,0,1,0
793,14,330.2,53.67,1,0,0,0
794,14,26.92,39.28,1,1,1,0
795,1,141.08,32.75,1,0,1,0
796,7,19.26,29.26,1,0,1,0
797,9,355.03,9.47,1,0,1,0
798,8,87.25,28.44,1,0,1,0
799,13,20.26,62.43,1,0,0,0
800,20,77.77,10.47,1,0,1,0
801,4,110.69,18.27,1,0,0,0
802,16,64.84,49.7,1,0,1,0
803,2,147.14,31.01,1,0,1,0
804,23,59.7,38.24,1,0,0,0
805,5,45.42,41.1,1,0,1,0
806,0,27.96,15.4,1,0,0,0
807,15,14.45,16.14,3,0,0,0
808,4,148.56,12.77,1,0,1,0
809,17,37.24,15.11,1,0,1,0
810,15,53.84,25.75,1,0,1,0
811,1,55.37,36.36,1,0,1,0
812,9,22.4,8.08,1,0,0,0
813,15,47.43,57.04,1,0,1,0
814,3,64.6,22.69,1,0,1,0
815,6,67.73,21.89,1,0,0,0
816,14,32.92,16.08,1,1,0,0
817,23,48.97,35.54,1,0,1,0
818,5,22.72,14.76,1,0,0,0
819,6,54.87,9.76,2,0,0,0
820,3,90.6,1.33,1,0,1,0
821,1,188.93,64.75,2,0,1,1
822,14,224.54,17.65,2,0,1,0
823,5,348.45,32.86,1,0,1,0
824,3,31.85,8.7,2,0,1,0
825,0,9.39,1.31,1,0,0,0
826,21,14.99,47.88,1,0,1,0
827,13,79.72,48.43,2,0,1,0
828,10,239.28,6.77,1,0,1,0
829,22,258.97,53.11,2,0,1,0
830,8,359.97,12.65,1,0,1,0
831,19,264.92,2.33,2,0,1,0
832,1,81.02,41.35,1,0,1,0
833,6,18.13,32.01,1,0,0,0
834,7,154.0,11.25,1,0,0,0
835,8,99.86,59.58,1,0,0,0
836,7,192.2,30.86,1,0,1,0
837,9,296.99,3.22,1,0,1,0
838,6,160.84,10.73,1,0,0,0
839,1,64.5,20.65,1,0,1,0
840,8,105.43,29.8,5,0,0,0
841,13,132.2,50.98,1,0,0,0
842,6,68.64,51.87,1,0,0,0
843,13,28.38,9.02,1,0,1,0
844,0,124.48,53.37,1,0,0,0
845,6,11.25,55.78,1,0,1,0
846,14,64.29,18.5,1,0,1,0
847,14,99.82,16.2,1,0,1,0
848,10,333.57,5.15,2,0,1,0
849,22,135.2,8.39,1,1,1,0
850,18,84.32,16.09,1,0,1,0
851,0,47.58,45.52,1,0,1,0
852,18,19.94,32.29,1,0,1,0
853,3,49.13,19.99,3,0,1,0
854,5,57.4,0.75,1,0,1,0
855,3,29.67,0.07,1,0,0,0
856,10,67.25,5.38,1,0,1,0
857,8,90.18,58.9,1,0,1,0
858,20,73.93,48.31,1,0,1,0
859,13,365.5,71.02,3,0,1,0
860,1,268.43,32.25,1,0,1,0
861,20,49.27,6.84,1,0,0,0
862,8,154.49,15.57,1,0,0,0
863,20,16.61,3.55,4,0,1,0
864,0,390.14,24.6,1,0,1,0
865,22,276.29,33.28,1,0,1,0
866,21,66.92,5.47,4,0,1,0
867,22,57.52,67.38,1,0,1,0
868,19,202.2,20.91,1,1,0,1
869,15,42.15,31.02,2,0,1,0
870,21,226.96,9.17,1,0,1,0
871,4,31.1,23.04,2,0,1,0
872,22,150.17,54.16,1,0,1,0
873,21,243.18,42.0,1,0,1,0
874,23,40.9,17.26,1,0,1,0
875,2,164.29,12.84,1,0,1,0
876,20,35.11,27.5,3,0,0,0
877,7,161.19,9.84,1,0,1,0
878,22,234.98,9.96,1,0,1,0
879,17,49.57,32.87,2,0,1,0
880,13,343.99,49.79,1,0,0,0
881,10,85.8,65.28,1,0,0,0
882,16,38.48,21.66,1,0,1,0
883,1,18.47,25.42,1,0,1,0
884,15,47.01,14.41,1,0,1,0
885,1,7.83,8.64,1,1,1,0
886,2,35.28,14.33,1,1,1,0
887,18,85.94,9.78,1,0,0,0
888,0,148.17,43.49,1,0,1,0
889,10,157.62,27.46,1,0,1,0
890,4,49.33,50.89,1,0,1,0
891,6,48.1,16.6,2,0,1,0
892,8,114.56,36.51,2,0,0,0
893,7,53.48,35.41,2,0,1,0
894,3,129.45,50.32,1,0,1,0
895,7,186.09,13.34,1,0,1,0
896,16,45.21,34.36,1,0,1,0
897,20,136.96,0.71,1,0,1,0
898,15,40.57,15.77,3,0,1,0
899,6,66.91,24.19,1,0,0,0
900,2,64.58,48.95,1,0,1,0
901,14,62.5,5.95,1,0,1,0
902,2,38.99,18.37,1,0,1,0
903,3,41.43,5.83,2,0,1,0
904,4,57.4,40.38,1,0,1,0
905,4,153.01,14.57,1,0,1,0
906,14,56.31,2.3,2,0,0,0
907,14,61.87,9.79,1,1,1,0
908,11,48.15,45.9,1,0,0,0
909,10,100.53,34.09,4,1,1,0
910,19,88.88,21.3,1,1,1,0
911,15,18.11,42.73,1,0,1,0
912,22,86.83,37.09,1,0,1,0
913,9,96.05,51.93,1,0,1,0
914,3,27.53,30.81,1,0,0,0
915,6,14.69,9.0,1,0,1,0
916,14,32.84,2.83,1,0,0,0
917,18,1194.03,14.96,2,0,0,0
918,13,143.2,65.35,3,0,1,0
919,1,28.81,0.62,1,0,1,0
920,17,29.18,82.52,1,0,0,0
921,5,34.03,6.63,1,0,1,0
922,6,62.72,20.75,1,0,1,0
923,15,69.06,8.16,1,0,1,0
924,0,90.09,21.57,1,0,1,0
925,0,101.85,4.83,1,0,1,0
926,20,281.4,34.31,1,0,1,0
927,1,86.43,3.55,1,0,1,0
928,0,230.36,32.02,1,0,1,0
929,21,39.82,5.64,1,0,1,0
930,17,55.52,25.24,1,0,1,0
931,20,46.32,7.28,2,0,1,0
932,6,40.83,20.84,1,1,1,0
933,18,188.86,63.46,1,0,0,0
934,21,70.7,10.03,1,0,1,0
935,7,75.03,24.19,1,0,1,0
936,7,89.72,18.52,1,0,1,0
937,1,16.91,50.41,2,0,1,0
938,1,310.02,15.66,1,0,1,0
939,10,54.28,81.21,4,0,1,0
940,12,76.75,40.34,1,0,1,0
941,1,93.85,21.73,1,0,0,0
942,2,59.52,30.62,1,0,1,0
943,9,40.42,2.26,2,0,0,0
944,5,68.15,0.01,1,0,1,0
945,15,22.23,48.77,3,0,1,0
946,8,56.49,22.17,1,0,1,0
947,22,69.68,19.79,1,0,1,0
948,12,234.83,22.48,1,0,1,0
949,1,397.81,9.37,1,0,1,0
950,13,119.13,56.39,1,0,1,0
951,22,99.5,38.84,1,0,1,0
952,5,1077.4,26.34,1,0,0,0
953,6,147.81,23.26,1,0,0,0
954,23,24.43,38.41,1,0,1,0
955,11,143.12,30.54,1,0,1,0
956,3,82.4,66.23,1,0,1,0
957,6,70.67,47.87,1,0,0,0
958,6,50.53,42.79,1,0,1,0
959,12,66.99,41.56,3,0,0,1
960,6,76.3,19.41,1,1,0,0
961,15,200.86,5.49,1,0,1,0
962,12,60.4,56.85,1,0,1,0
963,22,29.34,24.1,1,0,0,0
964,7,43.28,14.89,1,0,1,0
965,20,22.95,70.23,1,0,1,0
966,19,147.89,33.44,3,1,1,0
967,22,49.63,40.61,1,0,1,0
968,2,28.84,46.46,1,0,1,0
969,3,69.41,18.77,3,0,1,0
970,0,41.2,36.32,1,0,1,0
971,17,110.59,25.62,1,0,0,0
972,10,37.64,7.89,1,0,1,0
973,13,136.09,27.6,1,0,0,0
974,3,83.84,26.54,1,0,0,0
975,18,105.59,44.12,1,0,0,0
976,19,86.22,14.68,1,0,1,0
977,9,208.71,21.13,1,0,0,0
978,19,42.18,29.16,1,0,0,0
979,20,201.34,9.71,4,0,0,0
980,23,175.14,9.97,1,0,0,0
981,23,373.59,55.74,1,0,0,0
982,12,146.49,15.88,1,0,0,0
983,1,473.31,0.7,1,0,1,0
984,6,132.19,22.73,1,0,0,0
985,4,102.83,44.38,1,1,1,0
986,10,102.4,27.75,1,0,1,0
987,5,107.52,1.11,1,0,0,0
988,8,106.51,31.9,1,0,1,0
989,16,26.37,52.17,1,0,1,0
990,20,115.14,15.28,1,0,1,0
991,17,99.42,18.2,1,0,0,0
992,6,21.54,20.61,1,0,0,0
993,4,102.9,37.68,1,0,1,0
994,17,101.99,30.12,1,1,0,0
995,17,60.28,5.66,4,0,1,0
996,3,95.85,16.34,1,0,0,0
997,4,90.12,8.04,1,0,1,0
998,5,62.28,30.18,1,0,1,0
999,2,96.91,10.96,1,0,1,0
1000,5,63.66,14.07,5,0,1,0
1001,2,34.55,5.64,1,0,0,0
1002,4,153.79,10.06,1,0,0,0
1003,3,121.27,42.39,1,0,1,0
1004,18,259.31,7.86,1,0,1,0
1005,12,270.31,40.78,1,0,1,0
1006,22,40.09,1.79,1,0,1,0
1007,11,112.92,18.45,1,1,0,0
1008,8,316.62,11.66,1,0,1,0
1009,2,236.06,12.99,1,0,0,0
1010,1,30.02,30.04,3,0,1,0
1011,21,77.46,17.8,5,0,1,0
1012,19,19.63,22.6,1,0,0,0
1013,16,99.16,0.71,3,0,0,0
1014,11,216.5,23.78,3,0,1,0
1015,3,33.8,46.75,2,0,1,0
1016,0,172.84,32.97,1,0,0,0
1017,1,17.93,13.73,1,0,1,0
1018,13,72.72,31.63,1,0,1,0
1019,4,128.35,10.56,1,0,1,0
1020,14,113.34,23.32,1,0,1,0
1021,22,41.49,47.1,1,0,1,0
1022,15,23.29,25.52,1,0,1,0
1023,12,76.52,34.43,1,0,1,0
1024,16,56.29,6.83,1,0,1,0
1025,13,46.55,4.67,1,0,0,0
1026,13,15.08,16.4,2,0,1,0
1027,18,93.11,40.09,1,0,1,0
1028,6,59.96,38.87,1,0,1,0
1029,16,65.45,39.97,3,0,1,0
1030,5,119.05,36.19,1,0,1,0
1031,15,54.45,22.08,1,0,1,0
1032,11,183.54,20.85,1,0,1,0
1033,2,112.82,38.62,1,0,1,0
1034,2,41.14,16.24,1,0,1,0
1035,13,81.8,60.11,2,1,0,0
1036,22,25.85,23.03,1,0,0,0
1037,5,122.09,24.31,1,0,1,0
1038,12,72.5,24.63,1,0,1,0
1039,17,151.4,15.42,1,0,1,0
1040,16,58.24,36.96,1,0,1,0
1041,17,34.54,6.37,1,1,1,0
1042,1,98.77,12.78,2,0,1,0
1043,19,216.9,76.77,1,0,0,0
1044,1,32.21,2.57,1,0,1,0
1045,18,43.54,47.13,1,0,1,0
1046,18,302.94,13.01,1,0,0,0
1047,4,40.31,30.59,1,0,1,0
1048,5,105.24,3.23,1,0,1,0
1049,12,20.0,10.07,1,0,1,0
1050,20,130.25,35.92,3,0,0,1
1051,3,105.63,25.6,1,0,0,0
1052,9,54.2,7.9,1,0,1,0
1053,1,30.81,38.94,1,0,1,0
1054,4,53.65,13.86,3,0,1,0
1055,3,18.77,29.97,1,0,1,0
1056,2,345.27,92.15,1,0,1,0
1057,4,512.95,0.52,2,0,1,0
1058,8,388.3,0.58,1,0,0,0
1059,20,38.85,32.59,4,0,1,0
1060,23,50.6,35.61,5,0,1,0
1061,13,25.43,16.26,1,1,0,0
1062,17,73.0,7.47,1,0,1,0
1063,13,88.79,25.93,1,0,1,0
1064,11,617.99,1.57,3,0,1,0
1065,4,50.89,66.45,3,0,0,1
1066,4,10.56,45.85,1,0,1,0
1067,1,185.31,69.15,2,0,1,0
1068,2,42.54,43.57,1,0,1,0
1069,15,59.97,27.06,1,0,0,0
1070,5,74.08,27.35,2,0,0,0
1071,8,270.2,10.04,1,1,1,0
1072,4,137.84,12.47,1,0,0,0
1073,19,68.65,17.32,1,0,1,0
1074,3,28.26,25.74,2,0,1,0
1075,3,13.93,19.06,1,0,1,0
1076,18,92.7,7.78,2,0,1,0
1077,0,304.04,6.23,1,0,1,0
1078,23,74.52,45.44,2,0,0,0
1079,1,50.3,42.75,1,0,0,0
1080,20,10.28,32.34,5,0,0,0
1081,16,202.07,24.01,1,0,1,0
1082,21,59.19,8.63,1,0,1,0
1083,15,133.69,54.09,2,0,1,0
1084,9,35.66,21.64,1,0,1,0
1085,8,152.65,81.2,4,0,1,0
1086,13,29.83,14.62,2,1,1,0
1087,16,39.31,26.85,4,0,0,0
1088,17,50.2,17.51,1,0,1,0
1089,2,47.52,36.06,1,0,1,0
1090,12,123.63,5.87,1,0,0,0
1091,22,112.24,18.13,3,0,1,0
1092,19,115.76,28.6,2,0,0,0
1093,6,108.68,9.75,1,0,1,0
1094,13,82.75,8.56,1,0,1,0
1095,10,203.88,40.71,1,0,0,0
1096,13,35.5,85.88,1,0,0,0
1097,2,166.64,45.24,2,0,0,0
1098,0,27.2,52.95,1,0,1,0
1099,13,19.71,89.68,2,0,1,0
1100,1,56.18,12.69,1,0,1,0
1101,21,83.13,20.11,2,0,0,0
1102,20,274.51,13.01,1,0,1,0
1103,10,35.72,1.14,1,0,1,0
1104,22,157.71,26.14,1,0,0,0
1105,2,124.85,6.48,1,0,0,0
1106,3,111.62,15.53,2,0,0,0
1107,14,80.64,63.58,1,0,1,0
1108,20,248.6,39.75,1,0,1,0
1109,21,7.76,26.69,1,0,1,0
1110,4,82.53,11.81,1,0,1,0
1111,17,270.61,30.49,1,0,0,0
1112,10,77.28,19.37,1,0,1,0
1113,12,305.25,15.55,3,0,1,0
1114,20,120.57,55.99,1,0,0,0
1115,0,113.33,22.61,1,0,0,0
1116,17,503.03,30.16,2,0,1,1
1117,2,122.48,44.48,1,0,1,0
1118,2,164.77,38.12,1,0,1,0
1119,20,55.67,63.74,1,0,1,0
1120,19,137.08,11.72,1,0,0,0
1121,0,9.56,35.58,1,0,1,0
1122,11,34.48,9.26,1,0,0,0
1123,8,47.64,57.43,1,0,0,0
1124,12,175.84,43.72,1,0,1,0
1125,3,128.12,2.13,3,0,0,0
1126,23,43.93,67.39,1,0,1,0
1127,20,180.46,76.06,1,0,1,0
1128,16,58.26,30.37,1,0,0,0
1129,2,36.6,33.97,1,0,1,0
1130,18,86.05,38.6,1,0,1,0
1131,19,137.13,9.55,1,0,1,0
1132,15,59.51,18.11,1,0,1,0
1133,12,82.89,2.55,4,0,1,0
1134,10,93.71,21.78,1,0,0,0
1135,11,52.1,2.03,1,0,1,0
1136,3,33.43,56.09,2,0,0,0
1137,23,65.39,41.38,1,0,0,0
1138,1,13.13,78.33,1,1,1,0
1139,19,152.28,3.64,1,0,1,0
1140,18,57.86,46.74,1,0,1,0
1141,8,26.53,21.55,1,0,1,0
1142,21,356.41,41.21,1,0,1,0
1143,21,43.03,28.3,1,0,0,0
1144,14,356.16,56.74,1,0,0,0
1145,14,236.84,21.63,1,0,1,0
1146,20,23.58,1.02,1,0,1,0
1147,8,66.72,29.27,1,0,1,0
1148,1,63.83,12.43,1,0,0,0
1149,6,50.9,16.4,1,0,1,0
1150,7,85.85,11.54,1,0,0,0
1151,12,61.21,11.78,1,0,0,0
1152,9,115.17,43.41,1,0,0,0
1153,23,40.88,35.51,2,0,1,0
1154,10,149.88,26.17,1,0,1,0
1155,0,71.95,60.87,1,1,0,0
1156,5,424.87,53.19,1,0,1,0
1157,11,71.32,45.88,1,0,0,0
1158,19,71.3,20.38,1,0,1,0
1159,7,98.17,4.46,1,1,1,0
1160,6,209.3,18.31,1,0,1,0
1161,14,51.99,43.26,1,0,1,0
1162,19,121.04,20.42,1,0,1,0
1163,4,69.32,59.03,1,0,1,0
1164,0,67.29,9.28,2,0,1,1
1165,11,40.83,5.68,1,0,1,0
1166,8,9.33,76.09,1,0,1,0
1167,11,22.05,4.87,2,0,0,0
1168,5,100.21,37.85,1,0,1,0
1169,4,62.71,9.46,3,0,1,0
1170,13,19.74,41.71,1,0,1,0
1171,11,60.78,11.99,1,1,1,0
1172,19,89.82,21.8,1,0,0,0
1173,12,12.8,31.52,1,0,1,0
1174,20,16.52,29.79,2,0,1,0
1175,3,230.52,17.34,1,0,0,0
1176,7,400.51,8.12,1,0,1,0
1177,15,93.59,33.77,2,0,1,0
1178,0,185.61,25.08,1,0,1,0
1179,7,236.03,37.75,2,0,1,0
1180,5,32.47,22.84,1,0,1,0
1181,3,298.26,3.22,1,0,1,0
1182,0,50.4,7.98,1,0,1,0
1183,21,89.42,82.21,1,0,1,0
1184,11,74.22,24.44,1,0,1,0
1185,5,106.85,12.75,1,0,1,0
1186,9,203.33,8.8,3,0,1,0
1187,16,180.55,36.25,3,0,1,0
1188,1,21.38,37.29,1,0,1,0
1189,23,122.76,53.45,1,1,0,1
1190,8,206.94,14.98,3,0,1,0
1191,20,84.97,17.5,1,0,1,0
1192,6,160.48,50.18,1,0,0,0
1193,16,71.15,12.72,1,0,1,0
1194,2,57.28,3.46,2,0,1,0
1195,3,34.24,3.61,1,1,0,0
1196,22,13.2,1.99,1,0,1,0
1197,16,279.65,9.74,1,0,1,0
1198,8,94.11,24.06,1,0,0,0
1199,6,96.85,57.34,2,0,1,0
1200,19,280.79,2.3,1,1,0,0
1201,19,70.98,15.65,1,0,1,0
1202,7,691.94,4.13,1,0,1,0
1203,17,70.46,6.87,1,0,1,0
1204,19,239.44,28.82,1,0,1,0
1205,18,20.31,18.88,1,0,0,0
1206,7,36.48,36.47,1,0,1,0
1207,9,28.52,6.06,1,0,1,0
1208,11,65.04,18.67,1,0,0,0
1209,8,40.05,39.94,1,1,1,0
1210,4,221.52,34.88,1,0,1,0
1211,4,49.85,23.95,2,0,1,0
1212,2,61.4,16.19,1,0,1,0
1213,21,65.87,5.28,1,0,1,0
1214,8,237.71,53.24,1,0,0,0
1215,13,557.43,51.94,3,0,0,0
1216,13,95.55,6.34,1,0,1,0
1217,7,31.4,8.25,1,0,1,0
1218,20,250.14,10.77,1,0,1,0
1219,5,67.47,26.23,1,0,1,0
1220,18,188.0,18.46,1,0,1,0
1221,8,35.34,20.63,2,0,1,0
1222,5,568.16,36.39,1,0,1,0
1223,22,238.39,39.08,1,0,1,0
1224,6,48.04,24.09,2,0,1,0
1225,4,196.62,41.42,1,0,1,0
1226,18,194.84,9.15,2,0,1,0
1227,6,47.07,8.57,1,0,0,0
1228,7,157.01,3.73,1,0,0,0
1229,19,67.37,4.15,2,0,1,0
1230,11,40.19,26.6,4,0,1,0
1231,13,53.03,48.51,1,0,1,0
1232,18,176.01,15.64,2,0,1,0
1233,9,55.85,11.86,1,0,0,0
1234,5,33.29,37.35,1,0,0,0
1235,1,77.39,5.98,1,0,1,0
1236,10,106.53,38.32,5,0,0,0
1237,14,410.58,16.13,1,0,0,0
1238,18,92.69,14.04,1,0,1,0
1239,18,16.43,21.89,1,0,1,0
1240,13,43.02,52.76,1,1,1,0
1241,23,29.11,18.94,1,0,1,0
1242,14,44.09,0.86,3,0,1,0
1243,7,99.4,33.35,1,0,0,0
1244,17,79.26,73.22,1,0,1,0
1245,18,60.08,41.16,3,0,0,0
1246,13,72.86,41.5,1,0,1,0
1247,2,119.71,33.64,1,0,0,0
1248,2,117.45,25.89,3,0,0,0
1249,10,24.98,40.02,3,0,1,0
1250,7,106.09,17.86,1,0,0,0
1251,6,92.6,29.84,1,0,1,0
1252,22,31.37,13.08,1,0,1,0
1253,15,206.42,59.39,2,0,1,0
1254,19,48.18,21.91,1,0,0,0
1255,9,58.88,18.52,1,1,1,0
1256,12,298.06,49.55,1,0,1,0
1257,7,27.29,30.73,1,0,1,0
1258,13,54.57,75.14,1,0,1,0
1259,10,91.88,2.08,2,0,0,0
1260,19,89.69,24.86,1,1,1,0
1261,22,49.52,19.09,1,0,1,0
1262,17,41.61,7.19,1,0,1,0
1263,17,54.28,32.03,1,0,1,0
1264,3,160.25,39.19,1,0,0,0
1265,2,147.37,74.26,1,0,0,0
1266,6,158.36,23.23,1,0,1,0
1267,20,89.01,1.22,1,0,1,0
1268,16,73.15,27.11,1,0,1,0
1269,0,59.96,8.4,1,0,0,0
1270,3,82.98,46.17,3,0,1,0
1271,15,92.33,18.69,1,0,0,0
1272,1,39.09,7.57,1,0,1,0
1273,15,81.65,2.73,1,0,0,0
1274,2,228.71,3.58,1,0,1,0
1275,3,29.48,26.34,1,0,0,0
1276,23,198.94,16.51,1,0,0,0
1277,21,43.75,47.71,1,0,1,0
1278,22,44.58,6.72,1,0,1,0
1279,4,11.95,7.88,1,0,0,1
1280,22,15.24,22.29,1,0,1,0
1281,5,181.92,37.55,1,0,1,0
1282,11,101.71,19.74,1,0,1,0
1283,4,33.71,34.82,1,0,1,0
1284,18,206.37,52.78,1,0,0,0
1285,15,43.45,55.45,1,0,1,0
1286,1,59.26,0.25,1,0,1,0
1287,12,120.75,31.85,1,0,1,0
1288,20,438.97,4.24,2,0,1,0
1289,21,98.07,57.33,2,0,1,0
1290,6,59.08,25.97,1,0,1,0
1291,0,89.85,74.58,1,0,1,0
1292,20,71.21,17.39,1,0,1,0
1293,0,71.63,53.34,2,0,1,0
1294,4,108.39,17.37,2,0,0,0
1295,14,92.42,48.77,4,0,1,1
1296,21,161.84,39.62,1,0,1,0
1297,16,49.97,36.2,1,0,1,0
1298,1,47.82,25.4,1,0,0,0
1299,0,37.96,42.83,2,0,0,0
1300,2,43.1,40.66,1,0,1,0
1301,0,36.7,60.01,1,0,1,0
1302,6,316.9,41.54,1,0,1,0
1303,18,51.01,41.54,1,0,1,0
1304,15,51.86,75.59,2,0,0,0
1305,5,50.3,29.42,1,0,0,0
1306,22,123.16,63.27,1,0,1,0
1307,3,79.14,15.26,1,0,1,0
1308,10,170.5,23.22,2,0,1,0
1309,20,158.44,6.78,1,0,1,0
1310,18,90.7,31.92,1,0,1,0
1311,10,70.46,84.82,1,0,0,0
1312,13,62.94,35.21,1,0,0,0
1313,16,115.23,19.97,4,0,0,0
1314,14,54.72,83.94,1,0,1,0
1315,5,44.2,36.97,1,0,1,0
1316,11,18.69,30.06,1,0,1,0
1317,14,282.53,30.97,1,0,0,0
1318,21,136.75,26.91,1,0,1,0
1319,18,38.49,4.95,1,0,1,0
1320,7,37.03,44.95,1,0,1,0
1321,13,33.69,2.46,1,1,1,0
1322,16,193.34,12.63,1,0,1,0
1323,0,40.41,27.64,1,0,1,0
1324,1,48.89,16.0,1,0,0,0
1325,11,332.48,62.69,1,0,1,0
1326,21,34.1,48.51,1,0,1,0
1327,1,23.46,24.23,1,0,1,0
1328,0,79.87,64.65,1,0,1,0
1329,19,79.83,34.81,1,0,1,0
1330,11,7.65,51.1,2,0,1,0
1331,2,55.79,19.21,2,0,1,0
1332,10,65.21,12.53,3,0,1,0
1333,13,108.55,30.53,1,0,1,0
1334,8,411.3,26.45,1,0,1,0
1335,21,9.26,4.76,1,0,1,0
1336,7,24.49,2.08,1,0,1,0
1337,18,54.48,14.94,1,0,1,0
1338,4,58.66,9.22,1,0,1,0
1339,1,131.47,48.5,4,0,0,0
1340,9,46.09,34.42,1,0,1,0
1341,11,87.48,22.69,1,0,0,0
1342,17,17.33,31.83,2,0,1,0
1343,18,6.64,27.16,4,0,1,0
1344,19,16.65,68.04,1,0,1,0
1345,20,40.21,28.27,1,0,0,0
1346,5,631.68,55.23,1,0,1,0
1347,13,255.11,9.28,1,0,0,0
1348,23,63.81,13.5,1,0,1,0
1349,11,153.38,1.6,3,0,0,0
1350,15,50.04,16.6,2,0,1,0
1351,19,65.71,32.8,1,0,0,0
1352,5,17.86,47.91,1,0,1,0
1353,16,23.62,15.0,1,0,1,0
1354,0,42.48,65.5,1,0,0,0
1355,1,35.01,25.33,1,0,1,0
1356,18,114.52,14.85,1,0,1,0
1357,15,44.89,10.61,2,0,1,0
1358,9,114.02,8.84,1,0,1,0
1359,4,34.34,23.23,1,0,0,0
1360,20,25.77,46.4,1,0,0,0
1361,19,43.79,13.33,1,0,1,0
1362,23,81.63,12.58,1,0,0,0
1363,20,46.61,40.93,1,0,1,0
1364,0,97.38,7.88,1,0,1,0
1365,23,264.03,2.64,3,0,0,0
1366,16,59.27,44.09,1,1,1,0
1367,17,234.55,65.1,1,0,1,0
1368,5,170.51,43.68,1,0,1,0
1369,19,44.68,15.89,3,0,1,0
1370,6,26.7,30.73,1,0,1,0
1371,10,119.47,14.1,1,0,1,0
1372,9,95.19,22.4,2,0,0,0
1373,6,107.36,21.26,1,0,1,0
1374,10,75.43,75.46,3,0,0,0
1375,8,128.07,7.75,1,0,1,0
1376,16,69.8,7.63,1,0,1,0
1377,14,33.88,26.66,1,0,1,0
1378,16,64.22,0.33,3,0,1,0
1379,6,502.86,42.69,1,1,0,0
1380,13,133.11,14.95,3,0,0,0
1381,4,24.66,30.47,1,0,0,1
1382,12,23.07,4.94,1,0,1,0
1383,22,18.91,15.89,1,0,1,0
1384,23,40.81,74.68,1,0,1,0
1385,10,1469.03,67.4,1,1,1,1
1386,19,84.89,0.81,1,0,1,0
1387,9,130.46,22.9,1,0,1,0
1388,2,63.96,12.62,1,0,1,0
1389,22,118.6,57.4,1,0,1,0
1390,14,56.51,33.84,4,0,1,0
1391,4,27.17,9.54,1,0,0,0
1392,0,41.31,39.0,1,0,1,0
1393,2,94.02,25.31,3,0,0,0
1394,21,63.6,7.43,1,0,0,0
1395,2,23.17,32.13,1,1,0,0
1396,9,63.32,32.89,1,0,1,0
1397,21,161.44,24.37,1,0,1,0
1398,1,188.32,33.76,3,0,1,0
1399,6,42.5,39.82,3,0,1,0
1400,14,147.08,16.77,1,0,1,0
1401,18,125.87,48.08,1,0,0,0
1402,15,131.51,77.13,5,0,1,1
1403,16,55.12,43.28,1,0,1,0
1404,11,53.93,39.45,1,1,1,0
1405,22,12.18,8.06,3,0,1,0
1406,4,141.46,39.64,1,0,1,0
1407,1,390.83,3.5,1,0,0,0
1408,23,311.64,40.41,1,0,0,1
1409,6,33.14,37.8,1,0,1,0
1410,1,112.61,5.25,1,0,0,0
1411,5,7.71,41.02,1,0,1,0
1412,15,169.04,11.24,1,0,0,0
1413,3,64.3,29.85,1,0,0,0
1414,2,278.11,2.1,1,0,1,0
1415,23,106.33,61.98,1,0,0,0
1416,4,48.19,10.74,1,0,0,0
1417,12,198.22,23.05,1,0,1,0
1418,0,91.44,17.35,1,0,0,0
1419,14,296.25,15.4,1,0,1,0
1420,5,10.41,50.19,1,0,1,0
1421,10,127.92,24.31,1,0,1,0
1422,3,30.43,13.0,1,0,0,0
1423,16,248.97,46.51,2,0,0,0
1424,4,90.63,53.23,1,0,1,0
1425,16,39.98,0.04,2,0,0,0
1426,17,158.64,20.58,3,1,1,0
1427,13,231.07,64.43,1,0,1,0
1428,23,23.24,71.42,1,0,0,0
1429,7,60.35,17.05,1,0,1,0
1430,4,28.06,37.56,1,0,1,0
1431,9,86.83,0.23,1,0,1,0
1432,4,192.93,5.35,1,1,1,0
1433,3,103.68,41.13,2,0,1,0
1434,2,93.68,59.13,2,0,0,0
1435,13,101.77,6.63,1,0,1,0
1436,18,72.31,1.79,1,0,0,0
1437,17,107.67,29.54,1,0,1,0
1438,20,384.53,19.66,1,0,1,0
1439,19,60.4,17.01,2,0,1,0
1440,12,270.47,9.69,2,0,1,0
1441,0,99.52,9.88,1,0,0,0
1442,21,36.58,47.84,1,0,0,0
1443,5,10.4,7.28,1,0,0,0
1444,2,37.75,10.26,1,0,1,0
1445,3,50.23,14.27,1,0,1,0
1446,14,210.01,20.75,1,0,0,0
1447,17,36.05,36.23,1,0,1,0
1448,21,60.35,55.45,1,0,1,0
1449,3,555.52,56.32,1,1,1,1
1450,1,46.33,19.62,5,0,1,0
1451,7,44.35,5.48,1,0,1,0
1452,14,54.92,1.23,1,0,0,0
1453,20,242.98,0.28,2,0,0,0
1454,11,47.85,33.21,3,0,0,0
1455,7,217.85,73.04,4,0,1,1
1456,19,38.67,56.23,1,1,0,0
1457,8,83.19,7.82,1,1,1,0
1458,17,683.77,5.89,1,0,1,0
1459,23,46.42,23.65,1,0,0,0
1460,12,33.03,13.71,1,0,1,0
1461,16,89.29,16.62,1,0,1,0
1462,2,107.11,21.22,1,0,1,0
1463,5,55.33,20.31,1,0,1,0
1464,10,36.21,44.55,1,0,1,0
1465,8,60.53,60.3,1,0,1,0
1466,19,15.95,14.17,1,0,1,0
1467,0,21.26,82.13,1,0,0,0
1468,19,73.26,29.26,4,0,1,0
1469,11,211.07,1.29,1,0,0,0
1470,1,123.39,41.43,3,0,1,0
1471,18,98.11,22.8,5,0,0,0
1472,17,30.26,18.6,1,1,1,0
1473,1,5.35,66.17,2,0,0,0
1474,16,11.83,8.04,3,0,1,0
1475,17,100.3,51.58,1,0,1,0
1476,15,93.91,56.32,1,1,0,0
1477,22,43.43,56.78,1,0,1,0
1478,0,27.03,13.24,1,1,1,0
1479,13,159.77,30.58,1,0,1,0
1480,7,104.98,44.0,1,0,1,0
1481,12,17.09,20.6,1,0,0,0
1482,12,164.45,16.66,2,0,1,0
1483,21,192.68,39.09,3,0,0,0
1484,0,59.06,3.09,1,0,0,0
1485,19,11.64,31.36,1,0,1,0
1486,5,185.12,24.34,1,0,1,0
1487,9,154.97,20.07,2,0,1,0
1488,6,69.84,12.0,1,0,1,0
1489,2,26.14,2.59,1,0,0,0
1490,6,332.71,24.31,1,0,1,0
1491,8,200.78,31.16,1,0,1,0
1492,5,99.06,59.07,1,0,1,0
1493,19,81.41,66.07,1,0,1,0
1494,19,253.09,78.68,1,0,0,0
1495,0,48.45,38.0,1,0,1,0
1496,2,67.7,29.28,1,0,1,0
1497,7,152.76,32.21,1,0,1,0
1498,11,40.53,91.73,1,1,1,0
1499,5,59.86,23.71,1,0,1,0
1500,12,15.64,2.28,1,0,0,0
1501,14,63.97,0.56,1,0,1,0
1502,6,561.56,38.15,1,0,1,0
1503,13,55.76,8.44,1,0,0,0
1504,19,62.21,39.09,1,0,1,0
1505,13,30.38,7.78,1,0,0,0
1506,4,123.12,9.81,2,0,1,0
1507,23,141.91,50.04,2,0,1,0
1508,1,55.38,13.67,3,0,0,0
1509,9,168.29,51.42,2,0,1,0
1510,3,128.46,3.43,2,0,1,0
1511,13,22.68,66.26,1,0,0,0
1512,4,68.02,34.31,1,0,0,0
1513,14,86.5,80.55,3,0,0,0
1514,11,44.3,31.16,1,1,0,0
1515,20,28.24,29.85,1,0,1,0
1516,13,243.7,14.05,1,0,0,0
1517,0,62.16,38.99,1,0,1,0
1518,23,106.59,25.11,1,0,0,1
1519,18,22.23,42.21,1,0,1,0
1520,16,59.28,1.44,3,0,1,0
1521,8,22.89,7.61,3,0,0,1
1522,4,125.15,29.87,1,0,1,0
1523,2,328.33,41.38,2,0,0,0
1524,3,88.6,52.99,1,0,0,0
1525,22,132.56,29.61,1,0,1,0
1526,15,90.02,21.77,1,0,0,0
1527,5,74.64,41.14,2,0,1,0
1528,2,123.02,14.21,1,0,1,0
1529,20,41.36,40.06,1,0,0,0
1530,5,29.95,25.66,1,0,1,0
1531,22,109.43,26.91,1,0,0,0
1532,23,191.53,47.93,1,0,1,0
1533,10,97.32,20.52,1,0,0,0
1534,12,42.24,36.17,1,0,0,0
1535,0,17.98,34.92,1,0,0,0
1536,5,69.5,41.09,1,0,1,0
1537,17,48.24,9.63,1,0,1,0
1538,11,43.75,3.94,1,0,0,0
1539,13,52.47,0.48,1,0,1,0
1540,16,21.68,2.06,2,0,1,0
1541,2,22.6,19.76,1,0,0,0
1542,15,199.36,90.14,1,0,1,0
1543,10,203.67,57.97,1,0,1,0
1544,0,6.59,6.88,1,0,1,0
1545,14,314.86,40.79,1,0,0,0
1546,4,28.61,11.88,1,0,1,0
1547,19,71.41,14.25,4,0,1,0
1548,20,92.79,44.08,1,0,1,0
1549,7,160.43,19.86,1,0,1,0
1550,13,21.85,13.96,2,0,1,0
1551,19,64.99,48.53,1,0,1,0
1552,10,262.17,5.22,1,0,0,0
1553,20,63.43,36.07,1,0,1,0
1554,1,108.46,55.18,1,0,1,0
1555,22,13.91,44.85,1,0,1,0
1556,16,39.88,13.28,1,0,1,0
1557,5,45.35,5.53,1,0,1,0
1558,7,46.75,12.24,1,0,1,0
1559,0,175.0,9.83,1,0,1,1
1560,22,80.05,15.35,1,0,1,0
1561,19,34.45,0.33,1,0,1,0
1562,8,45.87,16.79,1,0,0,0
1563,12,44.08,7.16,3,0,0,0
1564,9,357.02,27.26,2,0,1,0
1565,20,145.08,22.68,2,0,1,0
1566,12,137.89,18.71,1,0,0,0
1567,19,153.58,28.39,2,0,0,0
1568,0,45.12,23.61,1,0,1,0
1569,6,56.11,3.65,1,0,1,0
1570,6,14.68,2.73,3,0,0,0
1571,5,97.35,12.12,1,0,1,0
1572,21,60.55,64.37,1,0,1,0
1573,1,112.6,13.15,3,0,1,0
1574,20,14.71,62.48,2,0,1,0
1575,22,43.72,14.66,1,0,1,0
1576,4,34.21,27.21,1,0,1,0
1577,9,13.99,52.59,1,1,1,0
1578,4,49.28,10.82,1,0,0,0
1579,1,37.88,16.09,1,1,0,0
1580,12,24.25,40.52,1,0,1,0
1581,0,31.74,64.02,1,0,1,0
1582,11,83.4,0.54,1,0,1,0
1583,22,113.83,2.95,2,0,1,1
1584,16,184.45,7.48,3,0,1,0
1585,9,220.59,63.23,1,0,1,0
1586,21,30.37,49.41,3,0,1,0
1587,22,92.7,0.04,1,0,1,0
1588,21,72.69,36.06,1,0,1,0
1589,12,401.92,17.29,2,1,1,0
1590,12,18.36,36.63,2,0,1,0
1591,23,294.28,42.36,1,0,1,0
1592,17,35.07,34.33,1,0,0,0
1593,16,62.03,27.13,1,0,1,0
1594,18,21.73,28.63,1,0,0,0
1595,19,55.02,50.2,1,0,1,0
1596,20,33.82,65.25,2,0,1,0
1597,3,87.57,13.11,1,0,1,0
1598,3,64.72,52.54,1,0,1,0
1599,21,51.05,75.1,2,0,1,0
1600,21,18.59,13.73,1,0,1,0
1601,21,32.22,2.3,1,0,1,0
1602,1,74.88,10.01,1,0,1,0
1603,4,50.99,2.64,1,0,1,0
1604,17,115.48,20.56,2,0,1,0
1605,2,2.46,34.16,1,0,1,0
1606,8,41.11,25.93,1,0,1,0
1607,23,219.58,29.27,1,0,1,0
1608,13,185.3,19.36,1,0,1,0
1609,13,96.01,25.37,2,0,1,0
1610,8,55.5,0.3,3,0,1,0
1611,9,207.49,32.34,2,0,1,0
1612,19,132.1,21.87,1,0,1,0
1613,16,89.28,30.18,2,0,1,0
1614,10,313.8,32.75,1,0,0,0
1615,13,31.5,8.63,1,0,0,0
1616,6,115.87,1.03,1,0,0,0
1617,5,48.06,16.68,1,0,0,0
1618,12,71.3,6.58,1,0,1,0
1619,8,29.08,10.47,1,0,1,0
1620,17,88.1,8.61,1,0,1,0
1621,15,97.6,6.53,1,0,0,0
1622,2,34.42,27.87,1,0,0,0
1623,6,47.52,25.54,1,0,1,0
1624,0,83.21,58.11,1,0,0,0
1625,19,98.01,71.91,1,0,1,0
1626,19,39.46,9.14,1,0,1,0
1627,18,66.14,35.64,1,0,0,0
1628,12,18.29,7.18,1,0,1,0
1629,16,222.21,4.73,1,0,1,0
1630,12,38.12,0.01,1,0,1,0
1631,19,142.5,11.3,1,0,1,0
1632,0,70.06,9.31,2,0,1,0
1633,11,173.92,29.52,1,0,1,0
1634,1,236.1,35.68,1,0,0,0
1635,22,82.17,4.74,1,0,1,0
1636,5,40.14,14.36,1,0,1,0
1637,20,39.76,1.88,1,1,1,0
1638,3,14.23,26.43,1,0,1,0
1639,5,75.26,7.74,1,0,1,0
1640,19,247.44,17.71,1,0,1,0
1641,7,19.6,100.55,1,0,1,0
1642,12,97.88,40.46,2,0,1,0
1643,19,153.96,0.9,3,0,0,0
1644,1,23.79,30.81,1,0,1,0
1645,12,68.1,29.12,1,0,1,0
1646,4,102.49,68.61,1,0,1,0
1647,15,42.87,3.96,1,1,1,0
1648,20,186.12,32.66,1,0,1,0
1649,13,29.3,34.41,1,1,0,0
1650,10,11.11,16.27,1,0,1,0
1651,0,65.38,3.01,1,0,0,0
1652,14,149.07,0.04,1,0,1,0
1653,16,215.85,0.8,1,0,1,0
1654,2,94.55,9.34,1,0,1,0
1655,13,88.56,25.9,1,0,0,1
1656,2,382.71,2.72,1,0,1,0
1657,3,22.2,51.52,4,0,0,0
1658,17,156.01,6.55,1,0,1,0
1659,21,260.4,4.33,2,0,0,0
1660,8,42.94,31.55,1,0,1,0
1661,9,138.02,35.13,2,0,0,0
1662,4,74.84,16.12,1,0,1,0
1663,19,49.11,41.81,2,0,0,0
1664,15,223.32,28.54,1,0,1,0
1665,12,92.72,32.42,1,0,1,0
1666,12,28.63,1.99,2,0,0,0
1667,4,41.49,46.53,1,0,1,0
1668,1,34.85,15.07,1,1,1,0
1669,0,136.24,32.4,5,0,1,0
1670,16,13.36,44.17,1,0,0,0
1671,22,77.14,22.02,1,0,1,0
1672,14,47.27,42.18,1,0,1,0
1673,7,102.02,27.39,1,0,0,0
1674,14,44.55,29.26,1,0,1,0
1675,20,162.59,14.71,1,0,1,0
1676,12,46.05,7.25,1,0,1,0
1677,10,48.31,16.61,1,1,0,0
1678,5,244.85,29.01,1,1,1,0
1679,7,76.64,14.49,1,0,1,0
1680,10,154.36,37.86,1,0,0,0
1681,6,13.45,49.03,1,0,1,0
1682,19,9.64,20.6,1,0,0,0
1683,9,94.18,43.93,1,0,0,0
1684,13,91.68,25.45,1,0,1,0
1685,20,136.8,15.81,1,0,0,0
1686,0,5.41,19.71,2,0,0,0
1687,13,344.07,30.14,1,0,1,0
1688,17,50.86,31.89,1,1,1,0
1689,17,62.67,18.95,1,0,0,0
1690,9,116.04,52.29,2,0,1,0
1691,9,38.76,7.22,4,0,0,1
1692,7,127.32,14.59,1,0,1,0
1693,17,69.34,6.06,1,0,1,0
1694,6,80.91,3.08,1,0,0,0
1695,2,44.25,10.69,5,0,1,0
1696,12,163.38,0.31,2,0,1,0
1697,19,188.12,17.84,5,0,1,0
1698,15,86.8,6.84,1,0,0,0
1699,6,22.45,87.72,1,0,0,0
1700,14,102.84,12.58,1,0,1,0
1701,23,116.61,37.65,1,0,1,0
1702,1,34.61,30.89,1,0,1,0
1703,2,233.47,31.14,1,0,1,0
1704,2,214.96,18.53,1,0,1,0
1705,3,39.56,24.78,1,0,1,0
1706,2,214.12,2.69,1,0,1,0
1707,9,26.19,41.53,2,0,1,0
1708,4,85.85,7.07,1,0,1,0
1709,8,165.77,8.33,3,0,1,0
1710,15,16.61,34.58,1,1,0,0
1711,13,13.4,21.18,1,0,1,0
1712,6,149.83,1.07,1,1,1,0
1713,8,27.12,2.99,4,0,1,0
1714,4,139.42,10.26,1,1,1,0
1715,7,228.18,32.12,3,0,1,0
1716,22,43.38,33.61,1,0,0,0
1717,13,49.94,11.06,2,0,1,0
1718,21,378.92,61.71,1,1,1,0
1719,13,69.41,26.06,1,0,1,0
1720,4,49.09,11.24,1,0,0,0
1721,14,38.08,25.51,1,0,1,0
1722,7,66.01,32.34,2,0,1,0
1723,17,92.46,54.98,1,0,1,0
1724,9,181.3,48.52,1,0,0,0
1725,21,337.09,55.18,4,0,0,1
1726,22,151.04,1.89,1,0,1,0
1727,23,127.06,31.4,1,0,0,0
1728,11,22.63,19.53,1,0,1,0
1729,15,173.31,13.82,1,0,1,0
1730,7,63.81,19.37,1,0,0,0
1731,17,66.36,16.42,1,0,0,0
1732,8,546.66,3.0,2,0,0,0
1733,2,85.93,18.62,1,0,1,0
1734,0,267.53,9.0,5,0,0,1
1735,16,404.19,12.52,1,0,1,0
1736,0,102.8,49.19,1,0,1,0
1737,5,40.7,40.42,1,0,1,0
1738,23,21.65,42.68,2,0,1,0
1739,2,135.98,4.74,1,0,0,0
1740,2,123.71,30.75,1,0,1,0
1741,8,233.35,45.51,2,0,0,0
1742,10,149.61,6.61,5,0,1,0
1743,13,65.11,35.78,2,0,1,0
1744,17,69.43,24.42,1,0,1,0
1745,23,23.4,51.31,1,0,1,0
1746,7,135.33,3.33,1,0,1,0
1747,17,83.27,4.62,1,0,1,0
1748,6,103.24,12.56,1,0,1,0
1749,2,126.63,30.33,2,0,0,0
1750,21,632.35,38.74,1,0,1,0
1751,20,85.16,45.14,1,0,1,0
1752,20,194.59,87.07,1,1,1,0
1753,16,182.81,17.14,2,0,1,0
1754,15,85.45,30.62,1,0,1,0
1755,1,42.93,15.64,1,0,1,0
1756,12,51.29,16.49,1,0,1,0
1757,18,27.34,28.6,5,0,1,0
1758,5,149.12,16.32,1,0,1,0
1759,6,26.91,7.09,1,1,0,0
1760,16,50.59,3.9,1,0,0,0
1761,17,18.54,59.89,1,0,0,0
1762,6,33.21,7.85,1,0,1,0
1763,2,29.29,3.13,1,0,1,0
1764,9,36.74,25.4,1,0,1,0
1765,16,65.42,40.16,1,0,1,0
1766,20,56.63,12.42,1,0,0,0
1767,12,364.36,7.55,1,0,0,0
1768,21,26.31,45.54,1,0,1,0
1769,16,81.31,24.71,1,0,1,0
1770,8,53.79,30.14,1,0,1,0
1771,1,41.19,72.91,1,0,1,0
1772,3,59.81,7.43,1,0,1,0
1773,16,48.1,24.73,4,0,1,0
1774,15,35.34,24.63,1,0,0,0
1775,23,371.56,58.61,5,0,0,0
1776,17,150.69,19.6,1,0,1,0
1777,0,90.0,14.62,2,0,1,0
1778,10,63.81,37.29,1,0,0,0
1779,23,466.46,14.0,1,0,1,0
1780,3,360.44,43.88,1,0,1,0
1781,16,59.38,25.15,1,0,0,0
1782,19,88.65,8.09,1,0,1,0
1783,8,160.98,12.45,1,0,1,0
1784,10,2.81,14.22,1,0,1,0
1785,13,34.74,27.66,2,0,1,0
1786,10,174.8,9.44,3,0,1,0
1787,1,199.98,33.88,1,0,1,0
1788,4,151.57,53.71,3,0,1,0
1789,16,53.59,61.13,1,0,1,0
1790,20,36.5,32.29,1,0,1,0
1791,19,202.36,57.53,1,0,1,0
1792,22,85.92,16.31,1,0,1,0
1793,19,88.22,22.79,1,0,1,0
1794,21,19.57,6.69,1,0,1,0
1795,18,41.24,22.96,1,0,1,0
1796,6,135.67,21.75,2,0,1,0
1797,1,45.88,51.89,1,0,0,0
1798,0,96.09,15.87,1,0,0,0
1799,19,19.91,4.75,1,1,1,0
1800,0,37.04,0.94,1,0,1,0
1801,4,40.0,1.76,1,0,1,0
1802,11,63.12,13.34,2,0,1,0
1803,21,622.95,7.41,3,0,0,0
1804,12,80.18,43.04,2,0,1,0
1805,1,9.09,62.53,1,0,0,0
1806,1,59.25,18.27,1,0,1,0
1807,0,82.33,13.43,1,0,1,0
1808,5,237.87,42.56,2,1,1,0
1809,1,116.22,16.97,1,0,1,0
1810,22,321.26,23.43,1,0,1,0
1811,2,155.62,5.99,1,0,1,0
1812,19,106.24,6.11,4,0,1,0
1813,4,204.91,13.98,1,1,1,0
1814,2,68.76,0.06,5,0,1,1
1815,5,122.39,26.49,1,0,1,0
1816,3,31.03,14.27,2,0,1,0
1817,23,53.62,10.41,4,0,1,0
1818,7,58.3,39.87,2,0,1,0
1819,14,155.0,48.4,1,0,1,0
1820,18,78.92,12.4,1,0,0,0
1821,18,96.38,30.56,1,0,1,0
1822,17,47.07,20.66,1,0,0,0
1823,10,13.79,24.25,2,0,1,0
1824,21,71.12,16.38,2,0,0,0
1825,4,141.84,45.27,1,0,1,0
1826,2,62.01,52.53,1,0,0,0
1827,18,20.27,67.36,3,0,1,0
1828,7,55.89,8.24,1,0,1,0
1829,1,51.03,13.27,4,0,1,0
1830,23,107.71,4.3,1,0,1,0
1831,16,52.32,57.5,1,0,1,0
1832,12,63.12,6.06,1,1,1,0
1833,14,15.16,28.58,1,1,1,0
1834,12,115.97,15.53,1,0,1,0
1835,4,38.23,31.9,2,0,1,1
1836,20,20.24,19.91,1,0,1,0
1837,11,140.76,14.24,1,0,1,0
1838,17,10.24,8.68,2,0,1,0
1839,14,88.21,15.25,1,0,1,0
1840,17,821.74,61.98,2,0,1,0
1841,17,203.74,24.26,1,0,1,0
1842,15,18.04,28.5,1,0,1,0
1843,16,59.91,4.1,3,1,1,1
1844,10,420.38,10.79,1,0,1,0
1845,19,12.09,21.23,3,0,1,0
1846,1,52.65,14.96,2,0,1,0
1847,2,44.98,5.6,1,0,1,0
1848,13,57.87,41.69,1,0,1,0
1849,1,17.25,62.33,1,0,1,0
1850,22,96.42,45.03,1,0,1,0
1851,8,55.67,20.17,1,0,0,0
1852,17,65.51,14.57,1,0,1,0
1853,14,80.11,28.63,1,0,0,0
1854,8,81.18,5.56,1,1,0,0
1855,22,154.58,7.57,1,0,1,0
1856,10,34.25,17.67,1,0,0,0
1857,7,57.07,30.08,1,0,1,0
1858,16,78.42,58.72,1,1,1,0
1859,22,59.32,50.33,1,0,1,0
1860,16,182.91,44.53,3,0,1,0
1861,22,106.12,16.41,1,0,1,0
1862,0,124.12,1.44,1,0,0,0
1863,13,47.62,11.22,1,0,1,0
1864,2,100.47,14.77,1,0,1,0
1865,11,83.97,29.45,1,0,1,0
1866,21,134.93,31.1,1,0,1,0
1867,5,96.77,2.13,1,0,1,0
1868,18,195.55,23.55,1,0,1,0
1869,23,62.55,43.52,1,0,1,0
1870,17,81.65,36.74,1,0,1,0
1871,18,243.31,12.35,1,0,0,0
1872,23,156.97,82.29,2,0,0,0
1873,8,280.28,51.71,1,0,0,0
1874,18,65.61,7.76,1,0,1,0
1875,19,66.5,3.34,1,0,1,0
1876,17,308.23,18.21,1,0,1,0
1877,4,156.18,33.09,1,0,0,0
1878,17,67.34,39.88,1,0,1,0
1879,14,54.89,15.05,1,0,1,0
1880,12,37.9,28.78,1,0,0,0
1881,14,38.14,9.14,2,0,1,0
1882,23,97.42,45.56,1,0,0,0
1883,1,91.41,49.08,1,0,1,0
1884,3,39.04,18.96,1,0,1,0
1885,14,42.05,27.49,2,0,1,0
1886,3,36.66,29.41,1,0,1,0
1887,21,163.28,2.97,3,0,1,0
1888,6,62.82,26.66,1,0,1,0
1889,9,118.69,20.2,1,0,0,0
1890,20,120.4,6.32,2,0,1,0
1891,19,50.5,39.51,1,0,0,0
1892,2,452.87,15.89,1,0,1,0
1893,11,11.25,12.43,1,1,1,0
1894,13,327.69,18.12,1,0,0,0
1895,0,49.32,17.19,1,0,1,0
1896,19,37.39,0.54,1,0,1,0
1897,23,107.12,17.87,1,0,0,0
1898,3,53.02,35.94,2,0,1,0
1899,7,754.58,28.22,1,0,0,0
1900,18,435.14,20.11,1,0,1,0
1901,14,138.08,3.8,2,1,1,0
1902,4,147.57,38.06,1,0,1,0
1903,16,35.34,34.92,1,0,1,0
1904,2,71.56,28.0,1,0,1,0
1905,11,67.04,64.98,4,0,1,0
1906,1,62.98,27.11,1,0,1,0
1907,9,46.67,13.95,2,0,1,0
1908,18,63.19,43.02,2,0,1,0
1909,19,17.94,31.93,1,0,0,0
1910,8,65.72,3.56,1,0,1,0
1911,15,39.75,80.82,1,0,1,0
1912,14,111.03,63.74,1,0,1,0
1913,18,12.69,34.66,1,0,1,0
1914,18,103.82,0.14,2,0,0,0
1915,12,186.63,3.33,1,0,1,0
1916,13,48.91,18.96,1,0,1,0
1917,6,45.17,20.86,1,0,0,0
1918,6,140.79,21.67,1,0,0,0
1919,0,36.29,49.64,2,0,1,0
1920,5,152.69,28.5,1,0,1,0
1921,17,20.18,18.23,1,0,0,0
1922,4,67.51,21.06,2,0,1,0
1923,21,78.94,65.38,3,0,1,0
1924,3,39.34,46.02,1,0,0,0
1925,14,236.29,52.03,1,0,1,0
1926,10,70.42,2.64,2,0,1,0
1927,19,39.07,16.49,1,0,0,0
1928,5,96.31,42.89,2,0,0,0
1929,21,262.54,2.4,1,0,1,0
1930,2,160.3,0.22,1,0,0,0
1931,5,69.46,31.68,1,0,1,0
1932,14,178.98,17.54,1,0,1,0
1933,19,31.23,1.1,1,0,1,0
1934,9,28.02,33.14,1,0,1,0
1935,11,86.76,1.56,1,0,0,0
1936,7,40.35,0.42,1,0,1,0
1937,8,60.91,54.61,1,0,1,0
1938,2,49.73,15.12,2,0,0,0
1939,11,95.44,26.73,1,0,1,0
1940,0,28.65,0.32,1,0,1,0
1941,0,198.27,66.1,1,0,1,0
1942,20,87.67,4.4,1,0,1,0
1943,23,18.43,5.59,1,0,1,0
1944,23,20.47,20.35,2,0,1,0
1945,13,764.56,32.93,1,0,1,0
1946,7,153.58,33.96,1,0,1,0
1947,18,28.25,16.17,1,0,1,0
1948,21,23.67,43.96,1,0,1,0
1949,17,134.13,5.85,1,0,1,0
1950,11,94.38,46.37,1,0,1,0
1951,4,108.63,66.92,1,0,1,0
1952,13,141.28,16.14,1,0,0,0
1953,0,122.19,8.55,1,0,0,0
1954,4,11.88,42.54,1,0,1,0
1955,20,31.86,14.94,1,0,1,0
1956,1,33.23,8.46,1,0,1,0
1957,14,28.95,6.27,1,0,1,0
1958,3,29.85,13.92,4,0,0,0
1959,8,82.01,9.95,1,1,1,0
1960,16,309.33,24.81,1,0,1,0
1961,18,927.76,31.43,1,0,1,0
1962,13,106.93,36.12,1,0,1,0
1963,8,12.9,3.39,1,0,1,0
1964,1,67.21,20.88,2,0,0,0
1965,5,52.72,28.81,1,0,1,0
1966,8,62.97,0.32,1,0,1,0
1967,6,36.99,97.55,1,0,0,0
1968,15,154.74,16.63,2,0,1,0
1969,6,42.02,13.13,1,0,0,0
1970,12,359.41,20.36,2,0,1,0
1971,2,96.43,18.17,1,0,1,0
1972,7,40.68,26.75,2,0,0,0
1973,7,408.02,29.34,1,0,1,0
1974,13,55.23,13.61,1,0,0,0
1975,13,16.91,44.06,1,0,1,0
1976,17,13.55,37.88,1,0,0,0
1977,20,87.65,16.13,1,0,0,0
1978,18,89.23,27.57,2,0,1,0
1979,10,66.85,25.37,2,0,1,0
1980,2,408.0,5.97,1,0,1,0
1981,17,129.44,29.46,1,0,0,0
1982,21,79.77,36.76,3,0,0,0
1983,5,77.82,55.53,3,0,1,0
1984,0,40.86,30.03,1,0,1,0
1985,12,76.19,0.16,2,0,1,0
1986,2,135.01,15.77,1,0,1,0
1987,17,45.71,20.72,1,0,0,0
1988,17,96.68,89.85,1,0,1,0
1989,3,175.74,29.89,2,1,0,0
1990,14,159.42,44.28,2,0,1,0
1991,12,64.55,61.17,3,0,1,0
1992,7,65.3,21.55,1,0,0,0
1993,19,66.76,69.43,1,0,1,0
1994,4,37.08,22.88,1,0,1,0
1995,0,80.95,15.96,1,0,1,0
1996,20,69.49,5.04,1,0,1,0
1997,14,252.88,23.2,1,0,0,0
1998,22,139.13,14.06,2,0,1,0
1999,5,56.52,69.88,1,1,1,0
2000,2,146.4,45.96,1,1,1,0
2001,9,193.82,34.29,1,0,1,0
2002,20,82.3,37.19,1,0,0,0
2003,5,19.84,17.59,1,0,1,0
2004,8,126.29,23.06,3,0,1,0
2005,11,64.71,3.9,1,0,1,0
2006,11,73.35,65.35,1,0,1,0
2007,7,4.42,2.0,1,0,1,0
2008,5,389.68,23.22,2,0,1,0
2009,15,130.26,25.77,1,0,1,0
2010,13,190.28,0.6,2,0,1,0
2011,17,178.5,31.9,1,0,1,0
2012,3,44.75,23.4,1,0,1,0
2013,14,14.85,20.41,1,0,1,0
2014,15,20.98,25.37,4,0,1,0
2015,17,218.05,24.22,2,0,1,0
2016,6,192.32,60.78,1,0,0,0
2017,13,146.69,91.76,1,0,1,0
2018,23,54.27,19.18,2,0,1,0
2019,2,68.74,69.62,1,0,1,0
2020,7,64.69,8.43,2,1,1,0
2021,14,25.89,118.57,2,0,1,0
2022,5,51.21,11.5,3,0,1,0
2023,12,296.94,13.18,2,0,1,0
2024,14,98.08,26.66,1,0,1,0
2025,0,101.12,7.55,1,0,1,0
2026,21,75.11,62.26,1,0,1,0
2027,22,125.57,23.62,3,0,1,0
2028,0,455.44,73.05,1,0,0,0
2029,11,29.75,43.72,1,0,1,0
2030,5,192.71,44.14,2,0,1,0
2031,19,47.46,72.78,1,0,1,0
2032,19,228.47,33.48,1,0,1,0
2033,7,331.87,99.5,1,0,1,0
2034,23,204.76,43.43,1,0,0,0
2035,17,33.14,35.64,1,0,1,0
2036,17,29.79,29.8,1,0,1,0
2037,11,61.62,10.97,3,0,1,0
2038,17,16.4,37.02,1,0,1,0
2039,7,103.87,34.18,1,0,1,0
2040,11,54.26,4.57,1,0,1,0
2041,5,243.69,36.6,1,0,0,0
2042,3,67.75,27.17,1,0,1,0
2043,4,42.2,11.46,1,0,1,0
2044,13,24.82,29.72,3,0,1,0
2045,0,25.89,21.05,3,0,1,0
2046,14,9.27,33.94,1,0,1,0
2047,18,105.1,1.89,1,1,1,0
2048,5,30.61,26.4,1,0,1,0
2049,0,103.99,30.36,2,0,1,0
2050,0,30.99,9.86,3,0,0,0
2051,5,76.94,13.18,1,0,1,0
2052,3,74.15,2.64,1,0,1,0
2053,10,89.89,35.9,1,0,1,0
2054,10,253.58,14.91,1,0,0,0
2055,12,89.88,46.79,1,0,1,0
2056,1,9.85,0.62,1,0,1,0
2057,9,85.71,29.43,1,0,1,0
2058,15,390.55,0.35,1,0,1,0
2059,23,44.73,10.74,2,0,0,0
2060,22,165.03,16.46,1,0,1,0
2061,0,367.32,11.77,1,0,1,0
2062,18,19.14,62.15,1,0,1,0
2063,19,28.86,23.74,3,0,0,0
2064,0,7.3,11.51,1,0,1,0
2065,5,65.0,46.75,2,1,1,0
2066,12,57.57,28.53,2,0,1,0
2067,2,128.32,11.14,1,0,0,0
2068,1,62.78,26.07,4,0,1,0
2069,7,86.4,4.81,1,0,0,0
2070,13,50.9,56.68,1,0,1,0
2071,10,339.97,1.25,1,0,1,0
2072,1,81.69,58.55,4,1,1,0
2073,13,36.01,2.84,1,0,1,0
2074,6,118.24,69.56,2,0,0,0
2075,14,59.14,2.99,1,0,0,0
2076,7,39.46,13.77,1,0,0,0
2077,14,149.16,1.39,1,0,1,0
2078,23,138.06,23.81,2,0,1,0
2079,11,265.05,66.79,1,0,0,0
2080,12,39.44,18.26,1,0,1,0
2081,0,331.03,79.74,1,0,1,0
2082,19,53.44,7.87,1,0,1,0
2083,0,30.34,0.03,1,0,0,0
2084,21,87.48,68.8,2,1,0,0
2085,10,157.28,30.05,1,0,1,0
2086,21,169.93,12.66,1,0,1,0
2087,3,27.59,6.6,1,0,1,0
2088,5,24.54,8.8,2,0,0,0
2089,21,73.45,44.76,2,0,1,0
2090,13,139.24,90.88,1,0,1,0
2091,10,61.63,42.24,1,0,0,0
2092,11,209.29,18.52,1,0,1,0
2093,4,68.13,16.58,1,0,0,0
2094,13,25.89,7.03,4,0,1,0
2095,12,83.14,99.33,2,0,1,0
2096,11,144.06,67.38,1,0,1,0
2097,18,832.96,23.86,1,1,1,0
2098,21,38.89,8.92,1,0,1,0
2099,16,89.42,4.35,1,0,0,0
2100,11,42.61,75.12,1,0,0,0
2101,2,299.35,16.73,1,0,0,0
2102,5,139.26,27.12,1,0,1,0
2103,11,94.6,68.21,1,0,1,0
2104,8,79.13,49.71,1,0,1,0
2105,4,17.9,60.45,3,0,1,0
2106,9,47.02,78.62,1,0,0,0
2107,21,11.76,11.76,1,0,0,0
2108,11,824.89,26.18,1,0,0,0
2109,7,78.8,3.87,1,0,1,0
2110,17,104.57,13.92,1,0,1,0
2111,12,122.28,11.05,1,0,1,0
2112,10,403.75,47.48,1,0,1,0
2113,20,108.89,25.09,1,0,0,0
2114,13,32.48,38.9,1,0,1,0
2115,18,40.04,5.98,1,0,1,0
2116,13,73.19,32.95,1,0,1,0
2117,7,145.81,46.8,1,0,1,0
2118,16,70.64,7.96,1,0,1,0
2119,5,14.39,14.73,3,0,0,0
2120,15,109.53,11.59,1,0,1,0
2121,18,52.79,61.13,1,0,0,0
2122,18,95.43,46.02,1,0,1,0
2123,0,168.23,50.32,1,0,0,0
2124,22,284.08,83.67,1,0,0,0
2125,9,97.0,73.28,1,0,1,0
2126,22,56.39,10.89,1,0,1,0
2127,18,95.76,49.5,1,0,1,0
2128,22,56.12,10.52,1,0,1,0
2129,11,55.89,34.42,1,0,0,0
2130,19,37.26,44.28,2,0,0,0
2131,11,224.38,5.16,1,0,0,0
2132,23,16.8,28.09,2,0,1,0
2133,18,368.04,18.42,1,0,1,0
2134,7,86.35,4.35,1,0,0,0
2135,22,82.35,43.56,1,0,1,0
2136,18,128.89,25.91,2,0,0,0
2137,7,67.39,45.58,1,0,1,0
2138,11,20.42,70.76,2,0,1,0
2139,4,36.37,35.02,1,0,1,0
2140,0,56.95,5.98,1,0,1,0
2141,11,82.24,32.52,1,0,0,0
2142,13,85.24,54.89,1,0,1,0
2143,22,47.67,36.36,1,0,0,0
2144,5,32.9,28.8,3,0,1,0
2145,9,68.01,18.49,1,0,1,0
2146,16,231.91,42.27,1,0,1,0
2147,17,165.12,49.08,1,0,0,0
2148,20,61.74,5.43,1,0,0,0
2149,10,30.46,33.52,3,0,0,0
2150,8,61.45,36.77,1,0,0,0
2151,5,43.1,59.91,1,0,1,0
2152,3,43.18,16.42,1,0,1,0
2153,21,23.81,11.25,2,0,1,0
2154,7,42.77,30.11,1,1,1,0
2155,18,82.83,3.89,1,0,0,0
2156,4,82.65,19.7,3,0,0,0
2157,0,51.99,40.42,2,0,1,0
2158,3,195.96,3.41,1,0,0,0
2159,19,223.29,62.34,1,0,1,0
2160,14,14.06,34.08,1,0,0,0
2161,4,54.88,68.35,1,0,1,0
2162,16,110.71,3.64,1,0,1,0
2163,2,122.11,90.05,1,0,1,0
2164,11,466.19,60.33,1,0,0,1
2165,1,218.67,0.62,3,0,1,0
2166,19,133.28,32.32,1,0,0,0
2167,15,34.98,77.91,1,0,1,0
2168,0,54.46,22.54,1,0,1,0
2169,8,109.66,29.53,1,0,1,0
2170,6,208.92,2.14,1,0,1,0
2171,16,73.44,22.07,1,0,1,0
2172,21,50.2,15.84,1,0,0,0
2173,21,66.17,12.36,1,0,1,0
2174,23,50.94,0.14,1,0,1,0
2175,5,320.56,30.22,1,0,1,0
2176,0,128.62,19.35,3,0,1,0
2177,13,44.14,2.85,1,0,1,0
2178,23,287.56,63.99,1,0,1,0
2179,5,23.73,6.14,1,0,1,0
2180,6,114.99,37.99,1,0,1,0
2181,7,107.16,23.26,2,0,0,0
2182,11,161.96,6.61,3,0,1,0
2183,13,85.16,43.2,1,0,1,0
2184,17,80.98,16.64,4,0,0,0
2185,1,128.14,78.01,1,0,1,0
2186,16,26.76,11.13,1,0,0,0
2187,9,119.33,3.5,1,0,1,0
2188,13,131.7,24.24,1,0,1,0
2189,5,106.54,22.17,1,0,0,0
2190,22,202.71,3.93,2,0,1,0
2191,8,94.25,2.86,1,0,1,0
2192,13,65.2,11.37,1,0,1,0
2193,6,169.19,28.49,2,0,1,0
2194,5,289.74,46.24,1,0,1,0
2195,19,114.46,17.34,1,0,0,0
2196,7,24.01,29.21,2,0,1,0
2197,21,31.38,28.13,1,0,1,0
2198,12,29.53,10.65,1,0,0,0
2199,2,17.74,23.13,1,0,1,0
2200,16,116.71,1.44,2,0,1,0
2201,16,65.21,24.38,1,1,1,0
2202,20,531.9,53.08,1,0,0,0
2203,20,140.13,31.95,1,1,1,0
2204,22,31.43,25.12,1,0,1,0
2205,5,255.94,9.24,1,0,1,0
2206,19,282.29,9.83,1,0,1,0
2207,18,617.58,6.18,1,0,1,0
2208,23,51.34,35.77,2,0,1,0
2209,19,52.9,28.81,1,0,1,0
2210,17,164.32,17.8,1,0,1,0
2211,18,46.52,36.85,1,0,1,0
2212,7,40.39,12.35,3,0,1,0
2213,17,27.65,24.12,1,0,0,0
2214,20,76.53,18.55,1,1,1,0
2215,1,40.33,11.15,1,0,1,0
2216,5,8.77,25.74,1,0,1,0
2217,17,84.72,13.61,1,0,1,0
2218,19,120.97,10.49,2,1,1,0
2219,7,64.73,19.06,1,0,1,0
2220,3,219.21,18.09,1,0,1,0
2221,11,60.79,15.31,2,1,1,0
2222,9,57.75,56.63,1,0,0,0
2223,3,78.01,57.03,1,0,1,0
2224,22,34.57,19.5,3,0,0,0
2225,19,224.8,13.83,1,0,1,0
2226,5,53.53,45.18,1,0,1,0
2227,19,239.03,63.42,1,0,0,0
2228,0,52.93,70.8,1,0,1,0
2229,15,48.12,24.4,1,0,1,0
2230,7,79.62,10.24,1,0,1,0
2231,11,43.73,48.59,1,0,1,0
2232,2,139.11,38.56,3,0,1,0
2233,5,62.96,12.41,1,0,1,0
2234,10,21.7,19.98,1,0,1,0
2235,10,74.23,6.56,1,0,1,0
2236,11,53.2,3.64,1,0,1,0
2237,20,10.65,0.03,1,0,1,0
2238,14,18.13,76.34,1,1,1,0
2239,19,37.06,18.99,1,0,1,0
2240,2,108.04,20.72,1,0,0,0
2241,1,76.75,60.18,1,0,1,0
2242,6,63.61,17.07,1,0,1,0
2243,10,141.25,7.95,2,0,1,0
2244,3,36.38,37.0,1,0,1,0
2245,15,63.91,46.5,1,0,1,0
2246,12,17.83,64.56,1,0,0,0
2247,10,13.81,11.76,1,0,1,0
2248,7,95.12,14.26,1,0,1,0
2249,22,15.18,5.16,1,0,1,0
2250,16,135.33,3.28,1,0,1,0
2251,18,57.93,42.47,2,0,1,0
2252,16,22.25,2.65,1,0,1,0
2253,23,119.25,31.51,2,0,0,0
2254,17,21.5,22.54,2,0,1,0
2255,18,125.79,15.87,1,0,0,0
2256,5,78.14,44.7,1,0,0,0
2257,6,78.73,16.08,2,0,1,0
2258,17,488.46,32.9,1,0,0,0
2259,20,60.36,6.35,2,0,1,0
2260,11,41.16,30.34,1,0,1,0
2261,21,53.46,21.17,1,0,0,0
2262,7,335.22,48.55,2,1,1,0
2263,10,54.22,17.09,1,0,1,0
2264,16,104.61,35.44,1,0,1,0
2265,6,14.42,66.71,1,0,0,0
2266,14,76.5,3.93,1,0,1,0
2267,22,23.51,8.6,1,1,1,0
2268,9,66.57,72.94,1,0,0,0
2269,15,86.79,21.69,1,0,0,0
2270,21,23.37,3.59,1,0,1,0
2271,17,109.16,5.45,1,0,0,0
2272,22,100.07,36.94,2,0,1,0
2273,10,95.71,36.02,3,0,1,0
2274,3,80.13,5.78,4,0,1,0
2275,13,160.84,16.63,1,0,1,0
2276,6,347.55,41.79,1,0,1,0
2277,21,327.03,17.09,1,0,0,0
2278,19,78.27,15.62,2,0,1,0
2279,7,126.71,40.93,1,0,1,0
2280,17,463.79,44.26,2,0,0,0
2281,1,132.05,47.03,1,0,1,0
2282,16,42.12,2.77,1,0,1,0
2283,3,210.32,24.57,1,0,1,0
2284,11,47.64,14.61,1,0,1,0
2285,7,352.98,13.45,1,0,0,0
2286,1,138.85,9.78,1,0,1,0
2287,8,29.76,41.12,1,0,1,0
2288,20,81.9,18.34,1,0,0,0
2289,5,73.06,33.31,1,0,1,0
2290,13,19.59,37.52,1,0,1,0
2291,3,106.58,1.15,1,0,1,0
2292,4,21.64,20.68,1,0,0,0
2293,11,83.94,21.89,1,0,1,0
2294,18,63.12,26.96,1,0,1,0
2295,5,33.49,32.95,1,0,1,0
2296,4,153.05,17.78,3,0,0,0
2297,15,35.83,45.5,1,0,1,0
2298,1,40.18,54.44,2,0,1,0
2299,2,54.05,24.89,1,0,0,0
2300,18,18.8,8.36,1,0,0,0
2301,0,42.47,0.36,1,0,1,0
2302,14,92.44,3.75,1,1,1,0
2303,11,162.09,3.84,1,0,1,0
2304,17,163.01,14.36,1,0,0,0
2305,22,31.76,12.21,1,0,0,0
2306,21,63.14,11.07,1,0,1,0
2307,9,68.77,17.84,1,1,0,0
2308,1,70.97,14.22,1,0,1,0
2309,18,347.57,64.88,3,0,1,0
2310,4,205.73,2.89,1,0,1,0
2311,16,37.3,48.11,1,0,1,0
2312,2,225.11,11.36,1,0,1,0
2313,6,29.39,14.24,1,0,1,0
2314,16,121.42,77.99,5,0,1,0
2315,0,172.99,50.49,1,0,1,0
2316,6,96.58,39.3,2,0,0,0
2317,12,42.45,24.83,2,0,1,0
2318,12,331.67,7.62,1,0,1,0
2319,7,32.13,9.09,1,0,0,0
2320,9,216.1,8.19,1,0,1,0
2321,8,64.16,13.29,1,0,1,0
2322,12,65.15,82.74,1,0,1,0
2323,23,103.93,31.79,1,0,1,1
2324,12,22.59,34.21,1,0,1,0
2325,4,58.09,32.29,1,0,0,0
2326,14,25.63,79.97,1,0,0,0
2327,17,104.37,41.28,1,0,1,0
2328,18,19.09,38.84,1,0,1,0
2329,2,34.52,25.94,1,0,0,0
2330,4,90.99,28.01,1,0,0,0
2331,22,50.07,27.21,1,0,0,0
2332,8,25.62,39.49,4,0,1,0
2333,14,62.79,1.63,4,0,1,0
2334,11,73.35,3.99,1,0,0,0
2335,4,41.63,30.12,5,0,1,0
2336,3,114.52,14.98,1,1,1,0
2337,16,55.33,43.51,3,0,0,0
2338,8,103.12,47.33,5,0,1,0
2339,8,138.93,5.97,1,0,1,0
2340,13,76.08,20.52,1,0,1,0
2341,8,147.68,6.99,1,0,1,0
2342,2,36.72,47.28,2,0,0,0
2343,8,84.74,61.28,1,0,0,0
2344,3,145.42,9.72,2,0,1,0
2345,7,43.33,5.38,1,0,0,0
2346,16,78.48,29.47,1,0,1,0
2347,0,56.74,25.23,1,0,1,0
2348,23,13.13,23.31,1,0,1,0
2349,9,37.83,19.07,1,0,1,0
2350,1,103.86,34.59,1,0,1,0
2351,1,139.36,18.05,1,0,0,0
2352,1,119.6,17.14,1,0,0,0
2353,11,154.53,18.08,1,0,1,0
2354,20,66.15,8.3,2,0,1,0
2355,14,50.84,25.65,1,0,1,0
2356,14,76.32,31.05,1,0,0,0
2357,14,26.44,16.09,1,0,1,0
2358,4,483.62,34.9,2,0,0,0
2359,15,183.77,38.94,1,0,1,0
2360,0,37.03,23.32,1,0,1,0
2361,14,229.25,61.36,1,0,0,0
2362,12,167.61,22.02,1,1,1,0
2363,17,48.48,9.24,1,0,1,0
2364,19,108.77,38.21,2,0,1,0
2365,4,27.1,12.99,1,0,1,0
2366,1,197.4,34.04,2,0,0,0
2367,22,20.18,20.84,1,0,1,0
2368,9,166.67,34.03,2,0,1,0
2369,11,204.41,8.36,1,1,1,0
2370,7,95.94,32.03,1,0,1,0
2371,3,165.92,5.26,5,0,0,0
2372,13,137.74,18.19,1,0,1,0
2373,3,55.04,20.87,1,0,1,0
2374,12,335.78,46.8,1,0,1,0
2375,12,25.67,4.59,2,0,1,0
2376,14,31.1,66.75,1,0,1,0
2377,14,28.6,14.29,1,0,1,0
2378,1,31.42,61.45,1,0,1,0
2379,14,52.52,0.55,1,0,1,0
2380,5,23.85,73.06,1,0,0,0
2381,5,122.89,50.73,1,0,1,0
2382,21,30.96,17.39,1,0,1,0
2383,23,189.78,27.49,1,0,0,0
2384,16,276.14,24.95,1,0,1,0
2385,16,47.65,3.37,1,0,0,0
2386,19,163.83,42.88,1,0,0,0
2387,14,63.59,37.55,1,0,1,0
2388,16,96.97,19.09,1,0,1,0
2389,18,217.23,29.41,1,0,0,0
2390,6,13.73,33.13,1,0,1,0
2391,2,116.51,43.86,1,0,0,0
2392,17,55.81,31.08,2,0,1,0
2393,5,144.64,42.68,1,1,0,0
2394,0,23.96,77.23,1,0,1,0
2395,2,38.27,22.03,2,0,0,0
2396,1,494.8,49.57,3,0,1,1
2397,14,57.67,59.32,1,0,1,0
2398,17,107.25,53.58,1,0,1,0
2399,19,510.14,4.31,1,0,1,0
2400,5,78.98,13.55,2,0,1,0
2401,1,18.78,22.3,2,0,1,0
2402,5,67.63,8.41,1,0,1,0
2403,19,186.64,65.54,1,0,1,1
2404,23,72.84,25.04,1,0,1,0
2405,21,106.69,74.04,1,0,0,0
2406,9,159.88,3.55,1,0,1,0
2407,7,40.52,39.8,1,1,1,0
2408,4,151.22,11.98,4,0,0,0
2409,10,14.31,14.8,2,0,0,0
2410,9,107.82,10.87,1,0,1,0
2411,7,60.62,14.76,1,0,0,0
2412,20,45.77,19.61,4,0,1,0
2413,18,139.65,52.52,1,1,1,0
2414,15,62.52,4.62,1,0,1,0
2415,0,47.33,46.79,1,0,1,0
2416,3,86.66,13.85,1,0,1,0
2417,23,4.74,32.71,1,0,1,0
2418,8,12.71,0.98,1,0,1,0
2419,7,9.55,5.22,2,0,1,0
2420,2,54.97,13.11,1,0,1,0
2421,4,13.29,4.4,1,0,1,0
2422,20,25.99,60.31,4,0,0,0
2423,4,316.92,22.78,1,0,1,0
2424,3,125.26,73.23,4,0,1,0
2425,13,72.37,50.35,2,0,1,0
2426,13,51.91,16.6,1,0,1,0
2427,21,41.57,52.0,1,0,1,0
2428,6,223.56,30.81,4,0,1,0
2429,4,61.68,16.47,1,0,0,0
2430,6,345.02,5.55,1,0,0,0
2431,17,38.67,11.67,1,0,0,0
2432,12,50.74,58.64,1,0,1,0
2433,0,134.23,14.36,1,0,0,0
2434,20,63.21,42.43,1,0,1,1
2435,10,91.72,31.55,1,0,1,0
2436,1,109.97,49.37,1,0,1,0
2437,4,123.78,54.48,1,0,1,0
2438,3,59.41,22.9,1,0,1,0
2439,7,68.63,10.87,1,0,1,0
2440,6,121.47,33.02,1,0,1,0
2441,13,127.03,9.0,1,0,1,0
2442,21,264.74,72.56,1,0,0,1
2443,22,40.4,6.98,1,0,1,0
2444,10,79.8,58.47,1,0,1,0
2445,5,50.49,36.22,1,0,0,0
2446,15,36.58,1.36,1,0,1,0
2447,18,30.62,36.04,2,0,1,0
2448,4,54.99,17.71,1,0,1,0
2449,22,26.06,20.39,1,0,1,0
2450,15,122.76,17.69,1,0,1,0
2451,19,86.62,4.86,1,0,0,0
2452,23,32.91,13.1,1,0,1,0
2453,1,57.02,13.72,1,0,0,0
2454,13,137.07,9.38,2,0,1,0
2455,2,55.12,5.48,2,0,1,0
2456,4,28.08,16.1,1,0,1,0
2457,10,20.11,38.91,1,1,1,0
2458,13,42.15,14.39,1,0,1,0
2459,12,70.33,31.43,1,0,0,0
2460,4,40.48,71.67,1,0,0,0
2461,2,159.34,23.35,1,0,0,0
2462,1,36.58,30.83,1,0,1,0
2463,16,715.07,16.38,1,0,1,0
2464,10,120.58,17.2,1,0,1,0
2465,17,49.47,70.95,1,0,1,0
2466,1,145.2,46.14,1,0,1,0
2467,15,126.28,23.42,1,0,1,0
2468,3,86.86,15.66,1,0,1,0
2469,14,298.29,29.3,1,0,1,0
2470,22,141.14,5.13,3,0,0,0
2471,7,202.96,58.61,1,0,0,0
2472,13,86.74,15.33,1,0,1,0
2473,19,229.81,12.8,1,0,1,0
2474,1,299.8,56.16,1,0,1,0
2475,3,56.5,44.62,1,0,1,0
2476,10,257.79,4.94,2,0,0,0
2477,20,115.65,54.7,1,0,1,0
2478,1,88.35,63.47,1,0,0,0
2479,16,90.54,20.17,2,0,1,0
2480,19,340.6,28.51,1,0,0,0
2481,10,199.99,25.82,4,1,1,0
2482,20,50.67,13.49,1,0,1,0
2483,19,193.5,59.42,1,0,1,0
2484,0,46.71,52.34,1,0,1,0
2485,6,709.3,13.97,2,0,1,0
2486,10,548.65,38.67,3,0,1,0
2487,6,63.75,75.8,3,0,1,0
2488,8,88.35,54.69,2,0,1,0
2489,14,44.25,52.25,1,0,1,0
2490,13,15.93,55.85,1,0,0,0
2491,8,75.05,10.56,1,0,1,0
2492,22,61.44,56.15,1,0,1,0
2493,14,113.23,6.1,1,0,1,0
2494,21,28.98,13.57,1,0,1,0
2495,19,29.08,44.72,3,0,1,0
2496,11,98.22,64.69,3,0,0,0
2497,6,39.67,61.64,1,0,1,0
2498,11,229.39,29.35,1,0,1,0
2499,8,33.77,1.15,1,0,0,0
2500,0,29.98,14.61,1,0,1,0
2501,23,110.93,30.99,1,0,0,0
2502,18,28.57,29.58,1,0,1,0
2503,20,200.57,58.44,1,0,1,0
2504,23,94.02,26.55,1,0,1,0
2505,15,279.18,31.04,3,0,1,0
2506,18,957.09,13.07,2,0,0,0
2507,4,102.04,48.06,1,0,1,0
2508,15,441.91,5.05,2,0,1,0
2509,9,72.51,29.11,1,0,1,0
2510,12,72.32,36.35,1,0,0,0
2511,13,16.35,22.45,1,0,1,0
2512,19,170.46,48.71,1,0,1,0
2513,23,36.92,42.06,1,0,1,0
2514,13,109.73,17.44,2,0,1,0
2515,0,128.93,4.54,1,0,1,0
2516,22,110.48,64.86,1,0,1,0
2517,17,86.14,6.3,1,0,1,0
2518,16,292.44,33.75,2,0,0,0
2519,22,158.27,9.08,1,0,1,0
2520,0,7.44,48.43,1,0,0,0
2521,8,108.27,50.58,1,0,1,0
2522,23,117.82,36.3,1,0,1,0
2523,8,140.65,50.26,1,0,1,0
2524,10,40.57,22.29,1,0,0,0
2525,13,9.4,17.68,1,0,1,0
2526,23,374.5,17.3,5,0,1,0
2527,22,10.34,65.9,2,0,0,0
2528,2,59.89,49.53,1,0,1,0
2529,12,22.88,51.52,1,1,0,0
2530,5,33.3,46.25,1,0,1,0
2531,8,55.01,28.08,2,0,1,0
2532,4,20.48,23.75,2,0,0,0
2533,13,228.25,5.36,2,0,1,0
2534,12,205.49,37.96,4,0,1,0
2535,9,22.36,43.21,1,0,1,0
2536,1,62.07,42.37,1,0,1,0
2537,23,84.18,1.15,2,0,1,0
2538,6,102.33,7.33,4,0,0,0
2539,4,59.52,16.64,1,1,0,0
2540,22,89.63,35.55,1,0,1,0
2541,1,110.83,75.65,1,0,0,0
2542,21,17.13,33.97,4,0,1,0
2543,23,92.03,5.78,1,0,1,0
2544,3,169.52,46.14,1,0,1,0
2545,9,144.36,32.08,1,0,1,0
2546,15,57.84,51.51,2,0,1,0
2547,17,59.44,0.81,1,0,0,0
2548,6,53.2,75.37,1,1,1,0
2549,7,157.34,47.68,1,0,1,0
2550,1,58.08,36.88,1,0,1,0
2551,18,21.16,65.74,1,0,0,0
2552,14,89.07,8.47,1,0,0,0
2553,16,115.84,27.39,1,0,1,0
2554,12,279.39,37.73,1,0,1,0
2555,21,85.82,45.89,1,0,0,0
2556,22,69.15,9.87,1,0,1,0
2557,20,34.54,45.97,1,0,0,0
2558,22,100.22,22.53,2,0,1,0
2559,9,46.67,3.1,1,0,1,0
2560,14,18.88,12.03,1,0,1,0
2561,19,94.23,19.4,1,0,0,0
2562,19,9.87,36.99,1,0,1,0
2563,15,137.58,44.17,1,0,1,0
2564,2,51.28,8.04,1,0,1,0
2565,10,53.71,3.52,3,0,1,0
2566,9,55.8,4.0,2,0,1,0
2567,6,44.94,44.98,3,1,1,0
2568,15,24.24,5.28,1,0,1,0
2569,9,33.43,16.85,1,0,0,0
2570,15,24.71,9.77,2,0,0,0
2571,13,67.81,16.11,3,0,1,0
2572,22,34.71,17.12,1,0,0,0
2573,12,40.14,4.25,1,0,0,0
2574,22,270.59,49.75,1,0,1,0
2575,19,134.6,48.54,1,0,0,0
2576,0,300.65,0.35,2,0,0,0
2577,13,51.42,15.59,1,0,1,0
2578,17,557.0,63.61,1,0,1,0
2579,10,110.94,5.83,1,0,1,0
2580,22,36.83,37.32,1,0,0,0
2581,9,101.59,7.2,1,0,1,0
2582,4,59.43,30.52,1,0,1,0
2583,9,18.21,9.02,1,0,1,0
2584,12,22.49,25.98,1,0,0,0
2585,0,131.42,11.26,1,0,1,0
2586,17,724.51,32.13,1,0,1,0
2587,1,84.17,44.26,1,0,1,0
2588,14,119.05,33.24,1,0,0,0
2589,10,24.49,39.36,5,0,1,0
2590,0,17.26,0.02,1,0,1,0
2591,4,52.35,44.56,1,0,1,0
2592,9,14.73,30.76,1,0,1,0
2593,6,33.91,12.86,1,0,1,0
2594,1,141.08,11.22,3,0,1,0
2595,8,37.4,11.38,1,0,0,0
2596,23,77.88,9.69,1,0,0,0
2597,21,98.58,7.86,1,0,0,0
2598,18,144.61,22.52,1,1,1,0
2599,11,58.3,44.15,1,0,0,0
2600,22,27.14,20.17,4,0,1,0
2601,7,104.47,48.36,1,0,1,0
2602,0,19.38,7.67,1,0,0,0
2603,7,226.24,61.98,1,0,1,0
2604,14,36.85,2.51,1,0,0,0
2605,15,40.96,0.59,3,0,1,0
2606,23,76.83,39.74,1,0,0,0
2607,10,185.35,10.69,3,0,1,0
2608,7,127.92,39.84,1,0,1,0
2609,9,170.11,36.98,1,0,1,0
2610,21,122.26,8.36,1,0,0,0
2611,11,229.74,14.49,2,0,0,0
2612,14,115.04,37.4,1,0,1,0
2613,4,158.82,1.18,1,0,0,0
2614,8,105.34,17.35,1,0,0,0
2615,18,50.95,4.72,1,0,1,0
2616,17,90.04,5.33,2,0,1,0
2617,18,19.53,54.97,1,1,0,0
2618,5,53.2,32.12,1,0,1,0
2619,0,118.58,41.47,1,0,0,0
2620,19,166.05,50.71,2,0,0,0
2621,17,78.09,10.41,1,0,0,0
2622,15,20.65,24.19,1,0,1,0
2623,1,67.99,1.22,1,0,1,0
2624,8,265.25,20.01,3,0,1,0
2625,1,41.22,5.49,1,0,1,0
2626,7,49.1,30.78,2,0,0,0
2627,21,161.97,5.9,1,0,1,0
2628,1,39.74,42.54,1,0,1,0
2629,16,10.35,15.82,4,0,1,0
2630,2,41.59,43.81,1,0,1,0
2631,7,144.86,13.69,1,0,0,0
2632,19,429.41,10.76,1,0,1,0
2633,7,100.21,22.14,1,0,1,0
2634,9,11.98,5.28,1,0,1,0
2635,13,44.55,9.11,1,0,0,0
2636,15,36.44,37.11,1,0,1,0
2637,7,26.93,28.03,1,0,0,0
2638,11,44.2,0.08,1,0,0,0
2639,11,95.83,18.51,1,1,0,0
2640,12,463.53,49.95,1,0,1,0
2641,11,89.81,48.54,1,0,1,0
2642,14,39.4,1.6,1,0,1,0
2643,9,139.01,12.97,1,0,1,0
2644,6,359.11,51.91,1,0,1,0
2645,4,79.69,3.46,1,0,0,0
2646,20,115.44,1.1,1,0,1,0
2647,14,267.9,19.57,5,0,0,1
2648,1,12.24,17.52,4,0,1,1
2649,6,157.87,23.46,1,0,1,0
2650,4,98.43,21.07,1,0,1,0
2651,7,142.33,38.55,2,0,1,0
2652,12,126.97,33.31,1,0,1,0
2653,18,124.35,13.97,2,0,1,0
2654,20,15.54,24.86,1,0,0,0
2655,1,79.33,41.31,1,0,0,0
2656,8,31.93,66.66,1,0,0,0
2657,0,20.99,28.69,3,0,0,0
2658,11,110.75,15.02,2,0,1,0
2659,18,64.44,4.14,1,0,1,0
2660,10,40.75,4.02,1,0,1,0
2661,16,189.39,62.72,1,1,1,0
2662,2,37.32,35.63,1,0,1,0
2663,15,121.46,9.21,1,0,1,0
2664,10,53.56,20.49,2,0,1,0
2665,6,9.37,82.38,1,0,1,0
2666,5,41.37,49.34,1,0,0,0
2667,10,15.1,42.24,1,0,1,0
2668,1,37.46,60.93,1,0,0,0
2669,7,12.83,28.28,1,0,0,0
2670,18,13.43,30.53,1,0,1,0
2671,21,337.9,26.7,1,0,1,0
2672,6,44.3,6.08,1,0,0,0
2673,5,27.51,12.45,1,0,1,0
2674,12,15.04,69.1,1,0,1,0
2675,16,64.46,22.62,2,1,1,0
2676,20,148.44,26.92,2,0,1,0
2677,20,41.7,31.62,2,0,1,0
2678,12,54.68,6.64,2,0,0,0
2679,5,56.44,11.22,3,0,1,0
2680,11,35.59,9.85,1,0,1,0
2681,8,216.9,9.58,1,0,1,0
2682,13,15.31,25.68,1,0,1,0
2683,9,140.27,33.22,1,0,1,0
2684,20,124.61,10.1,1,0,0,0
2685,6,191.08,15.7,1,0,1,0
2686,12,111.91,7.39,1,0,1,0
2687,17,119.19,66.99,1,0,1,0
2688,16,162.01,51.83,1,0,1,0
2689,4,51.83,46.43,1,0,1,0
2690,15,57.89,66.81,1,0,1,0
2691,6,90.25,22.39,1,0,1,0
2692,20,20.91,11.85,1,0,1,0
2693,23,286.76,48.02,1,0,1,0
2694,3,31.86,20.14,3,0,1,0
2695,13,58.65,35.47,1,0,1,0
2696,12,29.01,51.14,2,0,1,0
2697,18,132.18,67.13,1,0,0,0
2698,21,57.94,28.62,2,1,1,0
2699,9,14.78,24.88,1,1,0,0
2700,6,111.9,4.53,1,0,1,0
2701,20,153.65,32.57,1,0,0,0
2702,12,111.36,8.99,1,0,1,0
2703,6,192.81,16.78,1,0,1,0
2704,15,100.24,35.43,1,0,1,0
2705,17,60.48,21.17,1,0,1,0
2706,4,119.55,4.68,1,0,0,0
2707,9,86.72,29.21,1,0,0,0
2708,4,33.6,24.94,2,0,1,0
2709,6,91.23,20.94,3,0,1,0
2710,12,18.52,6.13,1,0,1,0
2711,1,31.24,36.43,1,0,1,0
2712,12,16.77,7.88,2,0,0,0
2713,20,73.18,32.62,1,0,0,0
2714,14,101.6,25.45,1,0,0,0
2715,12,102.22,58.24,4,0,1,0
2716,22,138.0,13.42,1,0,1,0
2717,16,51.0,50.66,1,0,1,0
2718,20,52.59,16.05,1,0,1,0
2719,2,43.15,75.83,1,0,1,0
2720,3,230.25,3.54,1,0,1,0
2721,3,70.31,48.67,1,0,1,0
2722,21,37.39,19.49,1,0,1,0
2723,17,44.27,28.97,5,0,1,1
2724,2,29.73,34.27,1,0,0,0
2725,7,57.78,49.21,1,1,0,0
2726,5,176.87,23.3,1,0,0,0
2727,3,48.17,58.24,1,0,1,0
2728,2,25.77,13.06,1,0,1,0
2729,9,27.7,21.0,1,0,0,0
2730,15,113.24,34.65,1,0,1,0
2731,2,144.13,37.08,1,0,1,0
2732,20,85.51,8.48,1,0,1,0
2733,22,21.29,63.88,1,0,1,0
2734,10,216.29,13.66,1,0,1,0
2735,18,82.09,0.89,1,0,1,0
2736,23,25.97,78.67,1,0,0,0
2737,1,28.66,5.54,1,0,1,0
2738,17,25.51,22.56,1,0,1,0
2739,19,120.08,32.62,1,0,1,0
2740,10,85.61,2.43,1,0,1,0
2741,16,25.53,21.15,1,0,1,0
2742,9,266.82,78.01,1,0,1,0
2743,0,39.47,3.19,1,0,1,0
2744,21,93.72,24.56,3,0,1,0
2745,4,77.53,5.81,1,0,1,0
2746,19,97.25,82.95,1,0,1,0
2747,4,34.21,24.71,1,0,0,0
2748,6,30.12,31.55,1,0,0,0
2749,16,16.45,44.12,1,0,1,0
2750,3,102.58,7.21,1,0,1,0
2751,19,110.08,4.31,1,0,1,0
2752,2,76.29,31.38,4,0,0,0
2753,19,129.24,71.32,1,0,1,0
2754,2,41.46,18.16,1,0,1,0
2755,23,47.77,67.09,1,1,1,0
2756,22,60.82,21.97,1,0,1,0
2757,13,95.7,36.79,1,0,1,0
2758,19,68.48,21.07,3,0,1,0
2759,13,40.24,44.49,1,0,1,0
2760,12,204.08,55.03,1,0,1,0
2761,2,90.31,86.71,1,0,0,0
2762,17,102.42,35.66,2,0,1,0
2763,13,36.48,11.34,1,0,1,0
2764,22,35.36,17.59,1,0,1,0
2765,2,180.49,27.02,1,0,1,0
2766,12,129.14,53.41,1,0,1,0
2767,7,182.86,29.85,5,0,1,0
2768,7,66.52,14.62,1,0,0,0
2769,13,37.99,9.47,1,0,1,0
2770,3,21.22,48.43,1,0,1,0
2771,18,60.15,71.52,1,0,0,0
2772,14,255.32,7.67,1,0,1,0
2773,8,87.08,47.77,2,0,0,0
2774,15,551.73,14.23,1,0,1,0
2775,15,140.06,38.8,2,0,1,0
2776,6,25.26,2.23,1,0,1,0
2777,4,124.54,19.89,1,0,1,0
2778,2,128.44,30.92,1,0,1,0
2779,20,44.54,72.49,1,0,1,0
2780,4,108.17,45.49,3,0,0,0
2781,17,114.23,51.84,3,0,1,0
2782,23,149.1,6.29,1,0,1,0
2783,9,86.25,84.69,1,0,1,0
2784,4,41.1,11.85,2,0,0,0
2785,20,51.36,18.15,1,0,1,0
2786,1,29.41,71.21,1,0,0,1
2787,8,92.49,38.69,1,0,1,0
2788,6,139.31,26.41,1,0,1,0
2789,9,66.69,26.37,1,0,1,0
2790,12,50.48,20.71,2,0,1,0
2791,19,272.33,15.85,1,0,1,0
2792,13,27.39,41.07,3,0,0,0
2793,3,16.55,31.7,1,0,1,0
2794,5,57.16,8.24,1,0,1,0
2795,17,42.2,5.17,1,0,1,0
2796,11,134.66,47.28,1,0,1,0
2797,14,56.48,2.38,1,0,1,0
2798,6,42.88,15.93,1,0,0,0
2799,15,146.62,22.25,1,0,1,0
2800,1,40.76,2.01,1,1,1,0
2801,0,177.72,42.36,1,0,1,0
2802,0,183.95,80.04,1,0,0,0
2803,15,40.67,32.17,2,0,1,0
2804,23,69.41,13.41,1,0,1,0
2805,2,33.55,12.75,1,0,0,0
2806,22,14.21,38.29,3,0,1,0
2807,18,93.94,15.62,1,0,1,0
2808,9,132.68,51.12,1,0,1,0
2809,22,57.65,28.96,1,0,1,0
2810,14,122.94,3.8,1,0,1,0
2811,22,26.75,26.77,1,0,1,0
2812,10,22.92,42.12,2,0,1,0
2813,4,52.11,9.02,2,0,1,0
2814,6,40.18,25.72,1,0,1,0
2815,5,18.0,5.08,1,0,0,0
2816,13,250.17,20.3,1,0,0,0
2817,6,73.02,0.7,1,0,1,0
2818,8,286.22,8.3,1,0,1,0
2819,1,345.23,13.77,1,0,1,0
2820,23,60.75,25.73,1,0,0,0
2821,4,73.12,37.38,1,0,0,0
2822,10,204.84,12.28,1,0,1,0
2823,1,85.33,4.17,1,1,0,0
2824,1,17.91,23.14,3,0,0,1
2825,17,320.63,37.44,1,0,0,0
2826,20,63.33,59.11,1,0,1,0
2827,0,81.18,28.36,1,0,1,0
2828,18,42.02,30.57,1,0,1,1
2829,11,166.43,77.78,1,1,1,0
2830,21,130.55,15.56,2,0,0,0
2831,19,97.38,50.93,1,0,1,0
2832,15,58.62,40.28,1,0,1,0
2833,3,75.71,28.61,1,0,1,0
2834,13,153.76,6.67,1,0,0,0
2835,20,40.35,10.57,1,0,1,0
2836,6,64.44,32.53,3,1,1,0
2837,20,317.76,21.97,1,0,1,0
2838,17,30.0,8.33,1,0,1,0
2839,19,170.18,74.6,3,0,0,1
2840,0,192.61,26.94,2,0,0,0
2841,15,81.28,68.52,1,1,1,0
2842,2,81.05,41.76,1,0,1,0
2843,1,181.53,63.98,1,0,1,0
2844,14,172.59,30.92,1,0,1,0
2845,0,206.59,31.8,2,0,1,0
2846,12,32.78,19.57,4,0,1,0
2847,5,61.57,46.21,1,0,1,0
2848,20,442.06,44.18,1,0,0,0
2849,7,58.76,45.58,1,0,0,0
2850,20,132.1,54.17,3,1,1,0
2851,15,19.13,15.71,1,0,1,0
2852,8,55.68,8.72,1,0,1,0
2853,13,12.31,33.79,1,0,1,0
2854,7,293.23,65.21,2,0,0,0
2855,16,52.4,53.11,1,0,1,0
2856,19,50.19,24.07,2,0,0,0
2857,21,145.36,21.15,1,0,1,0
2858,11,16.47,99.6,1,0,1,0
2859,12,59.68,51.15,1,0,0,0
2860,18,19.74,19.71,1,0,0,0
2861,18,33.66,57.26,4,0,1,1
2862,13,20.72,2.92,1,0,1,0
2863,20,84.76,16.54,1,0,1,0
2864,21,373.27,69.92,1,0,0,0
2865,2,391.32,31.41,1,0,1,0
2866,12,10.96,27.82,2,0,1,0
2867,5,151.48,4.96,1,0,1,0
2868,11,16.03,16.12,4,0,0,0
2869,18,46.7,45.95,1,0,1,0
2870,22,68.46,27.46,1,0,1,0
2871,13,67.29,17.98,2,0,1,0
2872,11,366.12,31.44,1,0,1,0
2873,0,77.06,34.36,1,0,1,0
2874,13,83.07,14.32,2,0,0,0
2875,19,1489.99,14.21,1,0,1,0
2876,18,155.64,31.74,1,0,0,0
2877,21,82.09,42.85,1,0,1,0
2878,1,18.24,11.16,1,0,1,0
2879,17,12.14,36.02,1,0,1,0
2880,19,89.14,32.35,1,0,0,0
2881,6,263.77,6.51,1,0,1,0
2882,2,492.25,23.73,2,0,1,0
2883,21,101.89,20.1,1,0,1,0
2884,10,43.49,42.86,1,0,1,0
2885,1,148.21,25.44,1,0,1,0
2886,10,55.91,2.22,1,0,0,0
2887,18,76.63,61.09,1,0,1,0
2888,11,51.04,18.26,2,0,1,0
2889,23,137.94,23.31,2,0,1,0
2890,1,34.99,19.46,1,0,1,0
2891,1,30.28,14.04,1,0,1,0
2892,2,90.35,1.97,1,0,1,0
2893,7,337.5,7.08,2,0,1,0
2894,1,30.13,21.82,1,0,1,0
2895,11,128.17,24.46,1,0,0,0
2896,3,190.91,30.83,1,0,1,0
2897,21,162.66,9.47,1,0,1,0
2898,22,41.18,69.18,1,0,1,0
2899,8,103.63,50.31,1,0,1,0
2900,0,293.86,28.58,2,0,1,0
2901,16,31.67,47.34,1,0,1,0
2902,11,58.37,8.81,1,0,1,0
2903,5,63.87,20.8,1,0,0,0
2904,13,39.63,50.49,1,0,0,0
2905,14,227.9,6.34,1,0,0,0
2906,23,40.46,43.2,1,0,0,0
2907,12,204.49,32.57,1,0,0,1
2908,21,63.85,42.77,1,0,1,0
2909,16,25.6,66.95,1,0,1,0
2910,8,55.88,15.03,4,0,1,0
2911,0,27.79,22.0,1,0,1,0
2912,20,15.64,3.39,1,0,1,0
2913,23,13.8,7.72,1,0,1,0
2914,1,79.87,19.13,1,0,1,0
2915,2,81.59,59.93,1,0,0,0
2916,14,85.38,27.03,2,0,1,0
2917,9,92.64,3.12,3,0,1,0
2918,17,237.34,2.6,1,0,1,0
2919,0,60.05,12.82,3,0,1,0
2920,13,44.21,15.59,1,1,1,0
2921,5,341.16,50.2,1,0,0,0
2922,2,211.41,42.45,1,0,1,0
2923,18,16.98,61.93,1,0,0,0
2924,13,235.82,3.04,2,0,1,0
2925,22,136.44,40.55,1,0,0,0
2926,22,87.09,29.09,1,0,1,0
2927,16,174.16,0.9,4,0,1,0
2928,17,116.22,44.3,1,0,0,0
2929,4,32.87,44.63,1,0,0,0
2930,5,7.44,11.35,1,0,0,0
2931,8,40.28,23.72,1,0,1,0
2932,3,451.53,3.84,1,0,1,0
2933,1,86.54,22.62,1,0,1,0
2934,1,110.72,15.5,1,0,0,0
2935,4,769.38,103.37,1,0,1,0
2936,20,124.67,35.46,1,0,1,0
2937,2,31.72,50.92,3,0,1,0
2938,15,168.26,10.2,4,0,1,0
2939,5,172.87,30.55,1,0,0,0
2940,1,15.58,13.49,1,0,1,0
2941,3,138.76,42.95,1,0,1,0
2942,0,35.36,62.18,2,0,1,0
2943,14,46.59,31.91,1,0,1,0
2944,8,45.59,12.29,1,0,1,0
2945,6,68.45,25.83,2,1,1,0
2946,16,159.14,3.92,2,0,0,0
2947,20,34.74,3.89,1,1,1,0
2948,7,66.33,5.32,1,0,0,0
2949,5,84.84,5.09,1,0,1,0
2950,6,87.43,14.92,1,0,0,0
2951,20,93.46,49.54,1,0,1,0
2952,9,132.2,18.44,1,0,1,0
2953,23,79.31,19.04,1,0,1,0
2954,9,30.43,13.55,1,0,1,0
2955,0,66.86,20.72,2,0,0,0
2956,16,295.78,12.33,3,0,0,0
2957,13,244.41,41.73,1,0,0,0
2958,10,20.16,11.93,2,0,1,0
2959,18,55.39,15.02,3,1,0,0
2960,12,125.59,16.2,1,0,1,0
2961,14,47.15,20.05,2,0,1,0
2962,19,66.66,29.48,1,0,0,0
2963,22,246.99,0.21,1,0,1,0
2964,2,84.23,47.36,3,0,1,0
2965,8,104.72,28.34,1,1,1,0
2966,13,87.65,40.24,2,1,1,0
2967,0,206.4,21.48,2,0,1,0
2968,22,124.38,43.57,1,0,1,0
2969,17,284.12,22.92,3,0,1,0
2970,21,245.43,3.34,2,1,1,0
2971,12,168.53,29.53,1,0,1,0
2972,7,144.59,17.47,1,0,1,0
2973,11,15.79,62.33,2,0,1,0
2974,10,141.36,44.06,2,0,1,0
2975,15,53.95,64.86,1,0,1,0
2976,8,37.2,1.25,1,0,1,0
2977,2,101.16,23.58,1,0,0,0
2978,14,172.94,49.81,2,0,0,0
2979,13,197.27,48.48,1,0,1,0
2980,19,71.12,6.64,2,1,0,0
2981,21,47.81,10.21,1,0,0,0
2982,14,170.23,52.58,1,0,1,0
2983,4,61.04,6.37,1,0,1,0
2984,6,99.07,48.41,1,0,1,0
2985,18,585.72,26.31,1,0,1,0
2986,8,44.28,9.75,3,0,1,0
2987,10,140.85,55.23,1,0,1,0
2988,1,237.8,63.44,1,0,1,0
2989,22,167.76,7.4,1,0,1,0
2990,10,74.79,1.52,1,0,1,0
2991,23,42.86,49.79,1,0,1,1
2992,23,63.91,1.38,1,0,0,0
2993,4,58.77,50.27,1,0,1,0
2994,22,37.49,64.96,1,0,1,0
2995,13,12.68,0.25,1,0,1,0
2996,2,45.58,19.97,1,0,1,0
2997,7,24.98,45.82,1,0,1,0
2998,9,51.34,35.73,1,0,0,0
2999,23,31.37,17.06,5,0,0,0
3000,13,12.25,27.28,2,0,1,0
3001,6,51.59,10.06,1,0,0,0
3002,19,57.34,89.74,1,0,1,0
3003,19,14.66,2.66,2,0,1,0
3004,12,18.87,77.03,2,1,1,0
3005,19,25.11,30.68,1,0,0,0
3006,22,340.74,13.2,5,1,1,1
3007,12,42.52,25.28,1,0,1,0
3008,18,51.59,16.32,4,0,0,0
3009,3,26.06,54.64,1,1,1,0
3010,6,41.29,71.73,1,0,0,0
3011,10,43.51,27.04,1,0,1,0
3012,1,367.94,5.5,1,0,1,0
3013,10,56.88,12.23,2,0,0,0
3014,17,116.48,3.32,1,0,0,0
3015,19,48.19,21.5,3,0,0,1
3016,3,245.15,40.71,1,0,0,0
3017,22,193.03,30.19,2,0,1,0
3018,16,39.85,37.22,1,0,0,0
3019,12,38.51,44.45,1,0,1,0
3020,21,260.31,12.81,3,0,1,0
3021,17,90.62,23.08,1,0,1,0
3022,17,45.2,34.06,1,0,1,0
3023,4,88.8,14.73,2,0,0,0
3024,20,33.1,73.6,1,0,1,0
3025,5,39.19,2.01,1,0,0,0
3026,19,86.96,37.68,1,0,0,0
3027,13,43.23,21.78,1,0,1,0
3028,7,77.1,30.77,1,0,0,0
3029,13,205.8,44.63,3,0,1,0
3030,18,34.26,31.37,3,0,1,0
3031,14,83.21,2.42,1,0,1,0
3032,18,522.17,16.85,1,0,0,0
3033,9,25.03,9.35,1,0,1,0
3034,11,61.6,14.36,1,0,0,0
3035,23,140.47,19.75,1,0,1,0
3036,12,103.81,12.47,2,0,1,0
3037,21,77.26,16.34,1,0,1,0
3038,1,60.39,17.61,1,0,1,0
3039,13,70.86,12.21,3,0,0,0
3040,8,172.33,18.17,2,0,1,0
3041,20,48.5,24.23,1,0,1,0
3042,17,115.37,8.1,1,0,0,0
3043,14,54.04,17.83,1,0,1,0
3044,19,37.34,2.98,1,0,1,0
3045,3,100.22,0.03,1,0,1,0
3046,11,548.62,5.14,1,0,0,0
3047,2,133.42,24.33,1,0,1,0
3048,17,130.85,24.6,2,0,1,0
3049,1,91.63,16.89,1,0,1,0
3050,1,13.65,61.75,1,0,1,0
3051,10,204.16,20.68,1,0,0,0
3052,11,50.97,71.31,2,0,1,0
3053,1,101.06,60.84,2,0,1,0
3054,1,163.29,36.66,1,0,0,0
3055,2,453.34,0.96,1,0,0,0
3056,1,184.2,44.43,1,0,0,0
3057,6,138.88,2.75,2,0,1,0
3058,5,62.54,11.27,1,0,1,0
3059,23,55.07,25.79,2,0,1,0
3060,18,87.96,18.0,1,0,1,0
3061,8,16.39,3.69,1,0,0,0
3062,5,81.0,7.04,1,0,1,0
3063,8,62.56,1.09,2,0,1,0
3064,19,12.53,36.1,1,0,1,0
3065,17,67.42,2.09,1,1,0,0
3066,8,23.16,44.42,3,0,0,0
3067,11,96.68,62.28,1,1,1,0
3068,7,214.33,16.36,1,0,0,0
3069,22,78.66,0.84,3,0,1,0
3070,8,172.62,40.89,1,0,1,0
3071,11,64.62,9.34,1,0,1,0
3072,21,446.2,38.34,2,0,1,0
3073,11,63.6,33.33,2,0,1,0
3074,13,38.38,46.02,1,0,1,0
3075,9,50.52,60.02,1,0,1,0
3076,23,42.35,11.56,1,0,1,0
3077,16,142.08,8.11,1,0,1,0
3078,12,35.56,64.42,1,0,1,0
3079,12,54.88,17.03,1,0,1,0
3080,10,116.9,25.76,1,0,0,0
3081,7,223.18,45.94,1,0,0,0
3082,15,111.8,3.4,1,0,1,0
3083,4,78.79,32.25,1,0,1,0
3084,0,32.76,59.07,1,0,1,0
3085,9,47.14,23.36,2,0,1,0
3086,2,190.69,51.88,3,0,0,0
3087,21,57.86,35.41,1,0,0,0
3088,0,167.56,30.74,1,1,1,0
3089,23,66.02,13.29,1,0,0,0
3090,13,317.79,69.87,3,0,1,0
3091,21,123.16,45.04,1,0,0,0
3092,19,186.94,39.86,1,0,0,0
3093,8,54.53,24.38,2,0,0,0
3094,3,320.21,46.37,1,0,1,0
3095,12,164.15,62.72,1,0,0,0
3096,3,107.17,8.41,2,0,1,0
3097,17,133.88,5.73,1,0,1,0
3098,21,76.92,18.26,1,1,0,0
3099,14,38.69,2.82,1,0,1,0
3100,15,14.28,30.7,5,0,1,0
3101,17,34.52,43.14,1,0,1,0
3102,20,3.25,50.15,1,0,1,0
3103,12,96.93,41.8,1,0,0,0
3104,12,344.06,35.98,2,0,1,0
3105,18,98.6,10.86,1,0,1,0
3106,8,212.93,76.54,4,0,0,0
3107,7,46.11,10.23,3,0,1,0
3108,23,262.75,5.41,1,0,1,0
3109,14,271.84,52.59,3,0,1,0
3110,23,236.9,86.05,1,0,1,0
3111,0,86.39,1.84,1,0,0,0
3112,11,98.13,35.91,2,0,0,0
3113,0,57.0,38.04,1,0,0,0
3114,6,306.69,0.42,1,0,0,0
3115,2,22.63,32.51,1,1,1,0
3116,18,64.03,54.25,1,0,1,0
3117,11,57.33,54.66,1,0,0,0
3118,10,26.23,31.72,1,0,1,0
3119,10,32.63,4.15,1,0,1,0
3120,21,66.3,12.65,1,0,1,0
3121,22,60.94,49.54,1,0,1,0
3122,5,12.88,30.32,1,0,1,0
3123,15,169.19,28.09,1,0,0,0
3124,18,6.73,7.02,1,0,0,0
3125,11,21.86,28.04,1,0,0,0
3126,11,419.8,3.25,1,0,0,0
3127,1,1.97,7.3,1,0,0,0
3128,14,21.25,22.39,1,0,1,0
3129,16,233.07,18.02,1,0,1,0
3130,13,19.44,1.8,1,0,1,0
3131,20,130.04,21.14,1,0,1,0
3132,14,63.4,33.66,1,0,1,0
3133,13,36.36,0.74,1,0,1,0
3134,2,21.72,21.77,1,0,1,0
3135,5,97.92,24.51,1,0,1,0
3136,19,88.16,38.79,1,0,1,0
3137,0,45.52,44.25,1,0,1,0
3138,12,53.64,2.94,1,0,1,0
3139,1,22.93,39.36,2,0,1,0
3140,10,47.23,9.58,1,0,0,0
3141,8,33.39,11.76,2,0,0,0
3142,9,231.5,33.47,2,0,0,0
3143,17,239.01,11.2,1,0,1,0
3144,3,48.48,16.05,1,0,1,0
3145,10,1006.66,83.21,2,0,1,1
3146,16,122.53,16.52,2,0,0,0
3147,8,123.1,43.53,1,0,1,0
3148,13,24.41,67.09,1,0,1,0
3149,5,78.32,11.18,1,0,0,0
3150,0,52.5,2.31,1,0,1,0
3151,21,160.5,34.61,1,0,0,0
3152,12,141.38,49.09,1,0,1,0
3153,12,16.86,20.66,1,0,1,0
3154,11,75.45,6.81,2,0,1,0
3155,20,31.21,19.96,1,0,1,0
3156,17,32.39,31.55,1,0,1,0
3157,3,90.09,99.11,1,0,1,0
3158,4,10.7,8.38,1,0,1,0
3159,14,160.9,18.99,1,0,1,0
3160,20,94.23,21.8,1,1,0,0
3161,14,8.47,95.05,3,0,0,0
3162,18,59.09,15.54,1,0,0,0
3163,2,17.56,93.18,3,0,1,0
3164,13,133.85,5.14,1,0,1,0
3165,6,99.94,3.39,1,0,0,0
3166,15,30.3,78.24,1,0,1,0
3167,1,124.55,56.96,1,0,1,0
3168,1,148.41,0.91,1,0,1,0
3169,15,35.95,13.7,1,0,1,0
3170,11,47.71,35.67,1,0,1,0
3171,2,116.71,57.24,3,0,1,0
3172,22,24.41,53.19,2,0,0,0
3173,10,29.57,64.7,1,0,1,0
3174,14,128.49,8.29,1,0,0,0
3175,20,211.58,8.47,1,0,0,0
3176,7,29.99,42.54,3,0,1,0
3177,12,55.53,29.95,1,0,0,0
3178,9,179.64,57.11,2,0,1,0
3179,15,16.88,7.45,3,0,1,0
3180,3,54.45,38.74,1,0,1,0
3181,11,142.1,19.76,1,0,1,0
3182,8,51.74,0.03,2,0,1,0
3183,11,28.62,8.66,1,0,0,0
3184,7,39.4,7.4,1,0,1,0
3185,7,64.58,28.82,1,0,1,0
3186,6,135.91,40.52,1,0,1,0
3187,12,29.13,27.09,1,0,1,0
3188,17,146.34,27.94,1,0,1,0
3189,9,229.46,54.3,1,0,0,0
3190,7,80.49,35.42,3,0,1,0
3191,7,474.4,66.9,1,0,0,0
3192,8,308.81,24.61,1,0,0,0
3193,15,32.42,34.65,1,1,1,0
3194,13,27.26,50.02,2,0,1,0
3195,11,46.21,18.83,1,0,1,0
3196,10,119.79,17.16,1,0,1,0
3197,14,170.61,0.08,1,0,1,0
3198,18,64.02,24.39,1,0,1,0
3199,16,73.81,11.04,2,0,1,0
3200,7,81.09,13.34,4,0,1,0
3201,16,157.19,17.45,5,0,1,0
3202,12,174.43,37.35,1,0,1,0
3203,4,109.15,60.78,1,0,0,0
3204,4,107.43,18.48,1,0,1,0
3205,23,77.82,8.32,2,0,1,0
3206,11,32.38,37.03,4,0,1,0
3207,2,36.12,48.19,1,0,1,0
3208,17,45.02,10.3,1,0,1,0
3209,21,95.76,65.33,1,0,1,0
3210,20,58.6,76.83,1,0,1,0
3211,11,46.67,29.57,1,0,1,0
3212,3,40.44,68.16,1,0,1,0
3213,11,38.69,51.36,1,0,1,0
3214,9,56.95,66.24,1,0,1,0
3215,23,203.58,14.52,1,0,1,0
3216,16,75.03,1.55,1,0,1,0
3217,9,44.83,14.64,1,0,1,0
3218,19,45.36,11.77,1,0,1,0
3219,13,49.7,18.5,1,0,1,0
3220,12,33.14,0.74,1,0,1,0
3221,4,47.28,37.65,1,0,1,0
3222,3,46.35,3.08,1,0,0,0
3223,5,172.81,40.79,1,0,1,0
3224,5,44.72,3.17,1,0,1,0
3225,1,90.83,22.32,1,0,1,0
3226,9,51.39,29.71,1,0,1,0
3227,8,104.19,22.13,2,0,1,0
3228,7,155.98,28.7,2,0,0,0
3229,7,114.75,13.04,1,0,1,0
3230,23,136.67,22.47,1,0,0,0
3231,21,290.9,13.43,1,0,1,0
3232,7,44.2,12.44,1,0,1,0
3233,17,99.44,44.03,1,0,1,0
3234,14,420.49,9.32,1,0,1,0
3235,18,455.23,40.58,1,0,0,0
3236,6,32.16,42.7,1,0,0,0
3237,10,34.67,33.39,4,0,0,0
3238,8,294.02,39.89,1,0,1,0
3239,14,47.59,24.63,5,0,1,0
3240,9,152.71,67.35,1,0,1,0
3241,15,218.9,66.67,1,1,1,0
3242,9,62.89,47.86,1,0,1,0
3243,1,45.75,15.21,1,0,0,0
3244,16,98.09,13.58,1,0,0,0
3245,3,45.67,46.2,1,0,1,0
3246,1,66.94,15.38,3,0,1,0
3247,13,179.47,1.59,2,0,1,0
3248,7,21.42,87.5,1,0,0,0
3249,10,58.44,4.87,2,0,1,0
3250,7,131.14,12.07,1,0,1,0
3251,11,35.95,55.59,1,0,1,0
3252,6,278.89,49.77,1,0,1,0
3253,6,55.41,12.17,1,0,0,0
3254,21,47.58,30.37,1,0,0,0
3255,1,62.22,5.09,2,0,1,0
3256,22,37.46,12.96,1,0,1,0
3257,11,139.26,27.05,1,0,1,0
3258,21,311.32,50.45,1,0,1,0
3259,3,39.4,45.76,1,0,1,0
3260,19,215.29,11.77,1,0,1,0
3261,3,206.87,41.12,1,0,1,0
3262,8,204.75,31.32,1,1,0,1
3263,21,157.42,6.97,2,0,1,0
3264,1,270.8,1.73,2,0,1,0
3265,4,30.14,16.79,1,1,1,0
3266,20,107.02,33.45,1,1,0,0
3267,4,45.52,13.69,1,0,1,0
3268,22,38.5,11.9,1,0,1,0
3269,6,34.63,8.07,1,0,0,0
3270,18,180.44,1.21,1,0,0,0
3271,17,159.17,34.97,1,0,1,0
3272,5,196.48,3.61,2,0,1,0
3273,16,463.82,24.23,1,0,0,0
3274,2,34.77,38.13,1,0,1,0
3275,15,28.17,6.15,1,0,0,0
3276,22,143.61,20.49,1,0,1,0
3277,0,115.45,1.05,1,0,0,0
3278,12,114.78,31.99,1,0,1,0
3279,5,98.36,10.45,1,0,0,0
3280,18,47.71,8.46,1,0,1,0
3281,8,99.84,2.79,1,0,1,0
3282,13,31.76,20.69,3,0,1,0
3283,11,195.72,29.97,1,0,1,0
3284,7,152.89,1.56,1,0,1,0
3285,14,19.18,10.27,1,0,1,0
3286,11,130.49,17.77,1,0,1,0
3287,19,68.02,7.52,1,0,1,0
3288,15,100.1,54.15,2,0,1,0
3289,23,127.85,57.6,1,0,1,0
3290,19,38.24,43.61,1,0,1,0
3291,22,18.58,36.23,1,0,1,0
3292,6,168.32,37.17,2,0,1,0
3293,6,119.24,25.15,1,0,1,0
3294,13,212.18,16.01,1,0,1,0
3295,0,43.56,16.77,1,0,1,0
3296,0,110.22,89.77,2,0,1,0
3297,20,25.66,63.16,2,0,1,0
3298,3,305.01,74.51,3,0,1,0
3299,3,353.8,59.08,1,0,1,0
3300,4,199.36,57.64,2,0,1,0
3301,9,160.87,36.56,1,0,1,0
3302,3,759.0,17.42,1,0,0,0
3303,22,85.18,0.7,4,0,1,0
3304,0,200.53,30.26,2,0,0,0
3305,17,43.6,33.12,2,0,0,0
3306,22,31.18,2.93,1,0,1,0
3307,10,129.53,4.0,1,0,0,0
3308,6,133.15,32.6,1,0,1,0
3309,14,173.43,27.5,5,0,1,0
3310,11,8.16,7.63,1,0,1,0
3311,0,163.61,25.8,1,0,1,0
3312,18,93.19,29.69,1,0,1,0
3313,23,33.61,39.26,1,0,0,0
3314,14,47.6,16.88,1,0,0,0
3315,21,70.25,9.78,2,0,0,0
3316,17,230.84,14.66,1,0,0,0
3317,7,287.17,14.8,2,0,1,0
3318,15,104.68,8.82,4,0,0,0
3319,9,138.8,0.66,1,0,1,0
3320,1,61.72,21.38,2,0,1,0
3321,10,47.81,24.59,5,0,1,0
3322,23,41.92,38.12,1,0,0,0
3323,20,341.49,16.06,1,0,0,0
3324,10,53.84,15.35,3,0,1,0
3325,17,20.84,2.39,5,0,1,0
3326,6,21.58,70.05,1,0,0,0
3327,12,95.76,5.59,1,0,1,0
3328,4,13.76,17.95,1,0,1,0
3329,18,90.52,43.88,1,0,1,0
3330,4,59.97,10.29,1,0,1,0
3331,3,40.25,14.4,1,1,1,0
3332,2,15.71,63.77,1,0,1,0
3333,11,47.6,84.17,1,0,1,0
3334,6,61.37,13.27,3,0,1,0
3335,12,36.06,3.56,1,0,1,0
3336,23,64.73,10.84,1,0,1,0
3337,17,143.98,1.26,1,0,1,0
3338,0,215.33,3.11,1,0,1,0
3339,13,37.87,53.21,1,0,1,0
3340,6,45.64,19.46,1,1,1,0
3341,8,117.64,36.46,1,0,1,0
3342,4,244.98,21.43,3,0,0,0
3343,1,86.36,14.6,1,0,1,0
3344,14,86.83,23.57,1,0,1,0
3345,5,206.62,12.79,1,0,1,0
3346,23,269.65,19.62,1,0,0,0
3347,19,56.95,33.93,1,0,0,0
3348,4,77.36,27.43,1,0,1,0
3349,9,97.04,14.58,1,0,1,0
3350,12,41.99,18.99,1,0,0,0
3351,2,170.09,9.79,1,0,0,0
3352,0,183.58,9.42,1,0,1,0
3353,8,54.4,15.55,1,0,1,0
3354,22,34.39,73.2,2,0,1,0
3355,22,97.56,14.91,2,1,1,0
3356,16,73.73,22.46,3,0,1,0
3357,19,29.64,9.06,1,0,1,1
3358,6,76.92,28.18,1,0,1,0
3359,6,104.65,97.23,1,0,1,0
3360,16,42.76,17.73,1,0,1,0
3361,11,38.68,13.08,1,0,1,0
3362,19,82.92,6.5,1,0,0,0
3363,0,282.89,4.29,2,0,1,0
3364,3,106.35,13.77,2,0,1,0
3365,17,116.17,9.01,1,0,1,0
3366,10,341.47,0.88,1,0,1,0
3367,17,33.27,44.4,1,0,0,0
3368,22,103.77,53.67,1,1,1,0
3369,15,42.22,0.94,1,0,1,0
3370,20,26.06,3.67,1,0,0,0
3371,8,136.22,43.71,1,0,1,0
3372,1,41.8,54.02,1,0,1,0
3373,21,157.05,32.52,1,0,1,0
3374,12,376.84,31.45,1,0,1,0
3375,12,79.12,23.75,1,0,1,0
3376,9,98.74,36.23,1,0,1,0
3377,1,48.48,16.11,1,0,1,0
3378,18,82.51,26.92,1,0,1,0
3379,23,86.13,52.21,1,0,1,0
3380,2,190.91,48.76,1,0,1,0
3381,23,51.71,29.27,2,0,1,0
3382,21,58.4,37.32,1,0,0,1
3383,1,147.98,32.82,1,1,1,0
3384,0,50.33,0.27,1,0,1,0
3385,15,310.94,50.99,4,0,0,0
3386,21,18.3,42.6,1,0,1,0
3387,7,69.26,17.56,2,0,1,0
3388,5,73.46,52.03,2,0,1,0
3389,5,30.98,40.11,1,0,1,0
3390,16,65.78,17.37,1,0,1,0
3391,9,264.74,19.87,1,0,1,0
3392,21,87.17,16.46,2,0,1,0
3393,8,225.21,26.02,1,0,1,0
3394,2,259.39,15.28,2,0,1,0
3395,1,21.04,9.46,2,1,1,1
3396,22,15.4,5.69,1,0,1,0
3397,21,187.09,19.18,1,0,1,0
3398,11,29.65,19.86,2,0,1,0
3399,22,99.73,43.87,1,0,1,0
3400,10,76.22,0.7,1,0,0,0
3401,0,103.39,63.28,3,0,1,0
3402,1,186.54,72.39,3,0,1,0
3403,16,120.2,0.51,1,0,1,0
3404,10,36.41,17.83,1,0,1,0
3405,17,210.61,31.32,1,0,0,0
3406,13,310.79,30.49,4,0,1,0
3407,15,79.89,61.92,2,0,1,0
3408,12,24.66,2.11,3,0,1,0
3409,2,25.53,28.56,1,0,0,0
3410,20,135.21,3.09,1,0,1,0
3411,14,73.58,40.4,1,0,1,0
3412,1,22.53,23.24,2,0,1,0
3413,14,339.76,64.68,1,0,1,0
3414,19,236.7,30.54,1,0,1,0
3415,14,102.1,45.11,1,0,1,0
3416,13,352.52,38.76,1,0,1,0
3417,10,198.9,12.44,1,0,0,0
3418,22,81.64,38.38,1,0,1,0
3419,13,163.01,35.39,1,0,0,0
3420,13,37.34,29.05,1,0,1,0
3421,4,153.7,28.03,1,1,1,0
3422,12,36.28,14.62,1,0,1,0
3423,17,116.68,12.64,1,0,1,0
3424,6,44.89,16.59,1,0,1,0
3425,14,27.87,12.11,1,0,1,0
3426,9,47.1,45.93,1,0,1,0
3427,10,34.05,6.79,1,0,1,0
3428,11,51.6,9.47,1,0,1,0
3429,23,242.48,33.8,1,0,1,0
3430,20,105.31,17.8,2,0,1,0
3431,4,31.38,28.89,1,0,1,0
3432,6,81.74,25.0,1,0,1,0
3433,5,107.75,63.67,2,0,0,0
3434,6,10.23,99.29,2,0,1,0
3435,2,20.92,35.46,1,0,1,0
3436,15,92.09,47.43,1,0,1,0
3437,9,62.94,28.35,4,0,0,0
3438,23,74.12,10.48,1,0,0,0
3439,22,29.09,5.74,1,0,1,0
3440,4,44.75,14.28,1,0,1,0
3441,1,24.59,12.6,1,0,1,0
3442,9,130.0,4.93,1,0,1,0
3443,1,75.33,23.44,3,0,1,0
3444,4,35.76,43.83,2,0,1,0
3445,22,149.46,18.88,1,0,0,0
3446,1,9.26,6.56,1,0,0,0
3447,7,12.83,8.59,3,0,0,0
3448,12,18.56,0.55,1,0,1,0
3449,20,67.94,41.02,1,0,0,0
3450,20,74.17,26.82,1,0,0,0
3451,10,283.6,35.97,1,0,0,0
3452,6,23.83,39.57,1,0,1,0
3453,19,49.34,28.48,1,0,1,0
3454,3,127.55,5.54,2,0,1,0
3455,2,51.1,1.98,1,0,1,0
3456,10,84.43,28.85,1,0,1,0
3457,19,699.97,1.4,2,0,1,0
3458,21,131.88,18.74,5,0,1,0
3459,18,76.39,18.2,1,0,1,0
3460,12,77.55,13.73,1,0,1,0
3461,13,40.13,30.82,3,0,1,0
3462,2,28.45,12.68,1,0,0,0
3463,15,61.78,1.99,1,0,0,0
3464,2,57.71,37.76,1,0,1,0
3465,2,17.62,36.92,3,0,0,1
3466,16,97.19,35.38,1,0,1,0
3467,8,55.29,15.46,1,0,1,0
3468,7,73.68,67.28,1,0,1,0
3469,8,99.2,76.12,1,0,1,1
3470,0,24.26,15.03,1,0,1,0
3471,15,171.43,10.57,1,0,1,0
3472,17,28.35,32.58,1,0,0,0
3473,0,13.45,7.98,1,0,1,0
3474,6,47.3,10.28,1,0,0,0
3475,8,274.2,0.04,1,0,1,0
3476,13,27.52,10.63,1,0,1,0
3477,3,51.01,40.1,1,0,1,0
3478,2,65.25,11.53,4,0,1,0
3479,16,11.21,66.11,1,0,0,0
3480,9,61.65,22.31,1,0,1,0
3481,21,27.12,22.99,1,0,0,0
3482,22,62.87,38.99,4,0,1,0
3483,20,114.09,64.87,1,0,0,0
3484,18,48.12,3.43,1,0,1,0
3485,20,47.29,77.36,2,0,1,0
3486,21,81.61,99.44,1,0,1,0
3487,3,95.47,58.24,1,0,0,0
3488,2,42.26,65.73,2,0,1,0
3489,14,80.06,61.01,1,0,1,0
3490,3,40.25,39.24,1,1,0,0
3491,7,14.83,1.34,1,0,0,0
3492,23,319.99,37.32,3,0,0,0
3493,5,130.38,13.42,1,0,0,0
3494,10,40.53,14.91,1,0,1,0
3495,0,80.91,35.36,4,0,1,0
3496,23,34.27,47.77,1,1,0,0
3497,11,66.27,27.85,1,1,0,1
3498,0,57.18,50.22,1,0,1,0
3499,7,67.56,17.4,1,0,1,0
3500,18,704.74,11.77,1,0,0,0
3501,8,75.0,3.56,1,0,1,0
3502,21,31.57,22.65,1,0,1,0
3503,10,55.12,8.98,1,0,1,0
3504,3,60.43,31.31,1,0,1,0
3505,1,36.25,29.49,1,1,1,0
3506,7,224.8,30.6,2,0,0,0
3507,14,130.68,21.24,1,0,1,0
3508,4,40.97,30.61,1,0,1,0
3509,15,189.47,28.66,2,0,0,0
3510,13,89.67,16.89,1,0,1,0
3511,4,79.72,23.86,2,0,1,0
3512,7,73.33,48.32,1,0,1,0
3513,7,499.54,13.04,1,0,1,0
3514,6,32.35,29.23,1,0,0,0
3515,3,114.6,25.68,1,0,0,0
3516,11,578.59,1.15,1,0,1,0
3517,18,83.67,17.17,1,0,0,0
3518,12,132.4,17.75,1,0,1,0
3519,9,11.99,35.73,1,0,1,0
3520,5,66.46,40.59,1,0,0,0
3521,19,58.33,0.59,3,0,1,0
3522,18,115.19,2.31,3,0,1,0
3523,6,26.25,19.01,1,0,0,0
3524,11,592.62,31.34,1,0,1,1
3525,13,23.46,0.06,1,0,1,0
3526,9,72.47,6.65,2,0,1,0
3527,7,19.57,15.91,1,0,1,0
3528,15,59.35,5.22,1,0,1,0
3529,14,35.13,39.49,1,0,0,0
3530,6,84.21,16.08,2,0,1,0
3531,20,59.13,50.54,1,0,0,0
3532,4,220.54,30.46,1,0,0,0
3533,12,115.51,7.41,1,0,1,0
3534,8,94.36,37.17,1,0,1,0
3535,3,84.11,8.94,1,0,0,0
3536,9,21.41,29.5,2,0,1,0
3537,21,68.41,28.33,1,1,0,0
3538,19,142.42,71.86,1,0,1,0
3539,22,107.99,31.59,1,0,0,0
3540,13,58.28,13.54,1,0,0,0
3541,7,95.91,54.57,2,1,1,0
3542,18,24.88,15.41,1,0,1,0
3543,17,142.87,5.58,1,0,1,0
3544,8,43.21,22.09,1,0,1,0
3545,16,53.48,75.18,1,0,1,0
3546,19,189.94,34.64,2,0,1,0
3547,5,28.41,39.52,1,0,1,0
3548,9,61.87,22.41,1,0,1,0
3549,15,56.27,29.3,1,0,0,0
3550,5,495.98,30.29,1,0,1,0
3551,22,78.0,52.92,1,0,0,0
3552,16,90.1,34.46,1,0,1,0
3553,12,76.34,77.77,1,0,0,0
3554,16,152.94,18.12,1,0,0,0
3555,19,35.44,0.86,1,0,1,0
3556,10,57.84,8.8,1,0,1,0
3557,17,24.65,56.32,1,0,0,0
3558,17,160.77,4.99,1,1,1,0
3559,2,129.32,28.21,1,0,0,0
3560,1,193.78,79.14,1,0,1,0
3561,17,55.91,17.53,1,0,1,0
3562,5,278.91,29.8,1,0,0,0
3563,11,244.46,4.75,1,0,1,0
3564,17,322.6,18.8,2,0,1,0
3565,1,34.35,43.24,1,0,1,0
3566,4,9.42,7.29,2,0,1,0
3567,16,119.02,13.19,4,0,1,0
3568,4,16.33,39.32,2,0,0,0
3569,22,467.13,15.73,1,0,1,0
3570,8,86.27,72.15,2,0,1,0
3571,10,127.3,0.82,1,0,1,0
3572,11,82.69,44.9,1,0,1,0
3573,21,88.78,6.03,2,0,0,0
3574,6,151.78,4.65,1,0,1,0
3575,19,132.67,76.36,4,0,1,0
3576,3,68.93,58.05,1,0,1,0
3577,4,47.26,10.04,1,0,1,0
3578,12,47.94,27.9,1,0,1,0
3579,17,109.48,24.96,1,0,1,0
3580,15,619.04,12.18,1,0,0,0
3581,15,109.14,29.28,1,0,0,0
3582,1,45.42,33.11,1,0,1,0
3583,10,32.88,20.8,1,0,1,0
3584,13,142.63,37.8,1,0,1,0
3585,3,45.75,16.23,2,0,1,0
3586,8,97.64,30.21,1,0,0,0
3587,21,198.43,38.33,1,0,1,0
3588,3,233.54,16.63,1,0,1,0
3589,18,77.7,25.54,2,0,1,0
3590,13,47.03,44.48,2,0,1,0
3591,10,49.12,69.14,2,0,1,0
3592,9,79.09,9.04,1,0,0,0
3593,4,49.09,34.85,1,0,0,0
3594,21,82.14,57.4,1,0,1,0
3595,7,87.92,15.81,1,0,1,0
3596,12,146.73,15.71,1,1,1,0
3597,16,54.77,46.91,1,0,0,0
3598,12,91.49,48.55,1,0,1,0
3599,3,94.68,43.71,3,0,0,0
3600,20,57.98,21.74,1,0,0,0
3601,9,48.29,15.3,1,0,0,0
3602,3,114.94,38.13,1,0,1,0
3603,14,29.61,12.6,1,0,1,0
3604,7,33.36,13.22,1,0,1,0
3605,17,180.86,14.26,1,0,1,0
3606,22,29.98,18.34,1,0,1,0
3607,7,77.12,3.56,3,0,1,0
3608,7,171.42,76.56,1,0,1,0
3609,6,251.96,29.25,1,0,0,0
3610,14,21.2,18.51,1,1,0,0
3611,0,119.44,33.97,2,0,1,0
3612,5,257.3,14.15,1,0,0,0
3613,16,3.19,37.44,1,0,1,0
3614,6,89.11,50.89,1,0,0,0
3615,13,101.46,47.63,1,0,0,0
3616,7,33.62,24.95,1,0,0,0
3617,23,82.15,7.59,2,0,1,0
3618,5,151.91,14.63,1,0,1,0
3619,22,115.61,11.98,1,0,1,0
3620,11,157.26,47.51,1,0,1,0
3621,6,167.69,29.88,1,0,1,0
3622,14,59.15,2.32,1,0,1,0
3623,2,9.93,37.57,1,0,1,0
3624,17,81.26,30.3,1,0,1,0
3625,19,135.61,23.18,1,0,1,0
3626,0,51.25,12.18,1,1,1,0
3627,2,30.35,20.13,1,1,1,0
3628,8,402.68,18.17,1,0,0,0
3629,18,214.94,35.73,1,0,1,0
3630,12,68.26,6.07,1,1,1,0
3631,1,517.9,12.82,1,0,1,0
3632,18,104.61,26.31,1,0,1,0
3633,14,91.49,42.01,1,0,1,0
3634,14,103.74,5.58,2,0,0,1
3635,18,61.69,27.72,2,0,1,0
3636,16,39.9,15.59,1,0,1,0
3637,18,49.15,11.53,2,0,0,0
3638,12,29.79,0.64,2,0,0,0
3639,11,157.91,32.68,1,0,1,0
3640,18,131.63,28.66,2,0,1,0
3641,8,362.69,14.73,1,0,1,0
3642,20,221.02,2.53,1,0,1,0
3643,10,158.22,27.38,1,1,0,0
3644,0,48.73,8.19,1,0,0,0
3645,5,108.77,6.47,4,0,1,0
3646,0,68.57,34.16,1,0,1,0
3647,23,156.1,35.51,2,0,1,0
3648,4,54.87,25.59,2,0,1,0
3649,9,252.24,3.85,4,0,0,0
3650,23,139.56,0.91,1,0,1,0
3651,3,54.75,88.48,1,0,1,0
3652,0,27.93,42.72,1,0,1,0
3653,10,31.56,21.92,1,0,1,0
3654,7,31.45,13.53,2,0,1,0
3655,15,77.86,21.35,3,0,0,0
3656,13,21.78,78.83,1,0,0,0
3657,2,862.14,51.21,3,0,1,0
3658,3,271.04,0.58,1,0,1,0
3659,18,77.17,3.86,4,0,1,0
3660,16,65.01,23.09,1,0,1,0
3661,1,164.45,34.03,2,0,1,0
3662,14,88.17,5.58,1,0,1,0
3663,6,135.78,33.03,1,0,0,0
3664,22,593.63,12.35,2,0,1,0
3665,19,41.68,35.11,2,0,1,0
3666,2,47.73,15.98,1,0,0,0
3667,8,280.42,16.92,5,0,1,0
3668,20,121.58,36.25,1,0,1,0
3669,5,61.08,58.27,2,0,1,0
3670,11,36.46,23.43,1,0,1,0
3671,1,323.88,22.62,1,0,1,0
3672,2,232.17,35.31,1,0,1,0
3673,17,181.71,54.89,1,0,0,0
3674,11,47.49,19.13,1,0,1,0
3675,15,282.13,13.3,1,0,1,0
3676,10,6.76,1.02,1,0,1,0
3677,21,27.27,62.96,2,0,0,0
3678,10,34.35,71.03,1,0,0,0
3679,21,124.07,13.42,1,0,1,0
3680,19,50.38,25.38,1,0,1,0
3681,0,606.27,6.33,1,0,0,0
3682,16,101.71,16.09,1,0,1,0
3683,0,41.14,5.42,2,0,0,0
3684,11,228.93,1.94,1,0,0,0
3685,4,51.02,2.15,1,0,1,0
3686,5,13.94,66.74,1,0,1,0
3687,23,150.0,15.6,1,0,1,0
3688,11,91.41,21.7,2,0,0,0
3689,8,25.49,30.52,2,0,1,0
3690,11,90.25,54.55,1,0,1,0
3691,19,17.99,92.22,1,0,1,0
3692,2,44.12,28.27,2,0,1,0
3693,11,52.84,11.04,3,0,1,0
3694,5,251.69,45.25,1,1,1,0
3695,21,31.29,20.78,1,0,1,0
3696,9,20.74,12.93,1,0,1,0
3697,11,108.88,57.74,1,0,1,0
3698,1,225.81,44.46,4,0,1,0
3699,16,1818.91,17.42,1,0,0,1
3700,11,200.21,14.06,1,0,1,0
3701,1,35.5,64.08,1,0,1,0
3702,13,28.17,27.69,1,0,1,0
3703,17,114.12,108.43,1,0,1,0
3704,14,83.36,15.43,1,0,1,0
3705,8,165.53,3.91,1,0,0,0
3706,15,20.92,62.33,1,0,1,0
3707,17,16.52,35.57,2,0,1,0
3708,10,80.57,48.34,1,0,0,0
3709,18,31.95,5.84,3,0,0,0
3710,18,96.61,22.3,1,0,0,0
3711,20,17.69,35.23,1,0,0,0
3712,18,140.33,19.11,3,0,1,0
3713,16,126.31,39.03,2,0,0,0
3714,20,29.64,15.23,1,0,1,0
3715,7,70.18,7.48,1,0,1,0
3716,9,304.83,101.95,1,0,0,0
3717,12,22.2,4.75,1,0,1,0
3718,16,42.61,19.17,1,0,1,0
3719,12,110.67,20.09,3,0,0,0
3720,5,67.98,37.6,1,1,1,0
3721,8,75.79,4.77,1,0,1,0
3722,2,93.15,21.76,1,0,0,0
3723,20,33.34,45.39,1,0,1,0
3724,5,432.71,8.01,1,0,0,0
3725,6,28.5,22.06,2,0,1,0
3726,12,246.31,7.79,1,0,1,0
3727,4,103.33,19.72,1,0,1,0
3728,13,43.32,70.21,1,0,1,0
3729,19,90.52,36.82,1,1,0,1
3730,0,107.55,34.19,2,0,1,0
3731,2,19.26,8.26,3,0,1,0
3732,7,51.19,25.49,1,0,0,0
3733,13,58.69,38.46,1,0,0,0
3734,0,63.61,23.7,1,0,1,0
3735,4,478.09,34.35,1,0,0,0
3736,0,187.47,53.49,1,0,1,0
3737,15,19.15,37.29,1,0,1,0
3738,6,85.54,8.76,1,0,1,0
3739,16,32.88,12.74,2,0,0,0
3740,18,51.06,29.23,1,0,1,0
3741,12,119.32,8.64,3,0,1,0
3742,23,49.74,13.21,1,0,1,0
3743,6,16.82,14.44,1,0,1,0
3744,11,108.06,3.08,1,0,1,0
3745,9,37.91,22.69,1,0,1,0
3746,8,66.5,31.51,1,0,0,0
3747,21,143.43,33.54,2,0,1,0
3748,17,48.77,82.16,1,0,1,0
3749,3,70.95,68.71,1,0,1,0
3750,11,136.15,7.62,1,0,1,0
3751,15,43.03,58.11,2,0,1,0
3752,22,142.75,25.11,5,0,1,0
3753,18,63.36,72.95,2,0,1,0
3754,0,49.32,55.19,1,0,0,0
3755,3,146.91,24.91,4,0,1,0
3756,2,26.13,44.98,2,0,1,0
3757,7,66.74,5.66,2,0,1,0
3758,1,12.0,14.29,1,0,1,0
3759,21,126.66,16.02,1,0,1,0
3760,4,136.79,25.62,2,0,1,0
3761,20,211.27,8.04,3,0,1,0
3762,11,31.86,36.61,1,1,0,0
3763,11,35.25,30.01,1,0,0,0
3764,9,378.62,52.3,1,0,1,0
3765,13,68.76,31.58,1,0,1,0
3766,23,37.83,15.99,4,0,1,0
3767,19,38.71,10.5,1,0,1,0
3768,1,287.45,47.28,1,0,1,0
3769,3,54.76,28.75,1,0,1,0
3770,15,80.75,44.74,1,0,1,0
3771,15,57.13,28.37,1,0,1,0
3772,17,189.32,2.34,1,0,1,0
3773,21,89.49,4.28,1,0,1,0
3774,2,62.17,42.21,1,0,1,0
3775,20,21.42,34.16,1,0,1,0
3776,22,181.0,6.1,2,0,1,0
3777,4,102.68,5.07,1,0,1,0
3778,15,14.86,2.22,1,1,1,0
3779,16,39.7,12.12,5,0,1,0
3780,18,19.51,48.82,2,0,0,0
3781,17,85.98,23.93,3,0,1,0
3782,2,67.95,21.02,1,0,1,0
3783,4,20.55,52.0,1,0,0,0
3784,3,43.7,34.26,2,0,1,0
3785,10,38.65,24.54,1,0,1,0
3786,9,66.21,17.25,1,0,0,0
3787,21,38.73,31.36,1,0,1,0
3788,3,160.0,5.54,1,0,1,0
3789,21,42.97,41.39,1,0,1,0
3790,12,147.59,21.66,1,0,1,0
3791,7,295.07,27.71,1,0,1,0
3792,4,12.34,17.1,1,0,1,0
3793,9,110.07,5.78,1,0,1,0
3794,2,194.75,35.42,1,0,1,0
3795,12,24.45,35.39,3,0,1,0
3796,22,132.65,39.15,1,0,1,0
3797,15,87.67,12.64,2,0,1,0
3798,3,94.28,0.02,1,0,0,0
3799,3,46.87,18.14,1,0,1,0
3800,18,42.72,2.95,2,0,1,0
3801,5,36.64,42.05,1,0,1,0
3802,16,76.97,52.06,1,0,1,0
3803,4,28.93,0.31,1,0,1,0
3804,3,186.3,4.72,1,0,1,0
3805,10,42.09,51.05,2,0,1,0
3806,4,37.33,46.66,2,0,1,0
3807,9,38.35,16.98,1,0,0,0
3808,12,32.17,13.38,2,0,0,0
3809,4,23.64,10.08,1,0,1,0
3810,23,158.54,21.08,1,0,1,0
3811,9,16.42,60.87,1,0,1,0
3812,5,29.61,24.06,1,0,0,0
3813,0,351.81,19.29,1,0,1,0
3814,4,54.95,29.5,1,0,1,0
3815,17,88.27,64.47,1,0,0,0
3816,18,95.72,113.44,1,0,0,0
3817,16,265.74,29.52,1,0,1,0
3818,16,5.18,45.79,2,0,1,0
3819,18,7.55,11.03,1,0,1,0
3820,9,230.83,26.85,1,0,0,0
3821,0,72.91,11.64,2,0,1,0
3822,19,156.29,19.46,2,0,1,0
3823,13,79.29,0.01,1,0,1,0
3824,11,48.73,53.11,2,0,1,0
3825,6,256.48,3.23,1,0,1,0
3826,23,21.28,0.1,1,0,1,0
3827,13,13.27,17.58,2,0,1,0
3828,15,34.79,13.81,1,0,0,0
3829,14,21.38,40.42,2,0,1,0
3830,7,14.5,40.56,1,0,0,0
3831,4,224.53,1.78,1,0,0,0
3832,2,11.15,54.11,1,1,1,1
3833,17,74.23,21.21,1,0,0,0
3834,21,207.94,73.14,1,0,1,0
3835,11,206.56,31.7,1,0,1,0
3836,2,67.14,10.21,1,0,1,0
3837,17,49.17,36.18,1,0,1,0
3838,0,44.06,65.27,1,0,1,0
3839,6,121.44,24.13,1,0,0,0
3840,12,49.38,24.5,1,0,0,0
3841,9,9.7,24.69,1,0,1,0
3842,13,62.75,90.01,1,0,1,0
3843,19,290.22,12.59,1,0,1,0
3844,23,63.29,0.67,1,0,1,0
3845,6,88.19,38.97,1,0,1,0
3846,15,41.02,14.13,1,0,1,0
3847,16,124.0,15.2,1,0,1,0
3848,0,67.84,15.0,1,0,0,0
3849,20,92.86,56.68,1,0,0,0
3850,17,97.41,20.02,1,0,1,0
3851,9,143.96,10.31,1,0,1,0
3852,16,44.9,1.61,1,0,1,0
3853,20,26.62,24.4,1,0,1,0
3854,11,294.23,29.27,1,0,0,0
3855,14,199.71,26.7,1,0,0,0
3856,5,648.09,30.67,1,1,1,0
3857,23,16.62,7.76,4,1,0,0
3858,3,116.61,5.75,1,0,0,0
3859,0,84.41,45.2,3,0,1,0
3860,9,29.43,33.36,1,0,1,0
3861,3,74.14,40.26,1,0,1,0
3862,7,41.66,19.93,1,0,1,0
3863,15,102.16,35.0,1,0,1,0
3864,7,75.42,23.93,1,0,0,0
3865,18,85.92,27.66,1,0,1,0
3866,21,43.6,3.09,1,1,1,0
3867,8,126.41,22.18,1,0,0,0
3868,7,68.28,0.41,2,0,1,0
3869,9,43.84,54.47,1,0,0,0
3870,20,14.29,41.6,3,0,1,0
3871,15,98.51,24.02,1,0,1,0
3872,20,14.8,9.72,2,0,1,0
3873,13,10.8,2.58,1,0,0,0
3874,22,30.46,18.38,2,0,1,0
3875,10,78.61,29.01,1,0,1,0
3876,18,306.95,9.04,4,0,1,0
3877,17,56.84,12.13,1,0,0,0
3878,20,25.73,26.32,1,0,1,0
3879,15,145.29,35.26,1,0,1,0
3880,9,198.58,13.91,1,0,1,0
3881,9,133.23,23.22,1,0,1,0
3882,13,50.72,51.87,1,0,1,0
3883,6,72.82,30.09,1,0,0,0
3884,12,36.12,35.82,2,0,0,0
3885,19,65.99,17.86,5,0,0,1
3886,20,149.41,33.75,1,0,0,0
3887,3,116.01,39.32,1,0,1,0
3888,23,182.35,39.16,1,0,1,0
3889,16,44.32,39.6,1,0,1,0
3890,15,89.31,49.59,1,0,0,0
3891,22,133.51,23.27,1,0,1,0
3892,23,22.12,22.33,1,0,0,0
3893,4,45.2,38.42,1,0,1,0
3894,21,51.46,39.57,1,0,1,0
3895,5,81.89,31.48,1,0,1,0
3896,4,83.44,25.35,1,0,1,0
3897,18,25.25,93.14,3,0,0,0
3898,15,128.56,16.18,1,0,1,0
3899,7,57.5,39.65,3,0,0,0
3900,2,158.45,42.01,1,0,1,0
3901,5,32.21,2.17,5,0,0,0
3902,12,10.7,1.55,1,0,1,0
3903,0,83.93,1.95,1,0,1,0
3904,6,198.1,10.66,2,0,1,0
3905,15,50.42,7.72,2,0,1,0
3906,11,193.35,43.34,1,0,1,0
3907,0,100.93,35.94,1,0,1,0
3908,16,124.75,52.05,1,0,1,0
3909,10,118.69,31.96,2,0,0,0
3910,16,29.08,33.13,2,0,1,0
3911,17,76.88,15.86,1,0,1,0
3912,23,77.1,18.94,1,0,1,0
3913,10,112.88,57.87,1,0,1,0
3914,14,37.89,15.72,1,0,1,0
3915,16,62.47,3.0,1,0,1,0
3916,7,101.51,14.13,1,0,1,0
3917,12,25.41,15.36,3,0,1,0
3918,9,217.83,47.01,4,0,0,0
3919,22,57.16,53.41,2,1,1,0
3920,19,255.94,42.78,1,0,0,0
3921,19,28.0,43.6,1,0,1,0
3922,18,63.76,3.02,1,0,0,0
3923,8,66.93,5.24,1,0,1,0
3924,16,169.47,27.13,2,0,1,0
3925,18,119.53,23.54,5,1,1,1
3926,0,83.37,65.59,1,0,1,0
3927,11,18.27,39.6,1,0,1,0
3928,0,175.91,65.15,1,0,1,0
3929,22,172.16,53.33,2,0,1,0
3930,16,26.58,55.69,1,0,1,0
3931,14,73.5,51.92,3,0,1,0
3932,14,31.84,27.62,1,0,0,0
3933,9,25.46,60.07,2,0,1,0
3934,14,33.71,41.98,2,0,1,0
3935,0,120.95,6.98,1,0,1,0
3936,15,48.95,43.09,1,0,1,0
3937,3,177.89,0.5,1,0,1,0
3938,5,10.37,17.93,1,0,0,0
3939,5,19.42,50.98,2,0,0,0
3940,0,47.13,22.97,1,0,1,0
3941,15,98.44,59.39,1,0,1,0
3942,7,220.6,4.73,1,0,1,0
3943,12,69.32,1.72,2,0,0,0
3944,12,60.07,10.49,4,0,1,1
3945,21,128.64,7.25,1,0,0,0
3946,11,15.11,12.82,1,0,1,0
3947,15,48.02,33.94,1,0,1,0
3948,19,62.99,45.59,1,0,1,0
3949,12,126.36,47.51,1,0,1,0
3950,8,45.41,56.81,1,0,1,0
3951,7,159.58,45.77,1,0,1,0
3952,4,118.01,21.77,1,0,1,0
3953,19,67.5,53.39,1,0,1,0
3954,17,29.07,38.83,1,0,1,0
3955,12,31.45,6.85,2,0,1,0
3956,23,87.45,1.12,1,0,0,0
3957,21,61.39,47.73,1,0,0,0
3958,4,39.1,46.87,1,0,1,0
3959,18,136.07,41.8,1,0,0,0
3960,13,66.34,45.83,1,1,1,0
3961,4,87.79,27.52,2,0,0,0
3962,6,88.41,22.64,1,0,1,0
3963,11,120.8,24.81,1,0,0,0
3964,23,23.64,29.9,1,0,1,0
3965,20,228.53,45.87,1,0,0,0
3966,10,30.94,15.44,3,0,1,0
3967,10,401.59,6.16,1,0,1,0
3968,16,20.78,13.85,1,0,1,0
3969,23,132.91,18.39,1,0,0,0
3970,14,104.33,37.13,1,0,1,0
3971,22,159.96,3.46,1,0,1,0
3972,4,62.46,2.6,1,0,1,0
3973,14,54.71,6.28,1,0,1,0
3974,19,37.65,56.48,1,0,1,0
3975,20,142.08,18.03,1,0,0,0
3976,20,244.7,27.66,2,0,1,0
3977,18,102.22,45.58,1,0,1,0
3978,2,50.84,15.64,4,0,0,0
3979,20,122.38,20.24,1,0,1,0
3980,12,45.6,19.4,2,0,1,0
3981,18,175.86,1.33,3,1,1,0
3982,10,25.1,21.9,2,0,0,0
3983,17,43.03,80.63,1,0,1,0
3984,18,53.25,41.16,1,0,0,0
3985,15,43.39,11.31,1,0,1,0
3986,9,40.36,35.78,1,0,1,0
3987,20,475.55,33.2,1,0,1,0
3988,13,126.92,49.11,1,0,1,0
3989,2,202.44,55.7,5,0,1,1
3990,18,44.21,48.49,1,0,1,0
3991,7,130.85,10.46,2,0,1,0
3992,2,31.3,35.48,1,0,1,0
3993,6,67.82,12.83,1,0,0,0
3994,1,125.23,20.98,1,0,1,0
3995,11,94.72,52.92,1,0,1,0
3996,22,348.93,9.98,2,0,1,0
3997,21,128.2,1.3,3,0,0,0
3998,21,39.08,53.95,1,0,1,0
3999,16,34.37,9.16,1,0,1,0
4000,0,139.63,30.58,1,0,1,0
4001,23,32.46,8.66,1,0,1,0
4002,5,47.6,13.02,2,0,0,0
4003,14,113.33,20.25,1,0,0,0
4004,19,137.09,90.33,1,0,1,0
4005,21,106.92,17.46,1,0,1,0
4006,9,134.19,79.51,1,0,1,0
4007,5,74.25,20.42,1,1,0,0
4008,5,46.06,31.62,2,0,1,0
4009,20,151.34,83.18,1,0,0,0
4010,9,7.12,55.66,4,0,1,0
4011,17,39.4,14.49,1,0,0,0
4012,15,243.42,49.16,1,0,1,0
4013,5,32.06,10.69,1,0,1,0
4014,4,7.5,17.79,1,0,1,0
4015,0,87.86,22.51,1,0,0,0
4016,1,138.47,25.97,1,0,0,0
4017,21,167.47,9.73,1,0,1,0
4018,20,55.1,76.74,3,0,0,0
4019,9,78.38,29.7,2,0,1,0
4020,9,119.78,76.76,1,0,0,0
4021,22,125.89,29.05,4,0,0,1
4022,19,21.47,30.28,1,0,0,0
4023,12,45.41,13.35,1,0,1,0
4024,11,30.56,0.2,1,0,0,0
4025,2,45.64,9.08,1,0,0,0
4026,12,73.01,23.64,1,0,1,0
4027,13,303.31,35.8,1,1,1,0
4028,10,33.22,14.7,1,0,1,0
4029,5,19.72,7.58,2,1,1,0
4030,9,120.14,50.86,1,0,1,0
4031,14,49.24,16.88,1,0,0,0
4032,7,177.18,11.89,1,0,1,0
4033,20,108.03,12.34,1,0,1,0
4034,0,62.52,29.72,1,0,0,0
4035,5,82.54,6.26,1,0,1,0
4036,6,38.14,42.84,1,0,1,0
4037,19,44.33,59.33,1,0,0,0
4038,2,138.0,35.65,1,0,1,0
4039,14,238.83,51.41,1,0,0,0
4040,8,185.16,7.56,1,0,1,0
4041,2,325.3,9.67,1,0,0,0
4042,8,155.32,5.29,1,0,1,0
4043,2,89.76,14.59,1,0,1,0
4044,14,61.58,48.09,3,0,0,0
4045,1,37.48,18.76,1,0,1,0
4046,5,56.36,20.65,1,0,1,0
4047,11,133.07,27.74,1,0,1,0
4048,15,29.14,39.59,1,0,0,0
4049,23,46.06,15.85,1,0,0,0
4050,18,74.74,13.08,1,0,1,0
4051,9,79.12,8.0,1,0,0,0
4052,11,34.83,2.35,1,0,1,0
4053,5,125.02,18.54,2,0,0,0
4054,12,91.29,98.76,1,0,1,0
4055,3,25.86,38.56,4,0,0,0
4056,5,196.52,76.55,1,0,1,0
4057,9,42.79,22.56,2,0,1,0
4058,9,29.29,3.73,2,0,0,0
4059,20,18.37,51.3,1,0,1,0
4060,7,80.39,36.59,1,0,1,0
4061,8,218.7,28.54,1,0,1,0
4062,14,29.92,38.26,1,0,0,0
4063,15,42.72,28.76,2,0,1,0
4064,11,132.68,8.23,1,0,1,0
4065,7,219.6,14.88,5,0,1,0
4066,12,34.0,67.15,1,0,1,0
4067,6,1042.21,14.69,1,0,1,0
4068,12,239.32,14.39,1,0,0,0
4069,4,706.71,16.62,3,0,1,1
4070,2,153.77,13.87,1,0,1,0
4071,10,32.59,40.98,1,0,1,0
4072,19,99.61,18.24,3,0,1,0
4073,5,24.15,61.63,1,0,1,0
4074,19,56.73,41.97,1,0,0,0
4075,8,101.35,13.8,1,0,1,0
4076,5,13.11,41.41,2,0,1,0
4077,14,108.6,18.77,1,0,1,0
4078,10,73.41,16.79,1,0,1,0
4079,12,67.46,2.06,1,0,1,0
4080,17,8.07,56.92,1,1,1,0
4081,23,44.82,17.82,1,0,0,0
4082,11,42.12,40.79,3,0,1,0
4083,5,43.44,2.8,2,0,1,0
4084,4,170.06,7.07,1,0,0,0
4085,7,47.49,9.84,1,0,1,0
4086,18,16.86,64.17,1,0,1,0
4087,10,67.9,34.21,2,0,1,0
4088,4,53.74,1.88,3,0,0,0
4089,13,62.85,10.09,1,0,1,0
4090,15,107.33,8.41,1,0,1,0
4091,13,53.66,24.87,1,0,0,0
4092,1,108.32,11.4,1,0,1,0
4093,10,82.96,29.51,1,0,0,0
4094,22,79.2,30.09,5,0,1,0
4095,22,46.32,15.55,1,0,1,0
4096,16,58.54,29.19,2,0,0,0
4097,16,101.66,24.27,1,0,1,0
4098,6,163.36,33.51,1,0,0,0
4099,2,29.25,66.89,1,0,0,0
4100,2,78.6,13.51,1,0,1,0
4101,21,40.56,49.65,1,0,1,0
4102,13,28.54,1.92,3,0,1,0
4103,7,168.87,46.0,1,0,1,0
4104,8,255.77,9.7,1,0,1,0
4105,23,108.21,45.95,1,0,1,0
4106,17,153.49,27.18,1,0,1,0
4107,6,32.57,91.3,1,0,0,0
4108,4,60.7,52.4,1,0,1,0
4109,22,14.1,58.02,1,0,1,0
4110,13,372.58,57.17,1,1,1,0
4111,18,68.32,9.36,1,0,0,0
4112,21,74.75,13.03,1,0,1,0
4113,8,90.3,7.91,1,0,1,0
4114,19,58.06,10.42,1,0,1,0
4115,22,89.02,35.8,1,0,1,0
4116,7,132.57,22.1,1,0,1,0
4117,2,74.15,27.63,1,0,1,0
4118,1,200.29,21.43,1,0,1,0
4119,10,118.63,24.24,1,0,1,0
4120,21,37.98,13.48,1,0,0,0
4121,4,460.97,0.18,1,0,1,0
4122,5,236.24,33.64,1,0,1,0
4123,12,63.13,11.11,1,0,0,0
4124,16,26.19,29.09,1,0,1,0
4125,13,24.09,18.88,1,0,1,0
4126,7,55.05,3.48,1,0,1,0
4127,13,25.78,1.32,1,0,0,0
4128,11,56.13,27.82,1,0,1,0
4129,18,55.17,3.76,1,0,1,0
4130,15,139.11,71.1,1,1,0,1
4131,13,18.2,16.74,1,0,1,0
4132,18,136.88,38.27,1,0,1,0
4133,12,118.38,52.64,1,0,1,0
4134,16,154.4,20.18,5,0,0,0
4135,11,36.93,3.01,1,0,1,0
4136,20,151.06,26.23,1,0,1,0
4137,16,53.8,36.81,2,0,1,0
4138,15,41.02,40.83,1,0,1,0
4139,22,123.94,9.62,2,0,1,0
4140,4,190.82,34.09,1,0,1,0
4141,2,83.1,8.19,1,0,1,0
4142,2,57.31,17.78,1,0,1,0
4143,12,22.18,41.65,1,0,1,0
4144,10,87.77,8.38,1,0,1,0
4145,22,16.4,1.37,2,0,1,0
4146,6,98.27,111.27,1,0,0,0
4147,22,57.01,30.57,1,0,0,0
4148,23,39.92,46.91,1,0,1,0
4149,22,184.66,51.78,1,0,1,0
4150,5,233.6,65.59,1,0,0,0
4151,22,93.77,15.58,1,0,1,0
4152,13,135.26,38.24,2,0,1,0
4153,12,18.22,6.85,3,0,1,0
4154,4,91.93,38.96,1,0,1,0
4155,8,127.18,36.15,1,0,0,0
4156,17,81.36,24.75,1,0,0,0
4157,1,158.52,42.21,1,0,1,0
4158,6,97.97,33.45,1,0,0,0
4159,6,61.41,56.73,1,0,1,0
4160,17,268.26,53.03,1,0,1,0
4161,14,13.48,76.28,1,0,1,0
4162,3,189.59,28.76,1,0,1,0
4163,5,65.16,17.97,2,0,1,0
4164,3,110.33,39.35,1,0,1,0
4165,6,96.43,40.79,2,0,1,0
4166,23,106.22,22.94,1,0,0,0
4167,20,89.91,20.47,1,0,1,0
4168,1,165.14,62.06,4,0,1,1
4169,13,33.46,17.74,1,0,1,0
4170,0,25.88,19.05,1,0,0,0
4171,2,62.92,39.43,1,0,1,0
4172,15,8.54,9.23,1,0,1,0
4173,17,88.23,46.84,3,0,1,0
4174,3,80.31,41.05,2,0,1,0
4175,18,99.5,2.67,1,0,1,0
4176,2,153.32,38.19,1,0,0,0
4177,21,11.74,18.73,1,0,1,0
4178,1,255.72,55.5,1,0,1,0
4179,2,23.48,55.4,1,0,1,0
4180,0,80.52,11.78,1,0,0,0
4181,20,134.76,14.28,1,0,1,0
4182,15,90.35,19.27,1,0,0,0
4183,15,74.84,12.28,2,0,1,0
4184,21,92.8,30.5,1,0,1,0
4185,14,44.9,52.72,1,0,1,0
4186,13,19.34,25.42,1,0,0,0
4187,19,40.28,1.76,2,0,0,0
4188,13,70.2,37.03,1,0,1,0
4189,11,139.22,2.52,1,0,0,0
4190,10,28.26,60.95,2,0,0,0
4191,16,58.43,67.49,1,0,0,0
4192,17,67.58,7.03,1,1,1,0
4193,13,395.83,16.14,1,0,1,0
4194,10,107.79,8.17,1,0,1,0
4195,20,21.79,6.74,1,0,1,0
4196,9,391.92,34.77,1,0,1,0
4197,10,765.31,57.62,1,0,1,0
4198,5,67.4,1.9,1,0,1,0
4199,22,77.26,11.3,1,0,0,0
4200,6,90.91,1.89,1,0,0,0
4201,14,264.13,6.48,5,0,1,0
4202,5,105.84,24.99,1,0,0,0
4203,12,38.88,34.9,1,0,1,0
4204,2,289.86,10.98,1,0,0,0
4205,2,185.61,21.2,3,0,1,0
4206,21,33.6,37.96,1,0,0,0
4207,12,57.99,34.78,1,0,1,0
4208,23,31.55,13.3,1,0,1,0
4209,6,44.33,3.53,2,0,1,0
4210,11,80.1,15.56,1,0,1,0
4211,21,42.12,0.13,2,0,1,0
4212,23,16.19,31.57,1,0,0,0
4213,12,54.28,29.18,2,0,1,0
4214,13,137.46,3.82,2,0,0,0
4215,7,40.98,60.86,4,0,1,0
4216,2,108.14,54.18,3,0,1,0
4217,18,28.01,19.44,1,0,1,0
4218,13,319.96,19.11,2,0,1,1
4219,13,108.61,20.61,1,0,1,0
4220,23,26.17,32.67,2,0,0,0
4221,20,71.63,3.7,3,0,1,0
4222,11,102.93,48.67,1,0,1,0
4223,8,206.56,5.11,1,0,1,0
4224,0,186.51,30.92,1,0,1,0
4225,6,172.82,46.91,1,0,0,0
4226,18,112.81,34.03,1,0,1,0
4227,16,27.03,46.77,1,0,0,0
4228,3,89.9,16.98,3,0,0,0
4229,7,193.39,22.67,1,0,0,0
4230,11,69.91,58.39,2,0,1,0
4231,9,19.94,91.27,1,0,1,0
4232,6,106.02,15.57,1,0,0,0
4233,0,81.26,28.68,1,0,1,0
4234,16,25.32,4.27,2,0,1,0
4235,10,30.86,50.76,1,0,1,0
4236,18,39.57,43.33,1,0,1,0
4237,16,45.05,2.42,1,0,1,0
4238,0,65.78,19.7,1,0,1,0
4239,15,48.0,17.06,1,0,1,0
4240,11,135.05,4.54,1,1,1,1
4241,6,127.96,22.27,1,0,1,0
4242,11,61.77,21.86,1,0,1,0
4243,6,53.38,1.47,2,0,1,0
4244,12,149.53,22.25,2,1,1,0
4245,0,22.32,40.03,1,0,0,0
4246,16,22.11,14.95,1,0,1,0
4247,0,31.74,30.73,1,0,1,0
4248,6,158.83,14.34,2,0,0,0
4249,1,90.11,21.86,1,0,0,0
4250,15,180.81,9.35,1,0,1,0
4251,21,41.03,35.62,1,0,1,0
4252,16,375.61,79.49,1,0,1,0
4253,6,253.56,26.84,1,0,1,0
4254,18,92.04,13.92,1,0,1,0
4255,2,33.13,38.43,1,0,1,0
4256,4,29.07,7.01,1,0,1,0
4257,18,138.34,20.49,1,0,1,0
4258,8,106.33,20.29,1,0,1,0
4259,3,123.77,70.08,2,0,1,0
4260,8,27.82,17.8,1,0,1,0
4261,3,56.55,16.71,3,0,0,1
4262,1,124.25,55.75,2,0,1,0
4263,3,22.17,26.45,1,0,1,0
4264,23,10.4,16.33,1,0,0,0
4265,14,29.78,37.58,1,0,1,0
4266,20,256.52,23.1,1,0,1,0
4267,8,18.21,38.94,2,0,0,0
4268,7,287.59,14.87,1,0,1,0
4269,18,114.56,6.04,2,0,1,0
4270,10,33.57,14.05,1,0,1,0
4271,0,31.56,20.49,1,0,1,0
4272,15,69.15,9.06,2,0,1,0
4273,14,109.74,12.74,1,0,1,0
4274,9,14.37,5.07,1,0,0,0
4275,6,77.38,29.66,1,0,0,0
4276,14,47.32,21.88,1,1,1,0
4277,10,35.75,7.11,2,0,1,0
4278,13,99.99,40.44,2,0,0,0
4279,21,163.42,39.26,1,0,1,0
4280,4,61.11,27.15,1,0,1,0
4281,23,98.34,12.39,1,0,1,0
4282,7,73.82,13.24,1,0,1,0
4283,2,24.95,20.39,1,0,0,0
4284,20,84.09,32.69,1,0,1,0
4285,0,50.89,10.55,3,0,1,0
4286,17,69.71,18.41,1,0,1,0
4287,18,173.21,5.31,1,0,1,0
4288,4,158.68,19.96,1,0,1,0
4289,11,208.45,29.36,1,0,1,0
4290,6,67.5,14.48,1,0,0,0
4291,0,147.66,27.72,1,0,1,0
4292,8,100.13,20.15,1,0,0,0
4293,7,39.37,48.34,2,0,1,0
4294,3,23.33,25.54,1,0,1,0
4295,8,36.76,24.47,1,0,1,0
4296,3,77.18,6.6,3,0,0,0
4297,0,40.68,32.85,1,0,0,0
4298,3,47.27,15.52,1,0,1,0
4299,23,24.07,38.14,3,0,0,0
4300,18,107.96,11.3,3,0,0,0
4301,22,61.02,34.14,1,0,0,0
4302,13,121.21,20.25,1,0,0,0
4303,16,187.01,35.99,2,0,0,0
4304,8,112.46,45.85,1,0,1,1
4305,18,35.94,68.79,1,0,0,0
4306,22,60.8,45.52,2,0,1,0
4307,9,159.83,52.95,1,0,1,0
4308,1,77.57,0.77,1,0,0,0
4309,4,72.07,44.85,2,0,1,0
4310,11,72.05,2.54,1,0,1,0
4311,16,39.9,24.09,1,0,0,0
4312,4,123.28,12.6,1,0,0,0
4313,5,44.37,37.43,1,0,0,0
4314,5,28.44,57.84,1,0,1,0
4315,8,35.4,14.92,5,1,1,0
4316,17,72.69,28.69,1,0,1,0
4317,0,29.3,19.3,1,0,1,0
4318,20,47.13,6.6,1,0,1,0
4319,22,21.49,44.17,4,0,1,0
4320,13,35.72,24.42,1,0,1,0
4321,21,166.68,15.95,1,0,1,0
4322,2,109.68,6.66,1,0,0,0
4323,6,50.03,23.11,1,0,1,0
4324,15,63.11,38.86,1,0,1,0
4325,5,96.18,23.33,3,0,1,0
4326,22,49.39,30.68,1,0,0,0
4327,16,148.35,28.64,2,0,1,0
4328,22,23.05,31.41,2,0,0,0
4329,12,863.66,39.74,1,0,1,0
4330,4,53.6,21.9,1,0,1,0
4331,9,118.05,27.72,1,0,1,0
4332,23,171.81,17.01,1,0,1,0
4333,4,103.25,11.64,1,0,1,0
4334,1,30.39,8.36,1,0,1,0
4335,6,76.45,22.99,1,1,0,0
4336,21,69.44,56.94,1,0,1,0
4337,4,92.66,66.52,1,0,1,0
4338,12,43.09,27.31,1,0,1,0
4339,1,87.07,55.83,1,0,1,1
4340,22,77.05,44.82,1,0,1,0
4341,20,49.48,35.43,1,0,0,0
4342,14,24.93,36.21,1,0,1,0
4343,8,61.89,2.98,1,0,0,0
4344,10,81.08,13.84,1,0,1,0
4345,18,66.28,84.21,1,0,1,0
4346,0,244.24,18.42,3,1,1,0
4347,8,260.56,9.93,1,0,1,0
4348,23,190.06,11.86,1,0,1,0
4349,23,140.83,84.8,1,0,1,0
4350,23,132.59,13.34,1,0,1,0
4351,2,226.23,38.58,1,0,1,0
4352,23,49.05,58.94,3,0,1,0
4353,22,127.33,6.82,1,0,1,0
4354,14,31.5,19.15,1,0,0,0
4355,2,251.11,55.15,1,0,1,0
4356,4,106.64,76.04,5,0,1,1
4357,14,83.42,71.35,2,0,1,0
4358,3,15.81,6.09,1,0,1,0
4359,20,94.98,54.27,2,0,1,0
4360,17,54.18,75.22,1,0,1,0
4361,22,162.99,63.94,3,0,0,0
4362,10,36.21,13.86,4,1,1,0
4363,18,12.92,27.45,1,0,1,0
4364,13,59.02,0.44,1,0,1,0
4365,4,77.41,2.49,1,0,1,0
4366,13,1174.81,2.6,1,0,1,0
4367,11,498.73,2.55,1,1,1,1
4368,21,39.19,49.21,2,0,1,0
4369,7,56.93,40.3,1,0,0,0
4370,19,102.37,11.17,3,0,1,0
4371,15,44.72,12.99,1,0,1,0
4372,3,106.38,24.07,1,0,1,0
4373,9,339.59,10.32,1,0,1,0
4374,20,96.63,30.37,1,0,0,0
4375,15,57.81,33.73,1,1,1,0
4376,20,19.49,36.06,1,0,1,0
4377,8,139.24,27.81,1,0,1,0
4378,22,27.12,91.45,1,0,1,1
4379,6,71.57,44.6,1,0,1,0
4380,19,45.74,5.14,1,0,1,0
4381,19,50.88,1.47,1,0,1,0
4382,13,47.39,11.01,1,0,1,0
4383,2,64.46,39.56,1,0,1,0
4384,11,89.21,14.86,1,0,1,0
4385,11,66.9,30.71,1,0,0,0
4386,12,22.41,21.28,2,0,1,0
4387,15,71.26,10.24,1,0,1,0
4388,2,17.62,8.59,1,0,1,0
4389,21,664.3,31.51,1,0,1,0
4390,18,142.31,31.82,1,0,1,0
4391,18,31.15,11.74,1,0,0,0
4392,4,39.32,36.13,3,0,0,0
4393,10,38.59,33.8,1,1,1,0
4394,18,31.56,41.32,1,0,1,0
4395,0,80.56,20.32,1,0,1,0
4396,15,298.16,8.51,3,0,1,0
4397,7,143.88,8.46,2,0,1,0
4398,15,74.25,41.57,1,0,0,0
4399,20,115.46,37.25,3,0,0,0
4400,23,406.72,41.41,1,0,1,0
4401,14,76.68,13.98,1,0,0,0
4402,3,22.28,21.51,1,0,0,0
4403,14,53.9,56.27,2,0,1,0
4404,16,40.5,18.27,1,0,1,0
4405,11,34.04,7.11,1,0,1,0
4406,14,23.34,5.17,2,0,1,0
4407,4,79.72,18.38,2,0,1,0
4408,16,175.86,6.81,1,0,0,0
4409,23,86.88,20.39,1,0,1,0
4410,1,216.7,31.81,1,0,1,0
4411,16,451.75,46.39,1,0,1,0
4412,1,264.22,4.39,1,0,1,0
4413,7,321.0,11.57,1,1,0,0
4414,14,67.75,30.22,1,0,1,0
4415,23,84.19,7.03,1,0,0,0
4416,4,31.04,17.85,1,0,1,0
4417,16,26.09,58.13,1,0,1,0
4418,9,84.74,52.99,1,0,1,0
4419,3,12.78,36.3,1,0,1,0
4420,21,94.6,39.59,1,0,1,0
4421,20,81.14,13.45,2,0,1,0
4422,12,18.3,13.38,1,0,1,0
4423,20,170.31,6.43,1,0,1,0
4424,11,42.49,0.88,1,0,1,0
4425,11,30.62,27.64,1,0,1,0
4426,12,190.6,39.88,1,0,1,0
4427,18,255.84,15.06,1,0,1,0
4428,12,25.23,16.99,1,0,1,0
4429,0,298.88,40.58,1,0,1,0
4430,0,24.11,38.09,1,0,1,0
4431,11,24.27,13.4,1,0,1,0
4432,11,45.32,79.13,1,0,1,0
4433,5,445.15,29.11,3,0,1,0
4434,20,90.03,23.35,2,0,0,0
4435,2,430.82,44.18,2,0,0,0
4436,8,33.79,35.56,1,0,1,0
4437,5,63.39,6.76,1,0,0,0
4438,19,24.45,54.43,2,0,1,0
4439,23,223.49,17.04,2,0,1,0
4440,6,59.61,53.61,3,0,1,0
4441,15,140.9,6.37,1,0,1,0
4442,13,106.65,5.14,1,0,1,0
4443,17,64.91,49.49,3,0,1,0
4444,0,88.24,37.51,3,0,1,0
4445,15,49.77,47.05,1,0,1,0
4446,5,126.74,2.39,1,0,1,0
4447,22,154.03,26.74,1,0,1,0
4448,14,46.47,53.79,1,0,0,0
4449,9,56.68,63.26,2,0,0,0
4450,17,67.2,10.12,1,1,1,0
4451,6,128.44,24.62,1,1,0,0
4452,12,60.93,20.95,2,1,1,0
4453,7,57.06,14.84,1,0,1,0
4454,22,111.16,31.21,1,0,1,0
4455,1,310.76,1.0,1,0,0,0
4456,23,59.23,13.88,2,0,1,0
4457,3,154.0,27.37,3,0,1,0
4458,3,27.0,9.78,1,0,1,0
4459,11,71.38,40.44,2,0,1,0
4460,16,63.38,31.57,1,0,1,0
4461,4,40.99,40.81,1,0,0,0
4462,3,118.5,8.6,1,0,0,0
4463,3,51.78,56.66,2,0,1,0
4464,22,107.02,25.05,1,1,1,0
4465,13,80.02,41.26,1,0,0,0
4466,21,69.71,77.88,1,1,1,0
4467,6,85.69,81.39,1,0,1,0
4468,21,55.75,21.99,1,0,1,0
4469,9,71.95,2.16,1,0,0,0
4470,2,34.07,56.73,1,0,0,0
4471,6,22.47,9.11,2,0,1,0
4472,21,21.61,1.68,2,0,0,0
4473,7,114.46,3.13,1,0,1,0
4474,20,244.74,32.99,1,0,1,0
4475,19,146.09,33.51,1,0,1,0
4476,10,85.46,5.69,1,0,0,0
4477,1,89.22,30.29,1,0,1,0
4478,11,9.03,48.08,1,0,1,0
4479,1,24.97,53.06,1,0,1,0
4480,13,39.5,40.44,4,0,1,0
4481,12,113.51,25.24,1,0,1,0
4482,17,103.1,55.49,2,0,1,0
4483,1,55.3,1.73,1,0,0,1
4484,10,57.97,15.78,2,0,1,0
4485,7,52.94,13.42,1,0,1,0
4486,4,376.21,23.62,4,0,1,0
4487,1,58.18,1.84,1,1,1,0
4488,14,27.74,26.43,1,0,1,0
4489,4,23.62,10.56,2,0,0,0
4490,5,61.14,45.01,1,1,1,0
4491,16,122.98,21.39,2,0,0,0
4492,3,31.64,46.22,1,0,1,0
4493,9,266.22,58.04,1,0,0,0
4494,22,31.34,38.2,3,0,1,0
4495,10,124.24,36.41,1,0,1,0
4496,2,226.06,26.41,2,0,1,0
4497,1,11.93,17.31,2,0,1,0
4498,2,68.62,29.0,1,0,1,0
4499,13,101.71,59.38,3,0,1,0
4500,1,945.06,37.42,1,1,0,1
4501,13,151.32,19.43,3,0,0,0
4502,8,223.42,0.41,2,0,0,0
4503,16,36.27,41.78,2,0,1,0
4504,2,57.74,17.98,1,0,0,0
4505,11,92.74,45.49,1,0,0,0
4506,8,23.73,2.74,1,1,0,0
4507,10,16.02,54.61,1,1,0,0
4508,7,100.36,45.81,1,0,1,0
4509,21,119.32,5.87,1,0,1,0
4510,1,975.29,10.47,1,0,1,0
4511,8,112.02,29.66,1,0,0,0
4512,19,67.71,0.95,1,0,1,0
4513,11,365.49,25.67,1,0,1,0
4514,2,47.35,7.2,1,0,1,0
4515,11,202.37,6.72,1,0,1,0
4516,14,131.96,50.15,1,0,1,0
4517,19,94.81,80.99,1,0,0,0
4518,22,36.44,51.08,1,0,1,0
4519,17,18.47,33.29,1,0,1,0
4520,10,270.84,66.49,1,0,1,0
4521,2,33.23,9.66,2,0,1,0
4522,13,36.42,18.28,1,0,0,0
4523,8,180.07,12.99,1,0,1,0
4524,8,109.3,0.74,1,0,1,0
4525,7,168.69,6.4,1,0,1,0
4526,21,40.12,44.11,1,0,1,0
4527,20,140.62,0.37,1,0,0,0
4528,7,45.08,27.63,1,0,1,0
4529,7,80.25,22.05,2,0,1,0
4530,3,48.27,39.28,1,0,0,0
4531,18,35.91,22.05,1,0,1,0
4532,4,304.46,6.41,2,0,1,0
4533,15,192.62,33.03,1,0,0,0
4534,17,22.38,72.53,1,1,1,0
4535,23,81.19,3.33,1,0,1,0
4536,3,90.73,11.17,1,0,1,0
4537,17,706.07,1.26,1,1,1,0
4538,7,79.41,13.02,2,0,1,0
4539,12,54.72,56.44,1,0,1,0
4540,20,305.64,30.72,2,0,1,0
4541,3,81.8,5.39,5,0,0,0
4542,17,38.33,0.2,4,0,0,0
4543,23,48.39,49.58,1,0,0,0
4544,6,145.32,16.43,1,0,1,0
4545,20,16.77,65.61,1,1,0,0
4546,10,44.89,14.08,1,0,1,0
4547,15,69.4,25.49,2,0,0,0
4548,9,242.39,48.11,1,0,0,0
4549,8,56.97,40.27,1,0,1,0
4550,10,22.67,40.83,1,0,1,0
4551,22,196.61,45.88,1,0,0,0
4552,23,186.95,1.56,1,0,0,0
4553,7,84.16,19.17,2,0,0,0
4554,8,40.12,34.96,3,0,0,0
4555,17,65.67,49.31,1,0,1,0
4556,11,39.99,90.91,1,0,1,0
4557,12,226.06,14.5,1,0,1,0
4558,8,178.59,6.06,1,0,1,0
4559,2,39.57,9.57,4,0,0,1
4560,9,114.64,39.55,1,0,1,0
4561,9,159.25,0.92,1,0,0,0
4562,4,184.92,24.67,1,0,1,0
4563,16,19.25,12.04,4,0,1,0
4564,12,36.14,28.62,1,0,1,0
4565,19,57.09,64.69,1,0,1,0
4566,8,63.47,32.98,2,1,1,0
4567,3,138.15,58.6,1,0,1,0
4568,1,34.71,14.44,1,0,1,0
4569,12,90.18,21.0,1,0,1,0
4570,21,79.84,24.99,2,0,1,0
4571,7,340.34,11.2,1,0,0,0
4572,22,21.0,67.19,1,0,1,0
4573,8,184.1,48.35,5,0,1,0
4574,12,26.2,5.23,1,0,1,0
4575,18,133.42,20.44,1,0,1,0
4576,20,123.07,17.24,2,0,1,0
4577,16,28.97,35.29,1,0,1,0
4578,17,86.45,3.87,1,0,1,0
4579,1,101.79,32.14,1,0,1,0
4580,21,98.57,31.36,1,0,1,0
4581,0,79.37,18.42,1,0,1,0
4582,23,646.6,14.68,1,0,0,0
4583,1,415.32,25.48,1,0,1,1
4584,14,201.12,15.35,3,0,1,0
4585,0,118.6,40.44,1,0,0,0
4586,17,16.87,12.64,1,0,1,0
4587,8,326.02,12.33,1,0,1,0
4588,21,61.35,56.13,1,0,1,0
4589,10,53.94,50.71,1,0,1,0
4590,22,165.24,20.03,1,0,0,0
4591,22,205.21,9.27,1,0,0,0
4592,20,29.92,31.6,1,0,1,0
4593,19,25.15,91.08,1,0,1,0
4594,15,71.52,39.82,1,0,1,0
4595,9,81.95,33.01,1,0,1,0
4596,15,150.17,30.69,1,0,1,0
4597,13,106.86,17.54,1,0,1,0
4598,6,23.86,22.41,1,0,0,0
4599,5,181.38,29.92,2,0,1,1
4600,22,47.43,3.67,1,0,1,0
4601,5,86.46,24.92,1,0,1,0
4602,19,172.44,13.05,3,0,1,0
4603,4,7.91,17.96,1,1,0,0
4604,20,85.24,7.49,1,0,0,0
4605,6,125.32,50.08,5,0,1,0
4606,7,68.24,19.9,1,0,0,0
4607,7,30.03,29.42,1,0,1,0
4608,5,53.13,26.07,1,0,1,0
4609,20,139.24,11.43,1,0,1,0
4610,22,62.24,3.57,1,0,1,0
4611,19,79.26,35.52,1,0,1,0
4612,1,41.7,47.94,1,0,1,0
4613,19,230.49,38.5,1,0,1,0
4614,1,33.9,63.5,1,0,1,0
4615,18,14.25,25.63,1,0,0,0
4616,11,21.12,3.4,1,0,0,0
4617,2,90.2,54.16,1,0,1,0
4618,12,65.78,7.37,2,0,1,0
4619,23,102.12,0.85,1,0,0,0
4620,0,212.53,10.62,5,1,1,1
4621,19,68.05,73.36,2,0,0,0
4622,5,63.8,33.82,2,0,0,0
4623,5,62.55,0.52,1,0,1,0
4624,20,53.76,34.15,3,0,1,0
4625,8,430.36,69.7,3,0,1,0
4626,7,86.99,28.18,4,0,0,0
4627,1,134.45,25.43,2,0,1,0
4628,15,31.88,47.03,1,0,0,0
4629,10,70.58,15.24,1,0,1,0
4630,8,166.9,36.67,1,0,0,0
4631,8,128.03,26.31,3,0,1,0
4632,10,47.38,23.81,1,0,0,0
4633,10,165.93,16.69,1,1,0,0
4634,8,377.25,4.93,1,0,1,0
4635,11,139.45,3.39,4,0,1,0
4636,19,255.41,20.38,1,0,1,0
4637,16,36.72,20.64,4,0,1,0
4638,1,65.46,16.24,1,0,1,0
4639,7,112.62,12.23,1,0,1,0
4640,2,55.57,24.26,1,0,1,0
4641,11,115.31,15.12,1,0,1,0
4642,16,43.49,43.78,1,0,1,0
4643,15,166.55,27.66,1,0,0,0
4644,7,7.54,21.42,1,0,1,0
4645,3,50.0,30.67,1,0,1,0
4646,8,80.4,43.55,1,0,1,0
4647,8,338.73,17.84,1,0,0,0
4648,2,48.94,19.24,1,0,1,0
4649,17,79.2,25.89,2,0,0,0
4650,1,134.76,20.51,1,0,0,0
4651,19,10.44,30.12,1,0,1,0
4652,4,258.28,27.48,2,0,0,0
4653,23,75.61,24.54,1,0,1,0
4654,17,58.09,26.35,1,0,0,0
4655,20,224.46,65.13,3,0,1,0
4656,1,63.84,50.86,1,0,0,0
4657,22,481.66,18.82,1,0,1,0
4658,20,87.47,25.01,3,0,1,0
4659,21,39.33,25.12,1,0,1,0
4660,10,626.84,5.5,1,0,1,0
4661,18,61.42,20.81,3,0,0,0
4662,3,281.94,17.96,3,0,1,0
4663,17,74.61,10.94,1,0,1,0
4664,0,64.66,51.82,1,0,1,0
4665,11,51.81,65.14,1,0,0,0
4666,0,108.43,44.15,4,0,1,0
4667,20,35.24,9.64,1,0,0,0
4668,0,71.45,28.25,1,0,0,0
4669,13,313.62,30.5,1,0,1,0
4670,12,180.1,70.54,1,0,1,0
4671,6,102.27,20.71,4,0,1,0
4672,14,29.18,27.06,2,0,1,0
4673,9,90.64,16.52,1,0,1,0
4674,6,64.39,100.71,1,0,1,0
4675,23,150.6,3.86,1,0,0,0
4676,3,208.26,40.47,1,0,0,0
4677,19,85.62,0.3,4,0,1,1
4678,4,135.22,29.47,2,0,1,0
4679,3,110.64,21.08,1,0,1,0
4680,0,25.4,8.39,2,0,1,0
4681,16,53.7,0.72,1,0,1,0
4682,19,59.17,18.04,1,0,1,0
4683,6,98.93,30.64,1,0,0,0
4684,0,85.65,63.0,1,0,1,0
4685,16,120.54,48.62,1,0,1,0
4686,6,53.82,41.54,4,0,1,0
4687,13,86.58,47.18,2,0,0,0
4688,16,72.09,20.07,1,0,1,0
4689,12,43.11,0.24,1,0,1,0
4690,14,289.27,18.32,1,0,1,0
4691,17,182.81,41.71,1,0,1,0
4692,18,78.65,3.8,1,0,1,0
4693,14,426.99,3.55,1,0,1,0
4694,22,47.54,30.44,1,0,1,0
4695,15,99.51,5.48,1,0,1,0
4696,5,456.51,10.5,1,0,1,0
4697,13,76.97,30.26,2,0,1,0
4698,7,105.95,17.46,1,0,1,0
4699,15,112.76,40.29,1,1,1,0
4700,3,72.9,44.11,1,0,1,0
4701,19,69.32,43.27,1,0,1,0
4702,12,25.38,23.15,1,1,1,0
4703,22,69.06,33.1,1,0,1,0
4704,8,21.98,4.98,1,0,1,0
4705,14,53.44,60.78,1,1,1,0
4706,5,20.99,30.04,1,0,1,0
4707,7,183.56,40.46,1,0,1,0
4708,8,58.11,20.36,1,0,0,0
4709,1,36.41,24.96,1,0,1,0
4710,2,491.96,18.75,1,0,1,0
4711,0,93.24,15.84,1,0,0,0
4712,1,93.05,1.12,1,0,1,0
4713,0,26.96,4.12,1,0,0,0
4714,3,67.92,3.4,1,0,1,0
4715,23,20.16,1.67,1,0,1,0
4716,10,129.9,32.5,1,0,1,0
4717,1,71.22,34.91,1,0,0,0
4718,3,20.72,43.86,1,0,1,0
4719,3,125.74,6.83,1,0,0,0
4720,5,27.0,2.0,1,0,1,0
4721,20,29.7,17.36,1,0,1,0
4722,6,105.67,74.95,1,0,1,0
4723,18,151.57,52.22,1,0,1,0
4724,17,72.63,37.07,3,0,1,0
4725,11,149.08,27.02,2,0,0,0
4726,3,5.19,17.71,1,0,1,0
4727,4,101.01,10.99,2,0,0,0
4728,18,118.71,6.08,1,0,0,0
4729,20,15.29,22.36,3,0,0,0
4730,16,10.28,29.63,1,0,1,0
4731,21,96.25,4.33,1,0,1,0
4732,20,48.32,101.53,1,0,1,0
4733,15,32.56,61.07,1,0,1,0
4734,16,119.96,18.48,1,0,1,0
4735,20,21.65,11.15,2,0,1,0
4736,23,40.46,19.42,1,0,0,0
4737,20,150.74,29.64,2,0,1,0
4738,2,36.27,62.48,1,1,1,0
4739,8,74.46,60.07,1,0,0,0
4740,19,42.04,35.76,1,0,1,0
4741,5,66.3,16.52,1,1,1,0
4742,4,87.65,61.85,1,0,1,0
4743,23,149.59,10.7,1,0,1,0
4744,19,93.96,4.05,2,0,0,0
4745,9,55.09,54.31,1,0,1,0
4746,22,150.2,22.48,1,0,0,0
4747,13,151.79,1.29,1,0,1,0
4748,17,222.79,62.07,1,0,0,0
4749,20,18.02,25.43,1,0,1,0
4750,2,100.6,70.72,1,0,1,0
4751,3,125.56,7.32,1,0,0,0
4752,21,58.0,13.44,1,0,0,0
4753,20,64.49,9.72,1,0,0,0
4754,6,23.43,7.59,1,0,1,0
4755,15,9.13,3.52,1,0,1,0
4756,2,36.52,30.8,2,0,1,0
4757,14,37.37,15.23,1,0,1,0
4758,3,102.74,7.72,1,0,1,0
4759,20,45.31,0.52,1,0,0,0
4760,15,57.67,15.25,2,0,0,0
4761,13,76.97,6.8,1,0,1,0
4762,3,19.07,26.98,1,1,1,0
4763,8,19.52,45.3,1,0,1,0
4764,12,105.55,55.84,1,0,1,0
4765,5,56.54,26.24,1,0,1,0
4766,12,49.85,31.28,1,0,1,0
4767,9,172.37,23.5,1,0,1,0
4768,22,36.46,1.68,1,0,1,0
4769,12,209.7,55.55,1,0,1,0
4770,9,20.45,33.84,3,0,1,0
4771,13,37.35,67.57,1,0,1,0
4772,1,65.38,3.62,1,0,0,0
4773,10,86.57,50.06,1,0,1,0
4774,21,23.77,47.96,4,0,1,0
4775,12,133.39,13.85,1,0,1,0
4776,7,71.4,49.05,1,0,1,0
4777,16,61.4,67.11,1,0,1,0
4778,16,15.06,13.73,1,0,1,0
4779,2,169.07,33.77,1,0,0,0
4780,6,21.04,18.85,1,0,0,0
4781,23,76.42,35.57,1,1,0,0
4782,19,274.31,19.97,2,0,1,0
4783,10,28.49,10.27,2,0,1,0
4784,20,32.37,16.11,2,0,1,0
4785,23,31.01,37.01,1,0,1,0
4786,23,34.86,32.65,1,0,0,0
4787,3,90.76,17.46,1,0,0,0
4788,2,134.36,35.45,1,0,1,0
4789,16,185.85,0.72,2,0,0,0
4790,9,195.12,20.61,1,0,1,0
4791,14,416.68,3.92,1,0,1,0
4792,10,314.18,96.32,1,0,0,1
4793,19,114.65,14.75,1,0,1,0
4794,7,43.25,56.6,1,0,1,0
4795,20,231.16,9.55,1,1,1,0
4796,6,34.03,7.07,1,0,1,0
4797,12,42.09,6.47,1,0,1,0
4798,1,82.69,6.79,2,0,1,0
4799,21,315.45,13.97,1,0,1,0
4800,0,31.16,64.0,2,0,1,0
4801,21,14.51,20.29,1,1,1,0
4802,15,47.9,10.37,1,0,1,0
4803,5,130.77,39.01,1,0,1,0
4804,18,29.92,15.43,2,0,1,0
4805,17,62.42,0.73,1,0,0,0
4806,5,94.34,30.01,1,0,1,0
4807,11,157.17,17.63,2,0,1,0
4808,5,100.92,21.33,1,0,1,0
4809,1,47.26,25.49,1,0,1,0
4810,13,248.65,3.62,1,0,1,0
4811,14,39.28,71.67,1,1,1,0
4812,12,242.55,54.7,1,0,0,0
4813,14,67.41,47.66,2,0,1,0
4814,17,109.77,17.07,1,0,0,0
4815,21,187.58,33.44,1,0,0,0
4816,12,44.74,11.11,1,0,0,0
4817,5,22.91,32.55,1,0,1,0
4818,4,113.84,3.77,1,0,1,0
4819,21,189.86,45.57,1,0,1,0
4820,2,23.07,1.89,2,0,0,0
4821,2,80.92,63.97,1,0,1,0
4822,1,23.91,22.26,1,0,1,0
4823,20,54.91,18.09,1,0,1,0
4824,19,136.54,2.22,1,1,1,0
4825,16,76.94,44.44,1,0,0,0
4826,12,64.28,2.28,1,1,1,0
4827,8,32.49,29.83,5,0,1,0
4828,7,116.65,27.75,1,0,1,0
4829,7,75.75,21.01,4,0,1,0
4830,12,80.76,69.43,1,0,1,0
4831,2,68.11,20.65,1,0,1,0
4832,11,102.4,9.49,1,0,1,0
4833,4,18.19,29.37,1,0,0,0
4834,10,80.57,34.13,2,0,1,0
4835,13,29.87,30.05,1,0,1,0
4836,11,13.87,4.41,2,0,1,0
4837,20,39.13,11.17,1,1,1,0
4838,20,15.39,8.3,1,0,0,0
4839,12,69.25,9.85,1,0,1,0
4840,17,185.2,18.46,1,0,1,0
4841,22,42.27,25.98,2,0,1,0
4842,7,283.21,16.69,3,0,1,0
4843,18,60.23,64.27,2,0,1,0
4844,15,32.71,34.52,1,0,1,0
4845,7,132.77,92.39,1,0,1,0
4846,10,44.18,8.74,1,0,1,0
4847,13,80.29,14.79,4,0,1,0
4848,20,198.43,46.3,2,0,1,0
4849,9,37.73,11.5,1,0,0,0
4850,6,41.92,9.85,4,0,1,0
4851,0,63.59,30.71,1,0,0,0
4852,23,85.14,14.59,2,0,1,0
4853,8,19.48,8.53,1,0,1,0
4854,6,222.48,17.33,1,0,0,0
4855,20,71.21,80.68,1,1,1,0
4856,0,167.74,22.01,1,0,1,0
4857,2,12.44,9.9,1,0,0,0
4858,9,56.33,28.55,1,0,1,0
4859,1,123.97,61.61,1,0,1,0
4860,4,88.34,32.94,1,0,0,1
4861,16,184.98,52.14,1,0,1,0
4862,6,58.85,30.7,1,0,1,0
4863,11,34.71,56.07,1,0,1,0
4864,5,158.77,4.27,1,0,1,0
4865,1,32.19,59.0,1,0,1,0
4866,14,40.23,12.25,1,0,1,0
4867,3,21.08,29.33,1,0,0,0
4868,12,46.53,48.66,1,1,1,0
4869,17,162.63,13.43,1,0,0,0
4870,9,27.07,26.2,1,0,0,0
4871,3,171.43,35.32,1,0,1,0
4872,7,255.36,31.8,1,0,1,0
4873,3,263.81,22.91,1,0,1,0
4874,1,166.97,11.62,1,0,1,0
4875,21,103.41,27.3,1,0,1,0
4876,12,117.89,81.88,2,0,1,0
4877,10,16.88,44.68,1,1,1,0
4878,9,33.17,37.78,1,0,0,0
4879,9,36.03,0.71,1,0,0,0
4880,10,134.73,26.24,1,0,1,0
4881,5,83.01,2.9,1,0,1,0
4882,1,111.8,27.72,4,0,1,0
4883,3,179.68,7.81,1,0,1,0
4884,4,46.67,5.65,1,0,0,0
4885,11,266.55,11.34,1,0,1,0
4886,23,43.17,1.14,1,0,1,0
4887,2,77.75,13.5,2,0,1,0
4888,17,39.27,36.86,1,1,1,0
4889,5,65.67,23.53,1,0,0,0
4890,11,160.46,2.91,1,0,0,0
4891,3,177.81,9.33,1,0,0,1
4892,20,80.52,34.54,1,0,1,0
4893,11,63.28,41.55,2,0,1,0
4894,21,136.11,1.46,1,0,1,0
4895,4,131.66,0.08,1,0,1,0
4896,17,55.81,14.92,1,0,1,0
4897,2,76.02,61.14,1,0,0,1
4898,10,242.73,9.04,2,0,1,0
4899,12,42.03,24.17,1,0,1,0
4900,6,70.5,5.4,1,0,0,0
4901,3,84.89,53.29,1,0,1,0
4902,5,25.66,8.3,1,0,1,0
4903,2,248.1,12.24,1,0,1,1
4904,5,47.87,13.97,1,0,1,0
4905,7,92.98,0.03,1,0,1,0
4906,20,141.99,13.73,1,1,0,0
4907,4,258.08,5.87,1,0,1,0
4908,13,123.14,15.46,1,1,1,0
4909,20,39.22,54.74,1,0,1,0
4910,5,134.31,44.39,1,0,1,0
4911,2,251.54,41.03,1,1,0,1
4912,17,33.31,17.32,1,0,1,0
4913,6,215.33,49.21,1,0,0,0
4914,14,66.27,13.09,1,1,1,0
4915,21,55.81,20.36,2,0,1,0
4916,2,156.41,56.23,1,0,0,0
4917,22,43.59,14.91,1,0,0,0
4918,7,47.27,38.66,1,0,1,0
4919,19,43.73,19.2,4,0,1,0
4920,14,36.55,29.68,1,0,0,0
4921,12,16.41,7.25,1,0,1,0
4922,18,196.93,18.23,3,0,0,0
4923,14,113.36,31.11,1,0,0,0
4924,0,40.68,39.19,1,0,1,0
4925,0,76.01,11.62,1,0,1,0
4926,14,72.07,31.77,1,0,1,0
4927,4,89.61,5.85,1,0,0,0
4928,12,54.2,29.73,1,0,1,0
4929,17,255.72,17.97,1,0,0,0
4930,15,15.16,15.6,1,0,1,0
4931,0,402.32,68.65,1,1,1,1
4932,10,44.09,6.57,1,0,1,0
4933,22,45.36,14.13,1,0,0,0
4934,12,49.53,5.45,2,0,0,0
4935,6,60.22,21.34,1,0,1,0
4936,13,91.75,54.45,1,0,0,0
4937,21,24.22,1.68,1,0,1,0
4938,7,307.04,52.57,1,0,0,0
4939,18,269.16,44.96,1,0,1,0
4940,9,100.95,59.41,1,1,1,0
4941,14,110.85,47.83,1,0,0,0
4942,15,34.5,1.52,1,0,1,0
4943,16,274.52,58.57,1,0,1,0
4944,15,16.3,38.26,5,0,0,0
4945,20,43.45,40.8,1,0,1,0
4946,15,19.99,10.93,1,0,1,0
4947,9,33.97,50.96,1,0,0,0
4948,23,79.06,0.57,1,0,1,0
4949,21,52.72,21.77,2,0,1,0
4950,0,78.05,18.2,1,0,1,0
4951,3,79.81,24.89,2,0,1,0
4952,9,44.13,7.03,1,0,1,0
4953,23,21.58,55.48,1,0,1,0
4954,1,2.48,33.87,2,0,1,0
4955,0,30.35,88.82,1,0,1,0
4956,22,95.73,9.77,1,0,1,0
4957,11,138.76,39.36,1,0,0,0
4958,19,63.58,16.58,2,0,0,0
4959,15,116.7,7.15,1,0,0,0
4960,12,144.73,35.5,2,0,1,0
4961,23,125.36,1.5,1,0,1,0
4962,8,89.03,20.02,2,0,1,0
4963,7,101.96,47.48,1,0,1,0
4964,2,719.34,50.17,1,0,0,1
4965,0,160.37,18.47,1,0,1,0
4966,19,64.68,64.8,3,0,0,0
4967,10,32.79,78.19,1,0,1,0
4968,8,104.86,1.73,1,0,0,0
4969,5,62.61,10.14,1,0,1,0
4970,10,39.48,39.08,1,0,1,0
4971,10,8.25,70.24,1,1,0,0
4972,22,63.98,48.44,1,0,1,0
4973,15,448.19,0.55,1,0,0,0
4974,11,19.34,3.99,1,0,1,0
4975,17,67.75,15.09,1,0,0,0
4976,5,140.79,62.88,1,0,1,0
4977,6,19.29,16.56,1,1,1,0
4978,17,115.63,36.85,1,0,1,0
4979,7,23.15,34.24,1,0,0,0
4980,8,106.48,37.8,1,0,1,0
4981,4,97.18,21.57,1,0,1,0
4982,12,125.64,75.62,1,0,1,0
4983,11,158.8,6.81,1,0,1,0
4984,12,89.8,4.62,2,0,1,0
4985,8,97.92,70.07,1,0,1,0
4986,1,365.14,14.67,1,0,1,0
4987,0,149.78,11.43,1,1,0,0
4988,12,247.65,66.18,1,0,0,0
4989,4,173.8,11.56,1,0,1,0
4990,7,106.29,18.4,2,0,1,0
4991,2,319.95,1.71,1,0,0,0
4992,0,139.22,43.91,1,0,0,0
4993,14,75.85,41.39,1,0,1,0
4994,21,78.15,12.57,2,0,1,0
4995,9,48.34,3.96,1,0,0,0
4996,14,19.53,21.53,1,0,1,0
4997,1,203.55,33.65,1,0,1,0
4998,8,17.22,21.18,3,0,0,0
4999,0,239.24,37.98,5,0,1,1
5000,20,67.05,6.95,1,0,1,0
5001,21,12.77,43.2,1,0,0,0
5002,4,58.79,32.9,1,1,1,0
5003,11,35.04,42.08,1,0,1,0
5004,6,109.61,84.72,2,0,1,0
5005,18,199.58,28.4,1,0,1,0
5006,12,25.93,9.6,1,0,1,0
5007,6,36.62,51.87,1,0,1,0
5008,20,108.05,14.9,1,0,1,0
5009,14,19.38,5.13,1,1,1,0
5010,3,114.53,17.45,1,0,1,0
5011,21,62.5,4.64,1,0,0,0
5012,7,55.1,6.05,1,0,0,0
5013,15,103.12,24.03,1,0,1,0
5014,22,163.25,20.91,1,0,1,0
5015,6,79.1,10.52,1,0,0,0
5016,8,66.47,19.77,1,0,0,0
5017,2,57.63,36.17,1,0,1,0
5018,15,129.6,20.5,1,0,1,0
5019,1,418.72,14.39,2,0,1,0
5020,22,76.86,87.7,1,0,0,0
5021,9,5.99,96.82,1,0,0,0
5022,3,62.52,49.25,1,0,0,0
5023,14,31.17,49.42,2,0,1,0
5024,0,312.61,3.72,1,0,1,0
5025,9,22.9,23.67,2,0,1,0
5026,14,49.66,78.9,1,0,0,0
5027,18,112.75,31.89,1,0,1,0
5028,12,186.5,23.54,1,0,0,0
5029,11,285.44,28.39,5,0,1,0
5030,21,95.63,7.9,1,0,1,0
5031,10,131.39,9.56,3,0,1,0
5032,20,151.25,9.13,2,0,1,0
5033,21,344.82,61.47,1,0,0,0
5034,23,122.81,10.1,1,0,0,0
5035,18,80.13,49.51,1,0,0,0
5036,7,41.16,36.33,1,0,1,0
5037,7,49.93,37.04,1,0,1,0
5038,15,121.39,4.55,1,0,1,0
5039,6,22.69,13.28,1,0,1,0
5040,10,11.44,18.17,1,0,1,0
5041,16,151.18,42.33,1,0,1,0
5042,4,87.73,42.73,4,0,1,0
5043,19,37.7,17.02,1,0,1,0
5044,9,49.75,85.42,1,0,0,0
5045,5,25.44,3.96,1,0,1,0
5046,20,57.69,23.44,2,0,1,0
5047,14,42.28,9.17,1,0,1,0
5048,7,80.95,16.51,1,0,1,0
5049,6,53.3,47.86,2,0,1,0
5050,17,80.85,77.96,1,0,1,0
5051,3,69.0,0.48,2,0,1,0
5052,3,121.34,42.5,1,0,1,0
5053,5,205.83,23.08,1,0,1,0
5054,0,100.57,40.28,1,0,1,0
5055,3,208.72,9.25,2,0,0,0
5056,14,38.19,17.67,3,0,0,1
5057,6,260.53,16.14,1,0,1,0
5058,19,134.86,0.01,1,0,1,0
5059,13,47.52,4.72,1,0,1,0
5060,17,174.14,31.25,1,0,0,0
5061,11,83.61,58.63,1,0,1,0
5062,0,53.41,25.91,1,0,1,0
5063,15,187.76,5.54,1,0,1,0
5064,1,215.17,16.95,1,0,1,0
5065,14,43.28,32.22,1,0,1,0
5066,17,67.94,42.88,1,0,1,0
5067,4,112.58,7.34,1,0,1,0
5068,17,250.28,62.66,2,0,1,0
5069,11,88.03,50.77,1,0,1,0
5070,11,9.58,58.02,2,0,1,0
5071,20,78.39,27.41,1,0,0,0
5072,11,16.54,9.96,1,0,1,0
5073,21,191.76,16.94,1,0,1,0
5074,16,142.57,34.82,1,0,1,0
5075,2,94.73,48.51,1,0,1,0
5076,15,45.73,47.01,2,0,1,0
5077,16,223.85,11.85,2,0,0,0
5078,17,91.61,16.42,1,0,1,0
5079,6,292.54,0.71,1,0,0,0
5080,11,199.63,22.38,1,0,1,0
5081,23,146.36,32.36,2,0,1,0
5082,21,38.81,32.85,1,0,0,0
5083,22,67.2,0.1,1,0,0,0
5084,15,81.27,31.13,1,0,0,0
5085,21,79.26,43.12,1,0,0,0
5086,1,521.82,45.45,1,0,1,0
5087,2,76.86,30.39,1,0,1,0
5088,18,69.77,7.67,1,1,0,0
5089,20,175.29,45.34,1,0,1,0
5090,12,182.94,10.53,1,0,1,0
5091,16,70.61,31.67,1,0,1,0
5092,10,50.24,53.68,1,0,1,0
5093,16,42.04,35.95,1,0,1,0
5094,22,54.5,43.53,1,0,0,0
5095,13,93.68,26.7,1,0,1,0
5096,14,174.69,24.83,1,0,1,0
5097,16,119.08,50.45,1,0,0,0
5098,12,48.53,10.06,1,0,1,0
5099,17,91.4,25.7,1,0,1,0
5100,8,187.66,29.36,1,1,1,0
5101,16,59.85,14.29,1,0,1,0
5102,23,30.9,28.44,1,0,0,0
5103,10,465.24,14.25,1,0,1,0
5104,13,24.83,24.73,2,0,1,0
5105,17,128.83,3.23,1,1,1,0
5106,18,25.78,42.62,1,0,1,0
5107,3,306.01,20.05,1,0,1,0
5108,8,28.82,57.55,1,0,1,0
5109,23,34.65,24.25,1,0,1,0
5110,8,138.15,7.69,3,0,1,0
5111,6,11.13,25.81,1,0,1,0
5112,2,23.69,29.31,2,0,1,0
5113,8,39.39,1.65,5,0,1,0
5114,7,131.11,27.65,1,0,1,0
5115,21,40.53,12.6,1,0,0,0
5116,11,36.2,54.99,1,0,1,0
5117,21,46.7,14.49,1,0,0,0
5118,20,50.91,45.41,1,0,0,0
5119,7,22.63,31.19,1,0,1,0
5120,19,30.41,24.92,1,0,1,0
5121,11,40.03,62.0,1,0,1,0
5122,11,85.5,12.5,2,0,0,0
5123,14,16.55,10.26,2,0,1,0
5124,6,151.31,13.76,1,0,1,0
5125,0,42.25,23.82,1,0,1,0
5126,12,51.99,14.26,1,0,0,0
5127,12,227.63,29.52,1,0,1,0
5128,7,21.36,27.9,1,0,0,0
5129,18,54.21,16.44,1,0,1,0
5130,2,232.26,4.5,1,0,1,0
5131,21,233.11,40.82,1,0,1,0
5132,0,12.71,7.24,2,0,1,0
5133,14,81.69,25.05,1,0,1,0
5134,15,105.94,5.62,1,0,1,0
5135,12,20.39,12.48,1,0,1,0
5136,19,210.52,14.26,3,0,1,0
5137,17,19.3,27.66,1,0,1,0
5138,6,45.49,20.46,1,0,1,0
5139,6,56.56,3.87,1,0,1,0
5140,6,95.76,70.97,1,0,1,0
5141,13,39.9,24.94,1,0,1,0
5142,6,73.86,34.34,1,0,1,0
5143,12,13.15,26.01,1,1,0,0
5144,21,31.06,41.15,1,0,0,0
5145,4,40.11,11.52,1,0,1,0
5146,22,92.8,20.44,1,0,0,0
5147,6,110.76,69.56,2,0,0,0
5148,7,28.61,62.28,1,1,1,0
5149,23,32.56,0.2,1,1,1,0
5150,4,14.3,39.13,1,0,1,0
5151,2,92.19,0.5,1,0,1,0
5152,11,19.16,70.95,1,0,1,0
5153,11,59.57,35.51,3,0,1,0
5154,4,113.78,10.22,2,0,1,0
5155,3,110.49,18.08,1,0,1,0
5156,13,114.99,10.74,2,0,0,0
5157,8,85.75,37.57,2,0,1,0
5158,6,63.57,22.43,1,0,0,0
5159,9,197.14,17.48,1,0,1,0
5160,10,85.46,70.04,1,0,0,0
5161,2,117.86,35.9,2,0,1,0
5162,17,66.71,17.03,1,0,1,0
5163,13,330.64,101.13,1,0,1,1
5164,2,110.4,37.69,1,0,1,0
5165,11,46.31,31.2,1,0,1,0
5166,0,32.5,13.01,2,0,0,0
5167,5,196.77,11.86,3,0,1,0
5168,6,60.63,35.95,1,1,1,0
5169,11,129.5,6.01,1,0,1,0
5170,13,47.1,45.44,1,0,1,0
5171,2,53.89,40.48,1,0,1,0
5172,12,109.01,42.42,1,0,1,0
5173,19,43.21,15.86,1,0,1,0
5174,15,36.28,44.99,1,0,1,0
5175,2,9.41,67.94,1,0,1,0
5176,17,81.17,7.4,1,0,1,0
5177,7,166.42,22.23,3,0,1,0
5178,2,259.04,21.04,1,0,0,0
5179,0,253.72,0.01,1,0,0,0
5180,18,11.25,17.43,2,0,1,0
5181,9,126.63,36.56,1,0,1,0
5182,22,56.08,17.19,1,0,1,0
5183,22,57.19,7.26,1,0,1,0
5184,5,107.14,37.92,1,0,0,0
5185,23,59.4,1.82,1,0,1,0
5186,16,103.66,3.27,3,0,0,0
5187,2,813.88,27.57,1,0,1,1
5188,5,263.0,66.48,1,0,1,0
5189,2,2.8,49.93,1,0,1,0
5190,12,222.54,62.55,1,0,0,0
5191,0,100.2,36.7,1,0,0,1
5192,16,23.61,83.93,1,0,1,0
5193,1,41.91,3.82,1,0,1,0
5194,0,104.33,9.33,3,0,1,0
5195,13,93.57,63.06,1,0,1,0
5196,11,53.76,32.0,1,0,1,0
5197,6,59.8,14.21,1,0,1,0
5198,14,50.77,51.53,1,0,0,0
5199,19,154.16,5.44,1,0,0,0
5200,8,672.43,18.99,1,0,1,0
5201,11,96.56,31.24,1,0,0,0
5202,14,89.73,50.4,1,0,1,0
5203,18,22.57,9.88,2,0,1,0
5204,6,137.31,48.72,1,0,1,0
5205,15,32.18,18.89,1,0,1,0
5206,22,17.41,19.04,1,0,1,0
5207,0,75.8,17.4,1,0,1,0
5208,14,33.24,31.53,1,0,1,0
5209,2,89.35,2.64,2,0,1,0
5210,23,852.46,33.75,1,0,0,1
5211,22,28.28,35.43,1,0,1,0
5212,1,32.28,9.43,1,0,1,0
5213,13,52.82,26.22,1,0,1,0
5214,8,342.75,28.21,2,0,1,0
5215,8,11.57,54.01,1,0,1,0
5216,20,49.07,9.57,1,0,1,0
5217,7,43.36,95.0,1,0,1,0
5218,14,98.0,36.23,1,0,1,0
5219,5,26.96,43.31,2,0,0,0
5220,10,191.52,7.39,1,0,0,0
5221,2,62.51,42.53,1,0,1,0
5222,13,57.53,3.46,1,0,1,0
5223,1,97.75,10.48,1,0,1,0
5224,6,135.76,44.13,3,0,0,0
5225,8,37.43,34.31,1,0,0,0
5226,17,111.79,17.63,1,0,1,0
5227,14,37.32,13.54,1,0,1,0
5228,7,169.98,18.76,5,0,1,0
5229,4,115.39,17.78,1,0,0,0
5230,3,40.69,41.97,2,0,0,1
5231,9,37.24,13.66,1,0,1,0
5232,0,25.58,25.79,4,0,0,0
5233,20,197.16,37.68,2,0,0,0
5234,5,292.92,25.74,1,0,0,0
5235,23,24.3,25.45,1,0,0,0
5236,5,193.85,36.24,1,0,1,0
5237,5,189.85,16.84,1,0,1,0
5238,0,203.33,15.99,1,0,1,0
5239,18,29.78,2.12,2,0,1,0
5240,4,65.97,16.64,2,0,1,0
5241,8,265.4,37.93,2,0,1,1
5242,4,92.24,37.05,1,0,0,0
5243,10,39.1,1.06,1,0,0,0
5244,8,36.26,11.76,1,0,1,0
5245,5,91.41,12.67,1,0,1,0
5246,6,16.07,72.4,1,0,1,0
5247,14,75.67,7.73,1,0,0,0
5248,16,22.62,41.28,1,0,1,0
5249,19,127.37,10.16,1,0,1,0
5250,4,132.29,19.04,1,0,1,0
5251,19,154.14,8.93,1,0,0,0
5252,21,40.33,7.87,1,0,1,0
5253,14,8.41,8.68,1,0,1,0
5254,15,147.73,11.68,1,0,1,0
5255,20,145.81,6.89,2,0,1,0
5256,21,41.42,36.62,1,0,0,0
5257,12,10.8,0.91,1,1,1,0
5258,15,232.19,17.74,1,0,1,0
5259,2,114.71,12.08,1,0,1,0
5260,10,126.84,3.67,1,0,1,0
5261,8,33.01,45.39,1,0,0,0
5262,5,122.85,30.16,1,0,0,0
5263,14,178.02,13.2,1,0,0,0
5264,12,178.26,23.51,1,0,1,0
5265,11,37.74,20.92,1,1,0,0
5266,3,128.68,85.07,1,0,1,0
5267,19,44.24,37.65,1,0,0,1
5268,13,88.66,8.2,1,0,1,0
5269,6,48.53,38.17,2,0,1,0
5270,7,62.06,38.46,1,0,1,0
5271,23,36.6,23.31,1,1,0,0
5272,14,186.17,12.78,1,0,1,0
5273,4,285.14,42.85,1,0,1,0
5274,14,46.28,50.81,1,0,1,0
5275,15,79.61,25.62,1,0,1,0
5276,0,43.93,4.52,1,0,1,0
5277,19,113.69,3.24,4,0,1,0
5278,23,101.82,38.48,1,0,1,0
5279,0,186.44,42.94,1,0,1,0
5280,8,40.98,8.5,1,0,1,0
5281,23,36.52,5.43,1,0,1,0
5282,3,189.4,16.77,5,0,1,0
5283,2,41.32,13.07,3,0,1,0
5284,11,212.49,19.93,1,0,1,0
5285,0,57.08,27.7,2,0,1,0
5286,0,96.6,25.76,1,0,0,0
5287,8,245.24,19.63,1,0,1,0
5288,6,148.53,19.65,1,0,0,0
5289,9,122.78,9.65,4,0,0,0
5290,15,22.22,18.53,1,0,1,0
5291,3,142.3,29.77,1,0,0,0
5292,21,197.33,64.23,1,0,1,0
5293,3,95.17,6.4,1,0,1,0
5294,0,133.89,13.03,1,0,1,0
5295,21,97.32,28.73,1,1,1,0
5296,0,131.96,8.89,4,0,0,0
5297,20,42.2,32.72,3,0,1,0
5298,15,44.95,63.2,1,1,0,0
5299,20,134.72,20.97,1,0,1,0
5300,8,37.59,28.27,3,0,1,0
5301,3,52.08,26.08,1,0,1,0
5302,23,36.69,19.73,1,0,1,0
5303,9,102.52,7.46,1,0,0,0
5304,8,179.22,38.11,1,0,1,0
5305,2,42.59,2.0,1,0,1,0
5306,9,75.98,52.64,1,0,1,0
5307,4,228.5,31.66,2,0,1,0
5308,2,38.36,25.11,4,0,1,0
5309,12,49.5,61.36,2,0,1,0
5310,6,57.44,14.44,1,0,1,0
5311,16,17.53,4.51,1,0,1,0
5312,18,129.22,18.72,1,0,0,0
5313,16,108.44,20.01,3,0,1,0
5314,15,37.27,35.13,3,1,0,0
5315,2,114.91,17.97,1,0,1,0
5316,11,30.22,5.43,1,0,1,0
5317,4,80.88,23.76,1,0,1,0
5318,0,356.96,15.8,1,0,1,0
5319,3,100.89,17.38,1,0,1,0
5320,7,28.41,25.72,1,0,0,0
5321,6,147.26,32.63,1,0,0,0
5322,9,24.88,19.4,1,0,1,0
5323,10,142.68,13.63,4,0,1,0
5324,23,42.02,45.09,1,0,1,0
5325,16,36.65,30.03,1,0,1,0
5326,13,234.49,38.41,1,0,1,0
5327,6,90.23,48.57,3,0,1,0
5328,21,216.22,7.12,1,0,1,0
5329,15,111.95,45.72,1,0,1,0
5330,6,115.09,10.18,1,0,1,0
5331,2,61.66,58.12,1,0,0,0
5332,15,103.37,28.93,1,0,1,0
5333,11,67.11,45.45,3,0,1,0
5334,16,61.1,46.64,1,0,0,0
5335,9,44.39,13.59,1,0,1,0
5336,8,64.59,6.21,1,0,1,0
5337,22,68.93,60.52,1,0,1,0
5338,4,579.32,17.64,2,0,1,0
5339,7,43.91,8.33,1,0,0,0
5340,23,68.53,35.65,1,0,1,0
5341,22,65.51,32.95,1,0,1,0
5342,22,108.91,11.97,1,0,1,0
5343,16,25.94,6.56,2,0,1,0
5344,20,37.48,39.74,1,0,1,0
5345,23,272.53,1.73,4,0,1,0
5346,3,131.37,3.25,1,0,1,0
5347,20,19.92,2.42,1,0,1,0
5348,20,23.34,43.53,1,0,1,0
5349,12,51.88,35.25,1,0,0,0
5350,0,23.71,1.63,2,0,1,0
5351,5,39.07,47.53,3,0,1,0
5352,7,127.9,27.0,1,1,1,0
5353,11,137.21,0.67,1,0,1,0
5354,10,280.15,42.7,1,0,1,0
5355,8,151.95,10.29,1,0,1,0
5356,4,45.42,11.16,2,0,0,0
5357,3,99.44,34.72,1,0,1,0
5358,8,104.6,42.85,2,0,1,0
5359,9,9.2,49.75,1,0,1,0
5360,19,108.34,27.28,1,0,1,0
5361,2,71.15,50.52,1,0,0,0
5362,16,35.17,10.06,1,1,1,0
5363,5,26.66,5.84,2,0,1,0
5364,5,32.77,38.44,1,0,1,0
5365,3,59.78,16.93,1,0,1,0
5366,18,69.72,8.57,2,0,1,0
5367,19,601.62,1.08,1,0,1,0
5368,20,106.03,59.3,1,0,1,0
5369,6,65.08,39.97,1,0,1,0
5370,13,35.24,56.22,1,0,1,0
5371,10,191.37,52.07,1,0,0,0
5372,5,406.77,38.56,1,0,1,0
5373,16,54.21,3.31,1,0,1,0
5374,9,31.57,6.93,1,0,1,0
5375,15,240.24,11.0,1,0,1,0
5376,11,92.75,19.83,1,0,1,0
5377,7,79.81,29.01,1,0,1,0
5378,18,33.04,14.06,1,0,1,0
5379,0,70.41,13.02,1,0,1,0
5380,19,33.8,26.31,2,0,0,0
5381,17,68.02,27.15,2,0,0,0
5382,18,44.26,29.35,1,0,0,0
5383,8,174.0,48.57,1,0,1,0
5384,7,238.52,64.74,1,0,1,0
5385,16,272.68,70.06,1,0,1,0
5386,16,89.26,58.29,1,0,1,0
5387,14,34.95,0.14,1,0,1,0
5388,7,323.16,71.39,1,0,1,0
5389,10,21.19,28.83,1,0,1,0
5390,8,58.33,55.59,1,0,1,0
5391,2,56.52,53.08,2,0,0,0
5392,18,39.71,85.26,1,0,1,0
5393,4,106.44,15.48,1,1,1,0
5394,4,115.28,47.3,1,0,1,0
5395,8,219.26,11.38,1,0,1,0
5396,16,5.38,25.52,1,0,0,0
5397,20,180.47,18.82,1,1,1,0
5398,18,67.08,16.0,1,0,1,0
5399,22,129.36,4.68,1,0,0,0
5400,21,46.84,35.58,1,0,1,0
5401,15,59.75,11.78,1,0,1,0
5402,20,96.35,5.16,4,0,0,0
5403,18,66.89,14.5,1,0,1,0
5404,10,33.87,24.7,1,0,0,0
5405,6,45.13,31.37,1,0,1,0
5406,19,152.99,60.76,1,1,1,0
5407,11,27.34,0.21,2,0,0,0
5408,5,54.32,40.0,2,0,0,0
5409,4,123.64,2.54,1,0,0,0
5410,3,116.98,49.93,3,1,0,0
5411,16,262.94,50.05,1,0,0,0
5412,23,64.06,81.88,1,0,1,0
5413,13,68.43,6.04,1,0,1,0
5414,21,60.54,38.92,1,0,1,0
5415,11,29.35,32.3,1,0,1,0
5416,14,18.77,8.85,1,0,1,0
5417,13,39.1,43.78,1,0,1,0
5418,14,29.16,37.06,1,0,1,0
5419,3,89.47,3.21,1,1,1,1
5420,12,185.41,35.07,1,0,0,0
5421,8,52.51,6.13,1,0,1,0
5422,2,41.26,21.55,1,0,1,0
5423,21,116.35,5.24,1,0,1,0
5424,4,71.72,41.18,2,0,0,0
5425,21,147.08,49.88,2,0,1,0
5426,12,184.55,43.73,1,0,1,0
5427,7,71.38,1.56,1,0,0,0
5428,13,57.23,26.91,1,0,1,0
5429,19,41.9,60.42,1,0,0,0
5430,8,79.6,31.1,2,0,0,0
5431,16,31.78,12.55,1,0,1,0
5432,2,37.79,50.18,1,0,1,0
5433,23,92.69,1.9,1,1,1,0
5434,9,14.96,34.59,1,0,0,0
5435,6,5.62,45.46,2,0,0,0
5436,21,290.32,47.37,1,0,1,1
5437,0,46.08,26.11,1,0,1,0
5438,7,12.99,59.66,1,0,1,0
5439,2,73.47,2.87,1,0,1,0
5440,19,99.91,11.61,2,0,1,0
5441,14,22.93,11.4,1,0,1,0
5442,0,72.51,91.6,1,0,0,0
5443,4,141.55,35.56,2,0,1,0
5444,23,174.31,87.74,1,0,1,0
5445,1,83.89,21.87,2,0,0,0
5446,23,30.73,32.49,1,0,1,0
5447,9,70.53,80.95,1,0,1,0
5448,22,62.98,38.13,2,0,1,0
5449,5,26.56,49.82,1,0,1,0
5450,12,62.58,21.39,1,0,1,0
5451,17,316.91,96.2,1,0,0,0
5452,21,167.73,48.94,2,0,1,0
5453,21,99.1,4.38,1,0,1,0
5454,22,57.97,68.42,1,0,1,0
5455,19,36.24,9.25,1,0,1,0
5456,0,138.78,22.34,1,0,1,0
5457,7,92.94,67.89,2,0,1,0
5458,7,33.41,2.05,4,0,0,0
5459,21,44.45,20.89,1,1,1,0
5460,10,174.79,12.81,1,0,0,0
5461,4,26.48,34.91,4,0,1,0
5462,3,137.99,15.9,1,0,1,0
5463,23,337.16,40.28,1,1,1,1
5464,8,94.5,17.47,1,0,1,0
5465,19,61.81,31.47,5,0,1,0
5466,14,149.44,11.81,3,0,1,0
5467,5,40.92,6.4,1,0,1,0
5468,9,64.03,38.94,1,0,1,0
5469,17,19.67,2.34,1,0,1,0
5470,23,37.79,40.35,1,0,1,0
5471,9,71.58,20.19,1,0,1,0
5472,5,49.37,13.61,1,0,1,0
5473,15,58.34,39.32,1,0,1,0
5474,11,59.99,2.24,1,0,0,0
5475,11,304.56,35.13,1,0,1,0
5476,19,73.61,7.79,2,0,0,0
5477,12,63.8,46.47,1,0,0,0
5478,1,106.86,9.14,1,0,1,0
5479,20,17.39,32.81,1,0,0,0
5480,5,107.83,40.67,1,0,1,0
5481,4,197.96,3.48,2,0,1,0
5482,15,98.81,60.7,1,0,0,0
5483,17,129.33,2.45,1,0,1,0
5484,9,98.69,11.89,1,0,0,0
5485,11,38.23,21.21,1,0,1,0
5486,21,53.71,25.22,1,0,1,0
5487,21,35.88,18.04,1,0,1,0
5488,0,95.16,28.85,1,0,1,1
5489,21,213.99,53.06,2,1,1,0
5490,11,98.04,44.15,1,0,1,0
5491,19,114.08,43.19,1,0,1,0
5492,16,20.16,20.62,3,0,1,0
5493,17,64.69,46.31,1,1,1,0
5494,6,49.76,24.3,1,1,0,0
5495,18,14.16,3.38,1,0,1,0
5496,8,201.04,29.1,1,0,0,0
5497,18,221.92,35.9,1,0,1,0
5498,4,32.92,46.26,1,0,1,0
5499,8,96.34,54.23,1,0,1,0
5500,7,57.74,22.77,1,0,0,0
5501,18,124.25,74.96,1,0,1,0
5502,17,38.45,64.93,1,0,1,0
5503,22,170.27,59.92,1,0,1,0
5504,3,81.75,42.8,2,0,1,0
5505,23,9.55,29.33,3,0,1,0
5506,8,18.03,21.21,1,0,1,0
5507,19,62.09,32.55,1,0,1,0
5508,21,18.01,14.85,1,0,1,0
5509,21,139.42,1.07,1,0,1,0
5510,8,94.98,55.14,2,0,1,0
5511,10,111.83,30.37,1,0,1,0
5512,20,33.28,38.64,1,0,1,0
5513,1,548.96,0.08,1,0,1,0
5514,11,76.81,21.1,1,0,1,0
5515,10,306.04,49.1,1,0,1,0
5516,2,53.37,2.75,1,0,1,0
5517,3,145.78,31.95,1,0,1,0
5518,6,27.16,31.81,1,0,1,0
5519,1,92.6,19.48,1,0,1,0
5520,18,38.31,41.04,2,0,0,0
5521,18,180.16,9.07,1,0,1,0
5522,14,347.27,83.45,1,0,1,0
5523,4,121.53,4.07,1,0,1,0
5524,3,168.0,34.69,1,0,1,0
5525,2,430.85,26.64,2,0,1,0
5526,9,18.53,31.62,2,0,0,0
5527,2,67.69,30.39,1,0,1,0
5528,15,43.75,36.3,1,0,1,0
5529,23,158.54,38.49,2,0,1,0
5530,0,703.81,37.73,1,0,1,0
5531,4,27.03,49.29,1,0,0,0
5532,13,43.28,32.44,3,0,1,0
5533,15,173.43,35.0,5,0,0,1
5534,20,66.96,13.18,3,0,0,0
5535,7,164.07,21.78,1,0,1,0
5536,18,156.62,10.57,4,0,1,0
5537,19,92.48,58.34,1,0,1,0
5538,13,45.94,55.93,3,0,0,0
5539,6,133.8,8.49,1,0,1,0
5540,8,435.87,62.1,1,0,0,0
5541,1,317.18,61.02,1,0,1,0
5542,9,83.06,42.02,1,1,1,0
5543,7,538.2,31.35,1,0,1,0
5544,17,245.17,10.96,1,0,1,0
5545,18,117.21,30.69,1,0,0,0
5546,18,147.03,38.8,1,0,1,0
5547,18,65.75,1.67,1,0,0,0
5548,1,28.39,42.76,4,0,1,0
5549,3,98.72,31.37,2,0,1,0
5550,6,54.65,27.37,1,0,1,0
5551,15,12.72,72.41,1,0,1,0
5552,16,25.18,8.16,2,0,1,0
5553,2,78.94,38.36,4,0,1,0
5554,21,76.24,73.14,2,1,0,1
5555,12,28.27,1.23,1,0,0,0
5556,11,87.67,40.39,2,0,1,0
5557,22,124.76,20.06,1,0,1,0
5558,1,37.14,29.82,1,0,0,0
5559,6,38.28,51.26,1,0,1,0
5560,15,42.94,18.82,1,0,0,0
5561,5,129.07,19.97,1,0,1,0
5562,11,40.76,28.0,1,0,1,0
5563,20,101.42,18.17,1,1,1,0
5564,3,16.07,17.91,1,0,1,0
5565,2,226.16,14.42,1,0,1,0
5566,20,8.11,36.77,1,0,0,0
5567,16,31.62,17.34,4,0,0,0
5568,10,31.96,45.35,1,0,1,0
5569,22,71.52,11.05,1,0,1,0
5570,9,28.7,49.4,2,0,1,0
5571,15,260.69,60.67,3,0,1,0
5572,15,13.25,35.43,1,0,1,0
5573,14,86.13,35.64,1,0,0,0
5574,21,155.15,2.68,1,0,1,0
5575,19,96.46,33.35,1,0,0,0
5576,19,227.54,46.38,1,0,1,0
5577,17,168.34,37.04,1,0,1,0
5578,21,91.53,24.93,1,0,0,0
5579,15,21.91,42.33,1,0,1,0
5580,0,33.41,13.34,1,0,0,0
5581,18,49.97,28.12,1,0,1,0
5582,0,90.44,24.55,1,0,1,0
5583,15,134.85,27.02,4,0,0,0
5584,19,35.19,59.74,3,0,1,0
5585,19,70.26,9.7,1,0,1,0
5586,12,18.66,0.67,1,0,1,0
5587,7,73.45,72.39,1,0,1,0
5588,17,79.54,57.64,1,0,1,0
5589,0,60.11,7.14,2,0,1,0
5590,13,44.29,19.59,1,0,1,0
5591,4,289.43,6.11,1,0,0,1
5592,4,140.69,38.95,1,0,1,0
5593,5,11.4,42.77,2,0,0,0
5594,16,169.32,18.69,4,0,1,0
5595,11,42.12,7.65,1,0,1,0
5596,6,39.15,24.08,1,0,1,0
5597,0,11.66,9.21,1,0,1,0
5598,5,10.44,34.02,1,0,1,0
5599,9,92.29,3.37,1,0,0,0
5600,18,44.19,45.01,3,0,0,0
5601,9,276.79,53.63,1,0,1,0
5602,19,51.51,5.59,2,0,1,0
5603,9,193.17,52.54,1,0,1,0
5604,6,36.28,35.26,1,0,0,0
5605,14,120.03,21.81,1,0,0,0
5606,23,79.4,0.13,1,0,1,0
5607,13,114.78,16.36,2,0,1,0
5608,9,36.46,28.3,1,0,1,0
5609,6,88.86,38.76,4,0,0,0
5610,6,49.41,15.81,2,1,0,0
5611,23,681.82,23.71,1,0,1,1
5612,7,289.38,26.36,1,0,0,0
5613,12,13.52,54.27,1,0,0,0
5614,3,204.39,8.28,2,0,1,0
5615,2,41.32,24.24,1,0,0,0
5616,1,83.66,27.9,1,0,0,0
5617,11,157.54,57.6,1,0,0,0
5618,2,160.33,64.14,1,0,1,0
5619,0,111.31,2.57,1,0,1,0
5620,16,167.48,11.22,1,0,1,0
5621,23,26.43,40.53,2,0,0,0
5622,8,27.02,9.4,1,0,0,0
5623,8,48.35,12.19,1,0,1,0
5624,22,225.57,38.53,1,0,0,0
5625,11,85.22,15.7,1,0,1,0
5626,18,64.25,56.25,1,0,1,0
5627,17,328.98,38.63,1,0,1,0
5628,8,14.25,67.5,1,0,0,0
5629,14,90.62,8.84,2,0,1,0
5630,17,4.57,45.96,4,0,1,0
5631,7,123.55,61.51,1,0,1,0
5632,11,210.8,3.69,1,0,1,0
5633,15,102.74,30.73,1,0,0,0
5634,3,45.78,43.26,2,0,1,0
5635,21,26.46,35.66,2,0,1,0
5636,13,88.01,51.46,1,0,1,0
5637,2,156.96,53.43,1,0,1,0
5638,8,95.58,9.11,5,0,1,0
5639,6,164.09,34.38,2,0,0,1
5640,19,1091.79,67.47,1,0,0,1
5641,9,12.76,4.11,1,0,0,0
5642,18,13.95,19.63,3,0,1,0
5643,3,162.89,55.72,4,0,1,0
5644,8,42.27,17.25,2,0,1,0
5645,2,23.48,11.08,3,0,0,0
5646,16,44.6,7.3,1,0,1,0
5647,19,113.22,9.92,1,0,1,0
5648,19,76.92,28.54,1,0,1,0
5649,8,7.56,50.93,1,0,1,0
5650,14,147.25,24.21,1,0,1,0
5651,23,158.82,34.64,1,0,1,0
5652,7,109.47,30.14,1,0,1,0
5653,12,62.98,37.29,2,0,1,0
5654,13,12.47,17.95,1,0,1,0
5655,22,17.55,5.33,2,0,1,0
5656,15,49.61,32.85,1,0,1,0
5657,8,32.02,5.91,1,0,1,0
5658,2,95.28,74.53,1,0,1,0
5659,16,18.92,6.61,1,0,1,0
5660,17,132.79,5.65,1,0,1,0
5661,10,274.31,2.3,1,0,0,0
5662,14,111.8,41.91,1,0,1,0
5663,10,22.42,23.64,2,1,1,0
5664,23,41.19,53.41,2,0,1,0
5665,7,30.55,5.79,1,1,0,0
5666,11,53.38,33.84,1,0,1,0
5667,4,23.95,27.93,1,0,1,0
5668,3,127.94,41.82,1,0,1,0
5669,6,48.0,8.28,1,0,1,0
5670,13,62.52,34.73,1,0,1,0
5671,8,78.87,51.85,1,0,1,0
5672,4,95.35,30.27,3,0,1,0
5673,1,46.25,41.65,1,0,1,0
5674,10,161.54,28.46,3,0,1,0
5675,8,28.76,43.13,1,0,1,0
5676,20,24.38,60.7,2,0,1,0
5677,19,241.29,5.22,1,0,1,0
5678,15,340.31,39.14,2,0,0,0
5679,21,71.74,22.48,1,1,1,0
5680,15,171.07,11.58,4,0,1,0
5681,8,26.08,37.96,1,0,1,0
5682,4,19.52,62.71,1,0,0,0
5683,3,212.95,14.24,1,0,1,0
5684,17,75.69,53.57,2,0,0,0
5685,11,64.84,39.45,1,0,0,0
5686,13,24.47,30.74,1,1,0,0
5687,18,123.69,24.14,2,0,0,0
5688,15,23.15,7.49,1,0,1,0
5689,4,35.59,79.54,3,0,1,0
5690,1,59.43,16.47,2,0,1,0
5691,19,52.1,18.74,1,0,1,0
5692,17,118.29,108.57,1,0,1,0
5693,6,78.07,7.28,1,0,1,0
5694,3,37.71,21.92,1,0,0,0
5695,3,54.64,0.27,1,0,1,0
5696,18,533.85,12.95,1,1,1,0
5697,1,83.44,67.78,2,0,0,0
5698,6,60.52,33.39,2,0,0,0
5699,6,31.59,8.62,1,0,1,0
5700,12,56.93,41.12,1,0,0,0
5701,9,96.18,31.69,1,0,1,0
5702,22,56.29,21.07,1,0,1,0
5703,21,84.46,21.77,1,0,0,0
5704,2,102.05,41.7,1,0,1,0
5705,5,70.84,71.73,1,0,0,0
5706,16,40.31,26.92,3,0,1,0
5707,14,61.63,33.13,1,0,0,0
5708,20,70.76,15.33,1,0,0,0
5709,0,37.1,25.63,1,0,1,0
5710,6,28.44,30.4,1,0,1,0
5711,9,6.49,30.88,1,0,0,0
5712,20,625.84,4.26,1,0,1,0
5713,6,109.79,24.79,1,0,1,0
5714,11,193.19,59.17,2,0,1,0
5715,12,157.62,2.43,3,0,1,0
5716,7,36.86,6.77,4,0,1,0
5717,13,37.87,7.7,1,0,0,0
5718,23,110.77,9.12,1,0,1,0
5719,13,37.4,101.93,1,0,1,0
5720,2,21.16,19.29,1,0,1,0
5721,14,101.0,5.76,1,0,0,0
5722,20,9.17,0.04,1,0,1,0
5723,14,222.27,29.83,1,0,1,0
5724,3,202.4,64.36,1,0,1,0
5725,4,271.49,39.31,1,0,1,0
5726,11,19.14,18.66,1,0,1,0
5727,19,47.2,80.38,1,0,0,0
5728,1,82.98,11.56,5,0,1,0
5729,17,56.12,71.99,1,0,1,0
5730,22,87.35,11.5,5,1,1,0
5731,14,38.96,55.25,1,0,1,0
5732,8,21.62,5.8,4,0,1,0
5733,7,133.42,6.94,1,0,1,0
5734,13,112.99,27.21,1,0,1,0
5735,15,29.37,41.54,1,0,0,0
5736,16,567.48,15.06,1,0,1,0
5737,0,97.55,23.8,1,0,1,0
5738,10,29.46,36.5,1,0,1,0
5739,23,96.07,21.76,2,0,1,0
5740,18,40.93,42.39,1,0,1,0
5741,14,38.18,9.69,2,0,1,0
5742,7,66.92,6.34,1,0,0,0
5743,19,48.09,17.61,2,0,0,0
5744,11,29.99,32.91,1,0,1,0
5745,2,24.89,24.79,1,0,1,0
5746,11,12.26,18.27,1,0,0,0
5747,5,41.08,0.46,1,0,0,0
5748,19,20.83,25.44,1,0,1,0
5749,2,212.4,1.37,1,0,1,0
5750,18,251.55,5.97,1,0,0,0
5751,22,138.2,53.75,1,0,0,0
5752,22,283.36,6.81,1,0,0,0
5753,18,133.03,6.84,1,0,0,0
5754,18,107.46,15.84,1,0,1,0
5755,0,125.63,11.48,1,0,1,0
5756,17,83.84,45.61,1,0,0,0
5757,16,85.98,10.78,1,0,0,0
5758,7,228.29,6.82,1,1,1,0
5759,5,420.65,60.75,1,0,1,0
5760,10,61.32,1.73,1,0,0,0
5761,12,61.06,31.55,2,0,1,0
5762,10,23.54,18.9,1,0,0,0
5763,11,24.13,53.59,1,0,1,0
5764,17,158.77,22.68,2,0,0,0
5765,19,49.24,41.57,2,0,1,0
5766,2,266.35,32.63,1,0,1,0
5767,18,37.63,28.27,1,0,0,0
5768,8,104.7,42.47,1,0,1,0
5769,13,192.48,41.07,1,0,1,0
5770,7,78.55,43.73,1,1,1,0
5771,0,35.31,33.23,1,0,1,0
5772,13,207.6,28.67,1,0,1,0
5773,17,45.33,19.05,1,0,1,0
5774,11,29.46,38.48,1,0,1,0
5775,10,68.07,32.36,1,1,1,0
5776,23,390.74,39.63,4,0,0,1
5777,13,15.5,1.02,1,0,0,0
5778,11,63.26,5.26,1,0,1,0
5779,10,103.25,49.99,1,0,1,0
5780,19,98.27,14.49,1,0,1,0
5781,4,9.18,43.38,1,0,1,0
5782,19,118.72,37.0,1,0,0,0
5783,7,44.0,7.76,1,0,1,0
5784,20,17.49,15.54,1,0,0,0
5785,0,25.73,6.88,1,0,0,0
5786,23,8.37,21.97,2,0,1,0
5787,19,751.42,39.91,1,0,1,0
5788,8,97.85,3.91,1,0,1,0
5789,9,19.01,11.29,1,0,1,0
5790,3,131.83,20.32,1,0,1,0
5791,12,122.01,11.94,1,0,1,0
5792,21,281.45,29.22,1,0,1,0
5793,13,37.09,0.75,1,0,1,0
5794,7,54.51,5.77,2,0,0,0
5795,3,10.86,14.39,2,0,1,0
5796,16,20.39,29.42,1,0,1,0
5797,0,105.33,12.77,1,1,0,0
5798,18,54.41,2.6,2,0,1,0
5799,17,71.75,53.37,1,0,1,0
5800,16,28.9,4.72,2,0,1,0
5801,9,101.44,0.95,1,0,1,0
5802,0,367.23,63.23,1,0,1,1
5803,0,33.26,1.02,1,0,1,0
5804,0,18.6,18.81,1,0,1,0
5805,5,34.86,24.54,2,0,1,0
5806,10,88.03,9.8,1,0,0,0
5807,21,173.73,39.22,2,0,1,0
5808,14,111.99,92.84,1,0,1,0
5809,12,426.31,14.24,1,0,0,0
5810,2,21.32,8.69,1,0,1,0
5811,19,89.55,26.85,1,0,1,0
5812,22,54.47,45.3,2,0,1,0
5813,20,84.95,26.66,1,0,0,0
5814,20,524.98,39.6,1,0,1,0
5815,10,20.05,35.76,1,0,1,0
5816,10,20.77,1.6,2,0,0,0
5817,13,41.8,13.43,2,0,1,1
5818,5,12.51,19.89,1,0,1,0
5819,21,125.96,2.46,1,0,1,0
5820,10,151.39,64.51,1,0,1,0
5821,16,37.42,32.06,1,0,1,0
5822,10,31.86,2.56,4,0,1,0
5823,13,229.39,16.37,1,0,0,0
5824,10,63.67,0.87,1,0,1,0
5825,0,112.33,2.99,1,0,1,0
5826,4,25.2,42.24,3,0,0,0
5827,13,276.72,78.07,1,0,1,0
5828,3,56.68,76.91,1,0,1,0
5829,14,72.29,73.28,1,0,1,0
5830,6,25.25,29.36,1,0,1,0
5831,10,54.3,11.37,1,0,0,0
5832,2,56.41,12.46,1,0,1,0
5833,9,55.41,87.49,1,0,0,0
5834,0,51.05,3.39,4,0,1,0
5835,19,82.03,58.22,1,0,1,0
5836,18,90.97,12.46,1,0,1,0
5837,20,93.71,36.83,1,0,1,0
5838,19,44.78,23.32,3,0,1,0
5839,14,42.04,35.15,1,0,1,0
5840,13,74.67,47.34,3,0,1,0
5841,6,25.01,26.99,1,0,0,0
5842,9,111.61,12.59,1,0,0,0
5843,21,440.07,42.11,1,0,1,0
5844,1,63.99,30.9,1,0,1,0
5845,10,89.12,51.93,2,0,1,0
5846,3,44.32,38.32,1,0,1,0
5847,17,61.62,13.7,1,0,1,0
5848,8,14.3,21.67,2,0,0,0
5849,10,125.77,11.39,1,0,1,0
5850,15,148.51,26.17,4,0,0,0
5851,8,32.85,26.45,1,0,1,0
5852,23,161.52,6.06,1,0,1,0
5853,4,32.4,39.18,1,0,1,0
5854,22,235.98,30.28,2,0,1,0
5855,14,35.72,31.52,1,0,1,0
5856,12,5.22,19.64,2,0,1,0
5857,15,157.59,6.79,1,0,0,0
5858,21,54.36,21.46,1,0,1,0
5859,4,110.57,28.09,1,0,1,0
5860,7,66.98,51.79,1,0,0,0
5861,2,72.8,34.3,1,0,0,0
5862,12,135.07,32.34,1,0,0,0
5863,7,25.09,21.61,1,0,1,0
5864,20,65.73,42.6,1,0,1,0
5865,0,103.88,2.53,1,0,1,0
5866,22,50.89,8.59,1,0,0,0
5867,10,52.91,18.5,1,0,1,0
5868,21,52.46,1.81,1,0,1,0
5869,8,94.62,50.65,1,1,1,0
5870,21,110.07,12.52,3,0,1,0
5871,23,101.6,42.91,4,0,1,0
5872,10,21.14,24.55,1,0,0,0
5873,18,23.53,11.89,1,0,1,0
5874,14,187.72,45.92,1,0,1,0
5875,20,276.49,50.96,1,0,0,0
5876,19,79.31,8.7,1,0,1,0
5877,4,67.96,11.96,1,0,1,0
5878,5,107.06,53.78,2,0,1,0
5879,19,50.93,3.33,1,0,0,0
5880,23,21.11,14.23,2,0,0,0
5881,10,104.63,27.0,1,0,1,0
5882,19,33.22,31.38,3,0,1,0
5883,10,83.99,42.09,1,0,0,0
5884,23,70.14,38.68,2,0,1,0
5885,11,263.82,1.55,1,0,1,0
5886,1,69.14,35.14,1,0,1,0
5887,7,29.16,12.95,1,1,1,0
5888,18,72.45,7.97,3,0,0,0
5889,5,54.49,0.89,1,0,1,0
5890,18,661.76,14.35,1,0,1,0
5891,21,34.68,5.38,1,0,0,0
5892,2,29.7,38.22,2,0,0,0
5893,3,116.22,29.68,1,0,1,0
5894,16,44.98,32.35,1,0,1,0
5895,2,171.49,1.11,1,0,0,0
5896,8,87.1,5.72,2,0,0,0
5897,3,251.79,38.6,3,0,1,0
5898,20,159.85,8.8,1,0,0,0
5899,5,50.8,15.1,4,0,0,0
5900,7,23.39,33.1,1,0,0,0
5901,22,97.07,19.38,1,0,0,0
5902,3,108.59,48.83,3,0,1,0
5903,13,32.81,66.14,1,0,1,0
5904,16,37.81,41.87,2,0,0,0
5905,3,317.39,51.85,2,0,0,0
5906,3,86.98,4.57,3,0,1,0
5907,1,12.0,8.78,1,0,1,0
5908,8,344.8,11.94,2,0,1,0
5909,2,31.47,4.82,1,0,1,0
5910,20,82.81,28.19,1,0,0,0
5911,17,13.46,38.53,1,0,1,0
5912,2,121.75,12.73,1,0,1,0
5913,16,38.95,5.39,1,0,0,0
5914,9,37.31,75.97,1,0,1,0
5915,13,26.46,20.76,1,0,1,0
5916,23,92.16,13.43,1,0,1,0
5917,21,13.16,25.19,1,0,1,0
5918,3,39.39,49.66,1,0,1,0
5919,17,100.63,13.24,1,0,1,0
5920,2,76.66,12.17,1,0,1,0
5921,8,24.82,60.68,1,0,1,0
5922,18,61.99,71.06,4,0,1,0
5923,13,24.84,14.01,1,0,1,0
5924,0,165.41,31.89,2,0,1,0
5925,3,323.44,26.98,2,0,1,0
5926,20,64.73,20.26,3,0,1,0
5927,5,156.11,46.67,2,0,1,0
5928,12,64.25,10.91,1,0,1,0
5929,3,162.26,18.03,1,0,1,0
5930,5,12.68,18.49,1,0,1,0
5931,22,625.74,31.85,2,0,1,0
5932,17,17.4,4.51,1,0,0,0
5933,16,116.62,40.86,1,0,1,0
5934,15,79.78,19.44,2,0,1,0
5935,7,26.04,1.26,1,0,1,0
5936,13,52.08,9.63,1,0,1,0
5937,3,50.79,74.86,1,0,1,0
5938,19,26.12,18.14,1,0,1,0
5939,0,47.58,9.09,1,0,1,0
5940,16,62.27,11.12,1,0,1,0
5941,13,54.1,79.09,1,0,1,0
5942,22,337.15,5.04,1,0,1,0
5943,3,54.48,22.08,3,0,1,0
5944,3,109.46,7.64,2,0,0,0
5945,11,16.0,44.89,1,0,1,0
5946,17,452.05,13.65,1,0,1,0
5947,14,78.47,13.44,1,0,0,0
5948,14,148.74,22.98,4,0,1,0
5949,2,195.52,13.01,1,0,0,0
5950,14,165.48,36.04,1,0,0,0
5951,16,19.26,1.91,1,0,0,0
5952,2,54.6,58.72,1,0,1,0
5953,15,135.59,10.57,3,0,0,0
5954,8,56.01,22.54,1,0,1,0
5955,1,29.57,24.88,5,0,1,0
5956,11,31.64,25.61,1,0,1,0
5957,1,132.03,46.3,2,0,1,0
5958,11,73.07,32.13,2,0,1,0
5959,14,38.62,34.92,1,0,1,0
5960,23,32.85,16.6,1,0,0,0
5961,5,9.98,22.74,2,0,1,0
5962,15,223.58,13.01,1,0,0,0
5963,17,14.96,4.59,1,0,1,0
5964,19,75.83,95.42,1,0,1,0
5965,9,63.57,8.43,1,0,1,0
5966,22,87.76,60.37,1,0,1,0
5967,20,111.03,1.75,1,0,1,0
5968,10,19.15,40.91,1,0,1,0
5969,8,116.32,10.88,1,0,0,0
5970,0,27.26,28.41,1,0,0,0
5971,15,70.21,9.23,1,0,0,0
5972,14,242.55,22.95,1,0,1,0
5973,0,366.01,59.35,1,0,1,0
5974,13,42.16,32.42,1,0,1,0
5975,4,105.2,23.85,1,0,1,0
5976,23,59.17,12.37,1,0,1,0
5977,13,660.63,22.04,1,0,1,0
5978,1,116.72,21.03,2,0,1,0
5979,8,58.56,8.71,1,0,1,0
5980,6,79.61,23.0,3,0,0,0
5981,3,73.76,39.05,1,0,0,0
5982,14,214.41,29.97,2,0,1,0
5983,21,95.93,44.32,1,0,1,0
5984,17,253.11,74.36,1,0,0,0
5985,16,28.79,5.11,1,0,0,0
5986,18,286.19,10.35,1,0,1,0
5987,3,158.13,33.78,3,0,1,0
5988,18,87.13,23.49,1,0,1,0
5989,18,38.12,72.48,1,0,1,0
5990,10,74.2,8.9,1,0,1,0
5991,9,46.36,5.9,1,0,1,0
5992,9,112.36,13.45,2,0,1,0
5993,4,74.67,0.02,1,0,1,0
5994,5,257.04,34.24,1,0,0,0
5995,5,259.51,6.39,2,0,1,0
5996,14,49.21,21.74,1,0,1,0
5997,6,90.53,3.93,1,0,0,0
5998,23,52.49,36.38,1,0,0,0
5999,10,110.91,2.28,1,0,1,0
6000,4,290.05,13.38,1,0,1,0
6001,15,80.77,54.06,1,0,1,0
6002,14,73.17,55.27,1,1,1,0
6003,9,19.6,9.15,3,0,1,0
6004,3,46.18,58.75,2,0,1,0
6005,15,18.76,29.97,2,0,0,0
6006,7,85.98,30.83,1,0,1,0
6007,0,254.09,8.6,1,0,1,0
6008,11,124.51,57.16,1,0,0,0
6009,17,290.17,22.1,1,1,0,0
6010,22,120.63,11.69,1,0,1,0
6011,22,146.11,11.91,2,0,0,0
6012,21,62.58,4.33,1,0,1,0
6013,3,64.08,26.32,2,0,0,0
6014,4,100.95,15.89,1,1,1,0
6015,0,43.74,26.72,2,0,1,0
6016,5,37.21,5.88,1,0,0,0
6017,15,57.61,14.88,1,0,1,0
6018,1,32.67,17.95,1,1,1,0
6019,10,52.11,60.65,1,0,0,0
6020,21,262.16,35.14,2,0,1,0
6021,9,53.9,32.56,3,0,1,0
6022,3,22.21,28.7,1,0,0,0
6023,22,194.53,4.57,1,0,1,0
6024,5,41.14,25.75,1,0,1,0
6025,7,34.94,20.32,1,0,1,0
6026,10,25.29,0.17,1,0,1,0
6027,13,206.49,63.93,1,0,1,0
6028,19,309.49,62.56,1,0,1,0
6029,20,29.25,12.14,1,0,1,0
6030,10,68.93,15.48,1,0,0,0
6031,23,264.62,26.32,1,0,1,0
6032,10,91.99,20.45,1,0,0,0
6033,3,82.25,4.76,1,0,1,0
6034,15,190.44,6.16,2,0,1,0
6035,11,23.32,6.54,1,0,1,0
6036,12,16.96,13.04,1,0,0,0
6037,19,258.56,12.2,1,0,0,1
6038,11,19.83,20.54,1,0,0,0
6039,18,17.55,7.55,1,0,1,0
6040,7,16.08,17.57,1,0,1,0
6041,21,66.03,2.18,2,0,0,0
6042,8,100.63,12.07,1,0,0,0
6043,18,108.15,10.57,1,0,0,0
6044,21,148.22,61.12,1,0,0,0
6045,23,51.46,23.27,1,0,1,0
6046,17,47.52,11.35,1,0,1,0
6047,5,173.96,23.16,1,0,1,0
6048,16,17.0,6.21,1,0,0,0
6049,21,49.25,52.01,1,0,1,0
6050,8,14.42,10.23,1,0,1,0
6051,1,141.46,71.37,1,0,1,0
6052,0,11.77,38.74,1,0,1,0
6053,23,298.0,16.13,1,0,1,0
6054,9,54.78,25.39,1,0,0,0
6055,18,192.4,3.76,2,0,1,0
6056,14,5.85,16.87,3,0,1,0
6057,14,243.91,18.96,1,0,1,0
6058,16,52.9,10.02,1,0,0,0
6059,17,45.95,7.9,2,0,0,0
6060,14,423.82,3.7,1,0,1,0
6061,12,4.46,35.56,1,0,1,0
6062,10,410.24,48.23,1,0,1,0
6063,20,74.53,10.33,2,0,1,0
6064,15,84.88,19.85,2,0,0,0
6065,13,73.42,31.18,1,0,1,0
6066,8,132.52,11.98,1,0,0,0
6067,2,20.43,1.19,2,0,0,0
6068,22,155.29,17.99,1,0,0,0
6069,6,17.48,29.91,1,0,1,0
6070,22,252.13,71.74,1,0,1,0
6071,11,119.08,3.39,1,0,0,0
6072,20,140.22,57.37,1,0,1,0
6073,5,37.44,1.91,1,0,1,0
6074,23,38.05,54.43,1,0,1,0
6075,14,89.78,12.76,2,0,0,0
6076,12,65.02,9.18,1,0,1,0
6077,3,160.62,20.78,1,0,0,0
6078,17,18.68,9.65,1,0,1,0
6079,12,32.11,87.42,2,0,1,0
6080,11,53.96,61.99,2,0,1,0
6081,10,58.75,31.68,1,0,1,0
6082,0,118.53,30.42,1,0,1,0
6083,0,42.73,39.13,1,0,1,0
6084,7,54.97,2.51,2,0,1,0
6085,20,169.09,4.31,2,0,1,0
6086,8,191.55,17.37,3,0,1,0
6087,10,102.48,27.23,1,0,1,0
6088,12,397.63,44.33,1,0,0,0
6089,6,26.9,42.1,1,0,1,0
6090,8,81.8,25.69,1,0,1,0
6091,5,105.24,30.13,1,0,1,0
6092,4,284.02,12.28,2,0,1,0
6093,17,59.36,21.21,1,0,1,0
6094,18,114.06,3.8,1,0,1,0
6095,13,37.98,17.23,3,1,1,0
6096,3,54.18,10.82,1,0,1,0
6097,0,68.76,31.67,3,0,1,0
6098,22,54.28,27.27,1,0,1,0
6099,11,51.13,14.09,1,0,1,0
6100,0,327.01,9.02,5,0,1,1
6101,14,97.53,36.82,1,0,1,0
6102,4,43.48,14.95,1,0,1,0
6103,19,72.02,21.09,1,0,0,0
6104,20,65.23,35.99,4,0,0,0
6105,8,29.11,40.05,1,0,0,0
6106,8,29.09,35.66,1,0,1,0
6107,8,67.22,12.22,1,0,1,0
6108,2,23.21,51.08,1,0,0,0
6109,18,47.06,10.82,1,0,0,0
6110,18,6.06,40.62,1,0,1,0
6111,8,71.37,28.55,1,0,1,0
6112,22,29.87,30.38,1,1,1,0
6113,17,78.8,28.3,1,0,0,0
6114,7,97.65,28.87,2,0,1,0
6115,23,67.98,53.39,2,0,1,0
6116,11,41.95,18.96,1,0,1,0
6117,20,53.41,0.99,1,0,0,0
6118,18,24.49,9.8,1,0,0,0
6119,19,117.86,49.83,1,0,0,0
6120,7,37.89,29.52,2,0,0,0
6121,1,37.01,38.76,1,0,1,0
6122,15,29.01,8.54,2,0,1,0
6123,16,152.17,48.47,1,0,0,0
6124,5,59.82,16.35,1,1,1,0
6125,22,46.93,58.27,1,1,0,0
6126,9,206.32,51.14,1,0,1,0
6127,21,422.4,42.77,1,0,1,0
6128,7,88.79,50.34,1,0,1,0
6129,21,168.65,20.17,1,0,0,0
6130,15,15.75,9.25,1,0,1,0
6131,2,87.25,12.57,1,0,1,0
6132,11,91.5,21.01,3,0,1,0
6133,20,28.81,85.42,1,0,1,0
6134,21,147.01,1.72,1,0,1,0
6135,4,78.87,32.2,1,0,1,0
6136,12,38.73,20.75,1,0,1,0
6137,9,81.8,63.0,2,0,0,1
6138,2,82.23,45.85,1,0,0,0
6139,5,37.93,29.23,1,0,1,0
6140,20,96.97,58.97,1,0,1,0
6141,2,11.46,13.12,2,0,0,0
6142,19,149.58,40.4,1,0,0,0
6143,1,81.18,85.94,1,0,1,0
6144,17,108.12,49.7,4,0,1,0
6145,5,55.83,84.3,1,0,1,1
6146,18,229.52,25.2,1,0,1,0
6147,12,67.62,51.22,1,0,0,0
6148,5,58.49,43.62,1,0,1,0
6149,17,41.32,41.58,1,0,1,0
6150,18,193.21,8.47,1,0,0,0
6151,13,77.84,41.98,3,0,1,0
6152,22,95.37,41.75,1,0,1,0
6153,0,69.03,53.68,1,1,1,0
6154,16,79.42,51.79,1,0,1,0
6155,14,69.22,9.27,1,1,0,0
6156,8,54.43,28.21,1,1,1,0
6157,4,151.1,10.97,1,0,1,0
6158,17,42.05,28.69,1,0,0,0
6159,2,22.59,12.67,1,0,1,0
6160,5,43.87,14.74,2,0,0,0
6161,6,294.99,11.42,1,0,1,0
6162,20,133.12,26.05,4,0,1,0
6163,12,199.5,4.95,1,0,1,0
6164,17,43.4,13.08,1,0,1,0
6165,3,56.55,1.97,2,0,1,0
6166,13,105.75,27.02,2,0,1,0
6167,6,29.0,37.38,2,0,0,0
6168,17,35.88,49.99,2,0,1,0
6169,5,40.82,66.06,1,0,0,0
6170,22,132.51,17.24,1,0,1,0
6171,7,46.3,85.49,1,0,1,0
6172,16,149.3,3.5,1,0,1,0
6173,18,59.96,31.64,1,0,1,0
6174,6,144.85,11.44,1,0,1,0
6175,22,44.67,72.8,1,0,0,0
6176,5,19.15,7.15,3,0,1,0
6177,2,62.42,3.32,5,0,1,0
6178,13,138.7,3.92,1,0,0,0
6179,3,45.82,63.3,1,1,1,0
6180,19,111.35,9.81,5,0,1,0
6181,5,64.79,1.81,1,0,0,0
6182,22,57.77,32.27,1,0,1,0
6183,2,27.64,57.98,1,0,0,0
6184,21,114.54,7.35,1,0,1,0
6185,20,73.07,20.44,1,0,1,0
6186,21,144.87,85.47,1,0,1,0
6187,18,49.3,29.57,1,0,1,0
6188,11,17.79,45.09,1,0,1,0
6189,18,23.3,23.69,1,0,0,0
6190,13,128.2,43.08,1,0,0,0
6191,6,1426.65,54.61,1,0,0,1
6192,20,139.33,7.36,1,0,1,0
6193,2,236.95,14.62,2,0,0,0
6194,4,17.19,5.32,1,0,1,0
6195,14,282.24,9.8,1,0,0,0
6196,23,30.62,42.17,1,0,1,0
6197,2,40.23,28.27,1,0,1,0
6198,4,48.06,21.73,1,0,0,0
6199,19,53.99,13.27,3,0,0,0
6200,6,42.07,55.56,1,0,1,0
6201,21,277.16,75.93,1,0,1,0
6202,1,122.05,27.7,3,0,1,0
6203,21,209.86,43.53,1,0,0,0
6204,23,44.83,82.84,1,0,1,0
6205,0,52.1,27.77,1,0,1,0
6206,12,230.21,27.06,1,0,0,0
6207,5,645.47,27.59,1,0,0,0
6208,11,33.09,37.46,1,0,0,0
6209,14,36.85,39.06,1,0,1,0
6210,10,122.5,27.86,1,0,0,0
6211,16,116.35,0.87,1,0,1,0
6212,1,87.6,10.55,1,0,1,0
6213,5,19.29,10.32,2,0,1,0
6214,22,86.83,12.98,1,0,1,0
6215,0,139.63,52.26,1,0,1,0
6216,5,21.83,15.51,1,0,1,0
6217,11,53.57,38.08,1,1,1,0
6218,13,93.24,36.43,1,0,0,0
6219,0,45.19,1.02,1,0,0,0
6220,22,72.98,16.2,2,0,0,0
6221,12,192.23,7.28,1,0,0,0
6222,11,441.94,68.11,1,0,0,0
6223,18,1512.19,28.69,2,0,1,1
6224,13,238.74,7.65,1,0,1,0
6225,23,34.69,64.91,1,0,1,0
6226,3,151.65,4.39,2,1,1,1
6227,20,382.0,6.83,1,0,1,0
6228,18,92.5,33.47,2,0,1,0
6229,1,284.91,42.8,2,0,1,0
6230,9,86.21,18.32,1,0,1,0
6231,3,23.19,59.57,1,0,1,0
6232,2,200.02,32.55,1,0,1,0
6233,18,82.89,64.3,2,0,1,0
6234,22,65.04,22.02,1,0,1,0
6235,18,73.87,111.46,1,0,1,0
6236,7,133.94,70.41,1,0,0,0
6237,13,32.61,2.13,1,1,1,0
6238,16,25.31,33.3,5,0,1,0
6239,13,77.39,6.91,1,0,0,0
6240,2,212.36,10.31,1,0,1,0
6241,2,50.64,31.34,2,0,0,0
6242,22,143.7,26.44,1,0,0,0
6243,6,115.12,2.2,1,0,1,0
6244,0,26.51,59.48,2,0,0,0
6245,9,36.02,2.06,1,0,1,0
6246,10,323.06,22.53,1,0,1,0
6247,0,67.82,2.65,2,0,1,0
6248,16,75.41,10.58,1,0,0,0
6249,8,42.4,75.59,1,0,0,1
6250,6,29.47,2.33,1,0,1,0
6251,0,77.22,37.78,4,0,1,0
6252,3,178.9,39.57,1,1,1,0
6253,14,48.9,51.67,1,0,1,0
6254,0,155.82,7.89,1,0,1,0
6255,20,28.24,60.7,1,0,1,0
6256,20,37.92,20.3,1,0,1,0
6257,0,109.26,26.38,1,0,1,0
6258,12,224.72,32.46,1,0,1,0
6259,17,101.55,25.09,5,0,1,0
6260,5,74.59,6.37,1,0,1,0
6261,18,67.39,4.42,1,0,0,0
6262,20,210.04,31.3,1,0,0,0
6263,11,144.97,41.23,1,0,0,0
6264,21,571.62,43.12,1,0,1,0
6265,14,40.8,16.85,1,0,1,0
6266,8,137.82,77.44,1,0,0,0
6267,21,79.72,51.05,3,0,1,0
6268,16,46.39,7.47,2,1,0,0
6269,10,69.07,28.83,1,0,0,0
6270,5,17.92,116.7,5,0,0,0
6271,1,38.09,4.11,1,0,1,0
6272,23,62.69,72.89,1,0,0,0
6273,11,36.05,40.18,1,0,1,0
6274,14,431.61,42.48,3,0,1,0
6275,10,127.48,41.87,1,0,1,0
6276,9,28.9,6.63,1,0,0,0
6277,15,71.11,57.05,1,0,0,0
6278,18,146.87,11.83,1,0,0,0
6279,7,22.64,26.63,2,0,0,0
6280,6,81.65,28.2,1,0,1,0
6281,7,65.58,45.55,1,0,0,0
6282,16,110.26,56.43,1,0,1,0
6283,18,68.91,35.48,2,0,1,0
6284,16,9.42,53.64,1,0,1,0
6285,3,103.89,90.33,2,0,0,0
6286,7,115.09,32.38,1,0,0,0
6287,15,145.13,16.35,1,0,1,0
6288,5,2.79,28.81,1,0,1,0
6289,16,164.56,41.37,1,0,1,0
6290,15,14.85,44.7,2,0,1,0
6291,5,45.06,80.09,1,0,1,0
6292,9,24.85,6.62,3,0,1,0
6293,11,165.85,14.81,1,0,1,0
6294,6,115.28,25.31,1,0,1,0
6295,1,171.74,23.11,1,0,1,0
6296,3,62.89,63.67,4,0,1,0
6297,15,70.97,21.09,1,0,0,0
6298,2,69.49,8.45,2,1,1,0
6299,23,56.29,17.96,1,0,1,0
6300,10,17.95,57.89,1,0,1,0
6301,8,452.17,13.63,1,0,1,0
6302,5,26.93,63.93,1,0,1,0
6303,21,141.76,31.26,1,0,1,0
6304,18,113.74,12.31,1,0,1,0
6305,19,34.32,24.96,4,0,0,0
6306,0,85.01,3.71,2,0,1,0
6307,2,30.57,8.83,1,0,1,0
6308,1,12.86,78.87,1,0,1,0
6309,13,74.91,23.67,2,0,0,0
6310,23,35.16,62.46,1,0,1,0
6311,2,83.62,7.8,1,0,1,0
6312,21,69.05,4.01,1,0,1,0
6313,1,92.44,45.83,1,0,0,0
6314,8,78.84,16.59,1,0,0,0
6315,19,117.66,33.74,1,1,0,0
6316,11,33.34,25.2,1,0,1,0
6317,17,26.47,26.25,2,0,1,0
6318,1,166.39,31.45,1,0,0,0
6319,15,230.03,11.71,1,0,1,0
6320,22,306.28,28.57,2,0,1,0
6321,9,139.39,0.66,1,0,1,0
6322,4,22.2,37.49,1,0,1,0
6323,21,71.61,50.42,2,0,1,0
6324,5,55.39,20.23,3,0,1,0
6325,1,65.45,45.26,1,0,1,0
6326,12,133.98,49.4,1,0,1,0
6327,19,53.56,4.51,1,0,1,0
6328,18,41.82,4.91,1,0,1,0
6329,4,145.5,11.23,1,0,0,0
6330,20,57.51,26.56,1,0,1,0
6331,12,287.8,10.26,1,0,1,0
6332,19,31.6,27.22,1,0,0,0
6333,21,154.89,31.09,1,0,1,0
6334,3,150.14,59.14,1,0,1,0
6335,10,74.65,48.52,1,1,0,0
6336,13,144.42,7.99,1,0,1,0
6337,16,82.77,6.92,2,0,1,0
6338,10,40.76,50.19,2,0,1,0
6339,16,561.84,15.05,1,0,1,0
6340,13,44.83,19.91,1,0,1,0
6341,23,176.29,37.34,3,0,1,0
6342,12,30.83,44.74,1,0,1,0
6343,11,84.72,3.49,1,0,1,0
6344,22,251.44,9.76,1,0,0,0
6345,10,16.93,26.92,1,0,1,0
6346,7,105.91,53.27,1,0,1,0
6347,20,224.43,0.77,1,0,1,0
6348,18,78.43,26.16,1,0,1,0
6349,13,202.4,65.54,2,0,1,0
6350,22,84.21,21.92,4,0,1,0
6351,13,55.73,12.34,3,0,1,0
6352,4,229.09,32.6,1,0,1,0
6353,18,36.27,11.32,1,0,1,0
6354,6,21.06,24.75,1,0,1,0
6355,7,36.08,9.78,1,0,1,0
6356,6,44.04,45.69,1,0,1,0
6357,5,22.16,24.65,1,0,1,0
6358,3,48.28,21.21,1,0,1,0
6359,5,163.68,9.07,2,1,1,0
6360,1,24.31,26.02,1,0,0,0
6361,11,53.5,15.23,1,0,1,0
6362,2,23.71,13.22,1,0,1,0
6363,10,86.07,69.66,1,0,0,0
6364,19,38.99,20.45,1,0,1,0
6365,0,15.53,28.55,1,0,1,0
6366,20,36.08,54.16,3,0,0,0
6367,0,21.89,15.73,1,0,1,0
6368,13,52.0,21.16,1,0,1,0
6369,12,133.08,36.87,1,0,1,0
6370,2,58.52,31.82,1,0,1,0
6371,13,799.3,14.01,1,0,1,0
6372,7,43.05,18.87,2,0,0,0
6373,20,482.56,3.47,1,0,1,0
6374,15,25.51,4.8,1,0,0,0
6375,14,56.21,49.64,1,0,1,0
6376,5,172.95,66.24,1,0,1,0
6377,7,207.93,7.33,2,0,1,0
6378,10,28.91,31.1,1,0,1,0
6379,3,121.95,67.66,1,0,1,0
6380,7,90.8,29.38,1,0,0,0
6381,12,75.02,2.83,1,0,1,0
6382,14,56.74,34.73,1,0,0,0
6383,9,72.72,35.64,2,0,1,0
6384,19,6.68,28.65,1,0,1,0
6385,11,26.49,37.24,1,0,1,0
6386,23,168.2,32.41,1,0,1,0
6387,5,43.12,18.86,4,0,0,0
6388,15,50.12,47.48,1,0,1,0
6389,14,99.13,51.34,1,1,1,0
6390,13,85.09,16.07,1,0,1,0
6391,0,156.5,19.38,5,0,0,0
6392,21,170.18,50.59,1,0,1,0
6393,6,56.48,22.66,1,0,1,0
6394,11,214.52,22.08,2,0,0,0
6395,20,86.38,22.98,2,0,1,0
6396,19,17.73,47.22,1,0,1,0
6397,0,466.63,44.35,1,0,1,0
6398,8,33.28,6.06,1,0,1,0
6399,19,163.81,3.19,1,0,0,0
6400,4,369.49,0.45,1,0,1,0
6401,23,33.95,74.25,1,0,1,0
6402,11,91.99,61.84,3,0,1,0
6403,9,76.01,22.76,1,0,0,0
6404,2,49.78,8.43,1,0,1,0
6405,12,189.45,29.45,1,0,1,0
6406,17,173.87,59.16,1,0,0,0
6407,6,41.43,56.07,1,0,1,0
6408,0,185.87,7.96,1,0,1,0
6409,15,18.93,1.15,1,0,1,0
6410,6,127.12,23.86,1,0,0,0
6411,14,126.75,42.13,1,0,1,0
6412,15,20.45,16.78,1,0,0,0
6413,5,66.82,9.92,1,0,0,0
6414,18,20.63,36.73,1,0,0,1
6415,17,32.67,13.89,2,0,1,0
6416,8,29.22,6.76,1,0,1,0
6417,14,227.44,3.37,1,1,0,0
6418,19,186.02,17.87,2,0,0,0
6419,7,54.1,50.21,1,0,1,0
6420,7,77.8,12.57,1,0,0,0
6421,15,111.05,23.13,1,0,1,0
6422,1,26.13,29.34,1,0,0,0
6423,1,16.5,23.21,1,0,0,0
6424,1,123.8,6.03,1,0,1,0
6425,12,61.49,19.05,1,0,1,0
6426,2,100.87,12.66,1,0,1,0
6427,22,101.54,33.29,1,0,1,0
6428,15,271.55,27.77,2,0,1,0
6429,17,78.62,7.0,1,0,1,0
6430,1,87.93,36.76,1,0,1,0
6431,14,55.89,7.76,1,0,1,0
6432,1,244.37,2.86,1,1,1,0
6433,5,232.29,3.69,1,1,0,0
6434,7,55.0,31.51,1,0,1,0
6435,6,20.24,8.4,1,0,1,0
6436,6,274.54,69.65,4,0,1,0
6437,14,42.79,15.42,1,0,0,0
6438,7,134.62,56.38,1,0,0,0
6439,18,363.71,0.94,1,0,1,0
6440,19,32.78,17.01,1,0,1,0
6441,1,76.58,18.81,1,0,1,0
6442,8,160.68,5.75,4,0,0,0
6443,0,64.06,48.16,1,0,1,0
6444,12,160.46,13.35,3,0,1,0
6445,1,121.71,10.85,1,1,1,0
6446,2,98.25,19.56,2,0,1,0
6447,19,79.64,31.92,3,0,1,0
6448,4,178.04,38.39,1,0,1,0
6449,21,13.79,30.42,2,0,1,0
6450,1,130.85,18.7,1,0,1,0
6451,3,26.1,64.68,1,0,0,0
6452,4,81.56,32.78,1,0,0,0
6453,14,207.0,27.56,1,0,1,0
6454,14,151.3,8.06,1,0,1,0
6455,14,32.02,32.34,1,0,1,0
6456,18,155.6,8.0,1,0,1,0
6457,2,98.62,7.62,1,0,1,0
6458,4,28.79,67.99,1,0,1,0
6459,1,106.98,34.82,1,0,0,0
6460,3,94.06,39.19,1,0,1,0
6461,13,18.6,8.81,3,0,0,0
6462,1,84.98,65.87,1,0,1,0
6463,16,345.6,10.55,1,0,1,0
6464,13,53.16,23.07,1,0,0,0
6465,14,568.88,11.41,1,0,0,0
6466,6,31.52,12.32,3,0,0,0
6467,23,56.5,104.4,2,0,0,0
6468,17,12.68,15.03,1,0,1,0
6469,13,7.41,42.35,1,0,1,0
6470,13,50.82,21.28,1,0,1,0
6471,6,102.25,28.66,2,0,0,0
6472,1,70.19,58.29,4,0,1,1
6473,20,84.02,13.63,1,0,1,0
6474,10,349.53,2.41,1,0,1,0
6475,19,120.36,26.58,1,0,1,0
6476,8,195.45,10.72,2,0,0,0
6477,9,87.42,101.37,1,0,1,0
6478,18,61.94,1.34,1,0,0,0
6479,2,347.28,50.53,1,0,0,0
6480,22,59.73,40.65,3,0,1,0
6481,9,19.95,11.04,1,0,1,0
6482,19,117.55,18.52,1,1,0,0
6483,7,180.02,41.36,1,1,1,0
6484,1,315.46,3.49,3,0,1,0
6485,4,551.12,7.81,1,0,1,0
6486,2,165.21,30.9,1,0,0,0
6487,8,41.13,1.67,1,0,0,0
6488,17,17.17,19.46,1,0,1,0
6489,6,14.48,28.61,1,0,1,0
6490,18,60.18,65.09,2,0,1,0
6491,2,96.61,70.53,1,0,1,0
6492,2,269.18,59.48,2,0,0,0
6493,19,48.28,56.04,1,0,0,0
6494,0,19.61,1.0,1,0,1,0
6495,2,1055.21,62.27,1,1,1,1
6496,5,35.65,36.62,1,0,1,0
6497,10,181.15,48.81,1,0,1,0
6498,13,33.15,61.54,1,0,1,0
6499,23,46.18,31.36,1,0,1,0
6500,16,232.95,10.03,2,0,1,0
6501,5,245.03,17.6,1,0,1,0
6502,5,100.05,32.87,1,0,1,0
6503,6,53.14,10.8,1,0,1,0
6504,11,70.57,69.89,1,0,0,0
6505,16,40.91,7.64,1,0,1,0
6506,22,276.43,43.4,1,0,0,0
6507,14,203.13,15.75,1,0,1,0
6508,1,376.35,16.26,1,0,1,0
6509,21,76.1,14.56,1,0,1,0
6510,21,140.88,67.1,1,0,0,0
6511,7,66.09,22.22,4,0,1,0
6512,23,173.92,36.19,1,0,0,0
6513,5,79.63,6.24,1,0,1,0
6514,4,65.19,11.13,1,0,0,0
6515,10,32.88,30.36,1,0,1,0
6516,23,19.36,69.68,1,0,1,0
6517,14,280.93,8.65,1,0,0,0
6518,14,145.74,7.89,1,0,1,0
6519,11,12.18,48.91,2,0,1,0
6520,4,79.79,24.67,1,0,1,0
6521,20,96.79,10.36,2,0,1,0
6522,10,26.08,36.36,1,0,1,0
6523,11,314.47,4.1,2,0,1,0
6524,21,145.81,27.98,1,0,1,0
6525,16,44.17,24.93,1,0,1,0
6526,5,69.3,80.85,1,0,0,0
6527,21,141.43,13.95,2,0,0,0
6528,8,11.63,64.42,1,0,1,0
6529,11,306.72,1.38,1,0,1,0
6530,15,162.52,16.8,4,0,1,0
6531,7,23.38,51.28,2,0,0,0
6532,8,76.35,12.59,3,0,1,0
6533,8,70.15,14.5,1,0,1,0
6534,17,26.42,60.15,1,0,1,0
6535,21,86.99,39.11,2,0,1,0
6536,7,52.93,21.87,1,0,1,0
6537,20,322.05,0.06,1,0,1,0
6538,4,156.12,13.0,1,0,0,0
6539,22,50.33,4.76,1,0,1,0
6540,7,116.04,48.29,1,0,1,0
6541,17,516.26,16.77,1,0,1,0
6542,7,67.93,34.75,1,0,1,0
6543,8,73.37,62.3,2,1,1,0
6544,4,53.13,30.7,1,0,1,0
6545,7,40.78,35.96,1,0,0,0
6546,22,58.1,62.65,1,0,1,0
6547,11,66.44,47.43,1,0,1,0
6548,21,63.2,42.58,1,0,1,0
6549,0,83.38,53.35,1,0,1,0
6550,18,132.51,93.75,5,0,1,1
6551,7,65.1,21.02,2,0,0,0
6552,5,26.46,42.57,1,0,0,0
6553,10,93.88,15.63,2,0,1,0
6554,2,22.97,69.49,1,1,1,0
6555,21,49.26,1.08,3,0,1,0
6556,1,152.73,31.39,2,0,0,0
6557,6,189.86,7.96,1,0,1,0
6558,10,145.36,71.32,1,0,1,0
6559,4,188.15,49.99,1,0,1,0
6560,15,31.33,35.86,1,0,1,0
6561,4,55.47,8.3,1,0,1,0
6562,5,26.56,26.94,1,0,0,0
6563,12,993.58,19.76,1,0,0,0
6564,18,16.76,8.79,1,0,1,0
6565,16,180.15,35.09,2,0,1,0
6566,20,51.49,16.17,1,0,1,0
6567,3,113.88,19.19,1,0,1,0
6568,1,35.85,28.54,2,0,1,0
6569,13,88.69,59.74,1,0,1,0
6570,18,37.41,18.52,1,0,0,0
6571,12,87.91,40.98,1,0,0,0
6572,20,168.35,39.28,1,0,1,0
6573,12,37.97,12.1,1,0,1,0
6574,0,101.71,22.75,1,1,1,0
6575,1,23.36,64.07,1,0,0,0
6576,19,178.38,8.83,1,0,0,0
6577,13,126.92,13.68,1,0,0,0
6578,4,109.13,80.57,1,0,1,0
6579,15,119.04,10.08,1,0,0,0
6580,9,292.75,30.6,1,0,1,0
6581,21,119.5,15.96,1,0,1,0
6582,8,88.67,14.96,1,0,1,0
6583,10,758.16,61.12,1,0,1,0
6584,10,51.15,4.35,1,0,1,0
6585,22,54.03,49.67,1,0,1,0
6586,2,124.9,7.81,1,0,1,0
6587,1,63.3,40.27,1,0,1,0
6588,7,122.96,59.38,2,0,1,0
6589,10,51.94,16.31,1,0,1,0
6590,0,37.05,45.11,2,0,1,0
6591,6,88.13,16.78,1,0,0,0
6592,22,92.26,35.63,1,0,1,0
6593,20,195.88,23.4,1,0,1,0
6594,23,100.73,15.07,2,0,1,0
6595,3,14.22,54.61,3,0,1,1
6596,21,54.02,13.34,1,0,1,0
6597,15,30.22,12.89,1,0,1,0
6598,19,68.43,1.4,3,0,1,0
6599,14,178.69,24.38,3,0,1,0
6600,22,78.65,8.41,1,0,1,0
6601,18,15.52,24.24,1,0,1,0
6602,16,170.75,67.13,3,0,1,0
6603,22,49.22,76.29,1,0,1,0
6604,4,83.92,4.9,1,0,0,0
6605,7,35.8,37.75,2,0,1,0
6606,20,39.19,26.84,2,0,1,0
6607,22,92.01,26.46,3,0,1,0
6608,3,141.65,10.31,3,0,1,0
6609,12,301.68,43.49,1,0,1,0
6610,12,77.0,26.02,2,0,1,0
6611,18,204.27,10.82,4,0,1,0
6612,21,303.17,31.12,1,0,1,0
6613,1,86.77,19.89,1,0,1,0
6614,6,118.08,2.34,4,0,1,0
6615,13,26.42,21.66,1,0,1,0
6616,21,42.35,8.85,1,0,1,0
6617,1,96.1,1.76,1,0,0,0
6618,11,114.18,16.37,2,1,0,0
6619,11,40.3,72.45,1,0,1,0
6620,12,182.07,30.39,1,0,1,0
6621,8,269.25,12.8,1,0,1,0
6622,20,149.08,15.59,1,0,1,0
6623,9,73.91,42.44,1,0,0,0
6624,22,182.19,2.18,1,0,0,0
6625,16,86.17,18.9,2,0,1,0
6626,0,61.02,1.68,1,0,1,0
6627,19,46.8,9.24,1,0,1,0
6628,15,68.91,6.89,1,0,0,0
6629,0,21.34,37.93,2,0,1,0
6630,15,88.85,89.59,1,0,0,0
6631,22,59.47,21.89,1,0,1,0
6632,17,75.14,1.76,1,1,1,0
6633,13,36.71,28.25,2,0,0,0
6634,10,48.35,29.95,1,0,1,0
6635,9,273.65,63.69,1,0,0,0
6636,7,237.08,23.28,1,0,1,0
6637,20,175.53,19.04,1,0,1,0
6638,20,15.97,13.79,1,0,0,0
6639,2,64.77,23.89,1,0,0,0
6640,6,59.57,39.43,1,0,1,0
6641,7,59.51,3.91,2,1,0,0
6642,6,58.68,38.66,5,0,1,0
6643,13,75.02,52.07,1,0,1,0
6644,1,28.21,38.26,1,0,0,0
6645,20,135.08,45.45,1,0,1,0
6646,2,27.9,38.74,1,0,0,0
6647,16,118.38,24.33,1,0,1,0
6648,9,126.35,23.97,3,0,1,0
6649,18,109.33,24.46,1,0,1,0
6650,16,49.96,29.03,1,0,1,0
6651,4,172.37,28.9,1,0,1,0
6652,12,56.76,67.38,1,1,1,0
6653,2,33.01,35.42,2,0,1,0
6654,13,36.3,9.9,1,0,1,0
6655,12,23.26,19.44,1,0,1,0
6656,12,104.27,79.6,1,0,1,0
6657,23,90.52,15.87,2,0,0,0
6658,5,70.89,23.93,1,0,1,0
6659,13,74.63,37.14,1,0,0,0
6660,19,143.29,32.96,1,0,1,0
6661,22,185.3,0.22,1,0,1,0
6662,1,87.59,12.04,4,0,0,0
6663,16,325.74,75.47,1,0,0,0
6664,12,119.26,29.04,1,0,1,0
6665,10,55.46,27.14,1,0,0,0
6666,15,19.86,16.24,1,1,0,0
6667,4,100.75,83.97,1,0,1,0
6668,15,80.84,84.39,1,0,1,0
6669,7,38.87,10.47,1,0,1,0
6670,9,201.39,5.49,1,0,1,0
6671,10,99.09,28.36,1,0,0,0
6672,7,26.53,59.59,1,0,1,0
6673,17,1247.74,43.55,1,0,1,0
6674,13,285.71,74.07,2,0,1,0
6675,11,81.42,8.47,2,0,1,0
6676,12,45.75,26.51,2,0,1,0
6677,9,42.69,1.82,3,0,0,0
6678,12,3.12,6.89,1,0,0,0
6679,20,24.41,101.94,1,0,1,0
6680,13,43.12,19.77,1,0,0,0
6681,19,60.13,48.99,1,0,1,0
6682,0,19.14,21.09,1,0,0,0
6683,6,215.34,27.89,1,0,0,0
6684,15,44.22,20.52,1,0,0,0
6685,8,25.73,33.96,2,0,1,0
6686,16,9.97,3.35,1,0,1,0
6687,23,416.56,23.53,2,0,1,0
6688,19,78.98,1.09,1,0,1,0
6689,20,44.56,58.81,1,0,1,0
6690,19,31.88,27.19,1,0,1,0
6691,14,115.6,8.63,4,0,1,0
6692,21,209.08,2.63,1,0,1,0
6693,18,378.0,25.97,1,0,1,0
6694,9,244.75,38.7,2,0,1,0
6695,13,549.49,38.85,4,0,0,1
6696,6,120.26,16.45,1,0,1,0
6697,4,64.38,11.8,1,0,1,0
6698,9,141.46,27.94,4,0,1,0
6699,6,123.32,10.45,2,0,1,0
6700,11,21.25,27.51,1,0,0,0
6701,6,28.81,14.58,1,0,0,0
6702,5,22.01,50.79,2,0,1,0
6703,14,52.51,12.07,1,0,1,0
6704,4,21.35,60.38,1,0,0,0
6705,15,58.52,34.31,3,0,0,0
6706,15,89.92,27.1,1,0,1,0
6707,8,56.86,27.34,2,0,1,0
6708,21,92.37,79.36,1,0,0,0
6709,7,60.13,44.21,1,1,0,0
6710,2,102.68,61.51,1,0,1,0
6711,18,91.24,42.24,1,0,1,0
6712,21,37.86,1.84,1,0,1,0
6713,6,48.97,78.58,2,0,0,0
6714,19,62.06,70.01,1,1,1,0
6715,11,398.68,22.57,1,0,1,0
6716,16,66.65,6.45,1,0,1,0
6717,23,34.21,2.58,1,0,1,0
6718,2,15.77,14.85,2,0,1,0
6719,0,14.82,92.14,1,0,1,0
6720,3,17.34,33.65,2,0,1,0
6721,5,48.78,2.85,1,0,0,0
6722,1,11.22,35.34,5,0,1,0
6723,18,24.62,41.72,1,0,1,0
6724,15,398.66,32.17,1,0,1,0
6725,17,40.08,12.83,1,0,1,0
6726,12,385.83,35.97,1,0,1,0
6727,13,72.99,23.06,1,0,1,0
6728,4,116.65,82.58,1,0,1,0
6729,18,29.17,1.27,2,0,0,0
6730,0,212.19,18.91,1,1,1,0
6731,2,22.61,55.27,1,0,1,0
6732,12,71.72,4.3,1,0,1,0
6733,23,52.82,27.02,1,0,1,0
6734,0,87.75,33.39,1,0,1,0
6735,8,136.77,27.53,2,0,1,0
6736,7,15.25,24.08,1,0,1,0
6737,14,33.85,33.49,1,0,0,0
6738,21,192.46,55.85,1,0,0,0
6739,19,260.27,1.61,2,0,1,0
6740,16,49.6,39.35,1,0,1,0
6741,8,22.7,5.68,2,0,1,0
6742,7,39.99,57.98,1,0,1,0
6743,10,77.13,31.03,5,0,1,0
6744,10,40.45,11.77,2,0,0,0
6745,9,115.12,67.51,1,0,1,0
6746,15,219.56,21.46,3,0,1,0
6747,13,80.66,41.29,1,0,1,0
6748,21,93.75,42.61,1,0,1,0
6749,6,17.5,84.99,2,0,1,0
6750,9,137.56,59.85,1,0,1,0
6751,3,94.25,47.94,1,0,1,0
6752,19,17.45,35.0,1,0,0,0
6753,5,36.4,55.25,1,1,0,0
6754,0,164.31,4.49,1,0,1,0
6755,23,47.35,16.31,1,1,0,0
6756,3,43.49,41.61,2,0,0,0
6757,8,39.62,11.72,1,0,1,0
6758,6,119.29,56.3,2,0,1,0
6759,7,222.35,4.84,1,0,1,0
6760,10,11.87,10.77,1,0,1,0
6761,16,280.69,45.93,1,0,0,0
6762,13,90.2,6.02,1,0,1,0
6763,0,129.91,37.79,1,0,0,0
6764,1,359.67,56.76,4,0,1,0
6765,5,128.01,2.7,1,0,1,0
6766,7,280.01,8.64,1,0,1,0
6767,17,110.97,21.89,1,0,1,0
6768,3,76.81,9.61,1,0,1,0
6769,5,218.2,38.55,1,1,1,0
6770,21,35.34,55.71,2,0,1,0
6771,21,19.39,55.82,1,0,1,0
6772,14,267.84,7.74,1,1,1,0
6773,1,123.46,20.76,1,0,1,0
6774,14,54.28,82.68,1,0,1,0
6775,8,53.5,4.3,1,0,1,0
6776,0,49.9,45.22,1,0,1,0
6777,20,37.96,12.33,1,0,1,0
6778,2,85.22,10.65,1,0,1,0
6779,15,122.55,29.61,1,0,1,0
6780,20,28.04,7.24,1,0,1,0
6781,14,103.81,24.7,2,0,1,0
6782,4,23.21,93.99,1,0,0,0
6783,1,94.44,61.27,1,1,0,0
6784,12,33.69,10.67,1,0,1,0
6785,11,746.88,42.26,1,0,1,0
6786,17,30.46,27.03,1,0,0,0
6787,23,150.71,14.7,1,0,0,0
6788,9,132.33,24.92,1,0,1,0
6789,11,20.37,27.52,1,0,0,0
6790,5,26.82,12.34,1,0,1,0
6791,2,133.1,3.0,1,0,1,0
6792,14,110.46,43.56,1,0,1,0
6793,14,65.17,39.84,1,0,0,0
6794,5,49.11,12.9,1,0,1,0
6795,10,32.98,40.24,3,0,1,0
6796,9,77.04,13.67,1,0,0,0
6797,9,51.18,16.61,1,0,1,0
6798,15,44.5,44.46,1,0,0,0
6799,16,125.89,26.11,1,0,1,0
6800,22,99.7,44.11,3,0,1,0
6801,8,63.71,49.08,1,0,1,0
6802,1,20.72,8.85,1,0,1,0
6803,11,35.82,80.49,1,0,1,0
6804,6,63.59,39.57,1,0,1,0
6805,0,44.32,10.14,1,1,1,0
6806,12,7.19,14.27,1,0,1,0
6807,13,162.74,6.74,2,0,1,0
6808,6,262.61,0.8,1,0,1,0
6809,5,132.2,16.0,2,0,1,0
6810,1,81.19,6.88,3,0,1,0
6811,23,62.42,57.2,2,0,1,0
6812,14,59.72,7.08,1,0,1,0
6813,6,243.28,54.76,1,0,1,0
6814,9,87.52,25.61,2,0,1,0
6815,19,37.78,11.37,1,0,1,0
6816,18,51.39,10.16,1,1,0,1
6817,10,257.63,1.45,1,0,1,0
6818,7,375.17,35.91,1,0,0,0
6819,3,71.69,5.31,1,0,1,0
6820,22,257.56,43.58,1,0,0,0
6821,12,124.23,7.41,1,0,0,0
6822,22,361.51,47.04,1,0,1,0
6823,16,946.29,15.11,1,0,1,0
6824,18,158.17,46.79,5,0,1,0
6825,15,39.33,39.82,1,0,1,0
6826,0,55.67,12.79,1,0,0,0
6827,18,32.15,6.17,1,0,1,0
6828,5,91.82,11.14,1,0,1,0
6829,15,90.16,30.25,1,0,1,0
6830,9,246.63,14.5,1,0,1,0
6831,20,188.59,61.14,1,0,1,0
6832,0,88.57,62.19,1,0,1,0
6833,15,79.28,53.71,1,0,1,0
6834,14,95.11,37.38,1,0,0,0
6835,21,47.98,16.49,1,0,1,0
6836,11,36.97,49.95,1,0,1,0
6837,18,45.34,35.78,2,0,1,0
6838,16,42.86,26.68,1,0,1,0
6839,5,12.11,29.58,1,0,1,0
6840,21,299.04,6.39,1,0,1,0
6841,3,47.31,48.59,1,0,1,0
6842,11,139.65,7.77,3,0,1,0
6843,0,26.83,75.25,1,0,1,0
6844,11,109.33,12.29,1,1,0,0
6845,20,98.91,30.59,1,0,0,0
6846,3,71.25,37.75,3,0,1,0
6847,21,712.06,17.2,1,0,1,0
6848,9,231.64,81.43,1,0,1,0
6849,16,474.61,2.88,1,0,0,0
6850,19,61.77,17.18,1,0,1,0
6851,17,162.34,14.65,1,0,0,0
6852,21,246.76,28.14,1,0,0,0
6853,21,66.16,39.23,1,0,1,0
6854,23,64.07,11.29,1,0,0,0
6855,20,77.18,14.8,2,0,0,0
6856,2,35.66,28.09,1,0,1,0
6857,2,31.44,67.68,1,0,1,0
6858,10,33.4,52.67,2,0,1,0
6859,3,120.08,15.3,1,1,0,0
6860,9,93.7,24.08,2,0,1,0
6861,7,277.28,3.38,1,0,1,0
6862,2,93.06,0.09,1,0,1,0
6863,14,205.78,9.39,1,0,1,0
6864,1,32.61,0.59,2,0,0,0
6865,18,200.88,46.19,1,0,0,0
6866,17,146.55,17.42,1,0,0,0
6867,1,60.7,78.76,1,0,1,0
6868,0,40.76,6.47,1,0,1,0
6869,22,173.43,48.35,2,0,1,0
6870,1,32.69,18.76,1,0,1,0
6871,19,240.23,90.31,1,0,0,1
6872,8,150.33,6.83,1,0,1,0
6873,22,38.46,44.94,2,0,1,0
6874,15,834.42,41.7,1,0,1,0
6875,1,134.47,70.8,5,0,0,0
6876,1,24.59,53.71,1,0,1,0
6877,6,249.29,69.15,1,0,1,0
6878,17,23.97,29.27,1,0,1,0
6879,16,46.77,10.94,1,0,0,0
6880,14,39.91,1.64,1,1,1,0
6881,0,48.32,49.5,5,0,0,1
6882,12,22.79,34.54,1,0,0,0
6883,13,66.1,34.2,1,0,1,0
6884,20,6.95,40.34,1,0,1,0
6885,14,40.02,87.96,1,0,0,0
6886,5,17.57,28.17,1,0,1,0
6887,2,117.91,57.19,1,0,1,0
6888,9,22.94,26.7,1,0,1,0
6889,18,477.4,8.89,1,0,0,0
6890,4,311.98,15.68,1,0,1,0
6891,1,45.44,50.26,3,0,1,0
6892,2,164.86,21.53,1,0,0,0
6893,4,252.83,19.95,1,0,1,0
6894,5,49.92,14.22,1,0,1,0
6895,21,466.26,3.73,1,0,0,0
6896,13,120.1,11.41,2,0,1,0
6897,18,56.93,33.75,1,0,1,0
6898,13,31.87,32.28,2,0,1,0
6899,1,58.41,50.05,1,0,1,0
6900,14,45.66,3.89,1,0,1,0
6901,12,17.2,71.34,1,0,0,0
6902,6,29.77,58.41,1,0,1,0
6903,21,103.6,13.37,1,0,1,0
6904,1,160.91,30.58,1,0,0,0
6905,11,29.17,5.11,1,0,1,0
6906,6,113.93,5.06,1,0,0,0
6907,8,18.53,9.89,2,0,1,0
6908,10,178.83,18.11,1,1,1,0
6909,21,111.16,13.12,5,0,0,0
6910,3,6.58,82.73,1,0,0,0
6911,5,103.33,2.55,2,0,1,0
6912,3,193.89,34.7,1,0,1,0
6913,11,41.4,40.27,4,0,1,0
6914,4,312.21,28.62,1,0,0,0
6915,2,383.37,7.07,1,0,1,0
6916,8,13.3,28.34,1,0,1,0
6917,7,37.55,51.67,4,0,1,0
6918,22,111.5,21.74,1,0,1,0
6919,22,31.74,8.33,1,0,1,0
6920,13,234.03,76.7,1,0,1,0
6921,9,37.26,21.77,2,0,1,0
6922,6,143.57,37.69,1,1,1,0
6923,19,46.34,2.9,1,0,1,0
6924,8,75.31,11.03,1,0,0,0
6925,12,33.33,45.37,1,0,0,1
6926,6,726.42,17.74,1,0,0,0
6927,13,61.3,35.76,1,0,1,0
6928,7,25.02,7.16,1,0,1,0
6929,2,8.53,17.32,1,0,1,0
6930,14,115.02,61.47,2,0,1,0
6931,13,42.8,19.77,1,0,1,0
6932,14,208.43,13.34,1,0,1,0
6933,5,114.75,51.67,1,0,0,0
6934,12,81.77,67.72,1,0,0,0
6935,19,55.65,37.27,1,0,1,0
6936,18,247.26,42.83,1,0,1,0
6937,22,307.7,46.22,1,0,1,0
6938,12,56.63,16.14,1,0,1,0
6939,20,18.36,4.2,1,0,0,0
6940,3,107.02,94.7,1,1,1,0
6941,8,58.82,1.27,1,0,0,0
6942,1,110.9,23.97,1,0,1,0
6943,6,15.53,6.27,1,0,1,0
6944,16,44.45,41.66,1,1,0,0
6945,16,152.44,14.24,4,0,0,0
6946,11,100.38,80.33,1,0,1,0
6947,7,60.87,34.47,1,0,1,0
6948,14,240.59,16.78,1,0,0,0
6949,23,437.49,64.57,1,0,0,0
6950,21,121.37,48.01,1,0,1,0
6951,7,160.34,80.56,4,0,0,0
6952,11,38.92,44.33,1,0,0,0
6953,20,98.84,15.48,3,0,1,0
6954,10,138.99,61.09,1,0,0,0
6955,19,75.17,5.52,1,0,1,0
6956,14,115.06,9.75,1,0,1,0
6957,23,223.17,3.52,2,0,1,0
6958,4,26.66,24.8,1,0,1,0
6959,23,50.44,21.94,1,0,1,0
6960,16,50.37,9.14,1,0,1,0
6961,14,43.96,23.03,1,0,1,0
6962,10,80.42,14.71,1,0,1,0
6963,5,44.01,39.06,1,0,1,0
6964,17,25.25,26.03,1,0,1,0
6965,18,17.8,3.23,1,1,1,0
6966,13,25.55,8.69,1,0,1,0
6967,2,145.08,21.29,1,0,0,0
6968,10,191.87,42.5,3,0,1,0
6969,3,58.69,18.97,1,0,1,0
6970,3,23.11,25.35,1,0,0,0
6971,4,158.86,20.63,2,0,1,0
6972,15,217.75,8.28,3,0,0,1
6973,17,188.71,27.88,1,0,1,0
6974,11,18.94,18.62,1,0,1,0
6975,3,180.46,58.39,1,0,0,0
6976,6,54.22,28.56,1,0,1,0
6977,21,56.89,10.85,1,0,1,0
6978,3,165.15,8.02,1,0,1,0
6979,5,67.07,46.27,3,0,1,0
6980,0,129.57,21.14,2,0,1,0
6981,20,192.0,74.88,2,0,1,0
6982,13,55.03,3.71,4,0,0,0
6983,20,216.93,15.78,1,0,1,0
6984,16,29.7,16.0,1,0,1,0
6985,1,57.76,93.21,1,0,1,0
6986,20,80.47,83.9,1,0,1,0
6987,19,88.32,53.5,1,0,1,0
6988,14,22.48,42.88,1,0,0,0
6989,21,28.48,71.81,3,0,1,0
6990,2,219.15,78.18,1,0,0,0
6991,4,26.95,64.11,1,0,1,1
6992,17,256.0,46.66,1,0,0,0
6993,7,65.54,37.1,1,1,0,0
6994,21,47.27,48.14,1,0,0,0
6995,15,31.16,64.21,2,0,0,0
6996,7,63.23,36.68,1,0,0,0
6997,10,106.09,24.25,2,0,1,0
6998,10,146.9,30.39,1,0,1,0
6999,13,218.5,22.72,1,0,0,0
7000,2,32.15,50.87,1,0,0,0
7001,11,271.18,12.42,5,0,1,0
7002,14,213.46,15.88,1,0,1,0
7003,11,315.11,29.46,3,0,1,0
7004,6,142.91,61.41,1,0,0,0
7005,23,57.43,4.06,1,0,1,0
7006,16,81.83,8.15,2,0,1,0
7007,9,11.75,10.86,3,0,1,0
7008,16,518.6,12.93,1,0,1,0
7009,15,27.07,23.63,2,0,1,0
7010,8,239.65,12.62,1,1,1,0
7011,2,52.37,12.48,1,0,1,0
7012,7,25.82,11.14,1,0,1,0
7013,3,29.73,4.94,1,0,1,0
7014,10,13.88,35.87,1,0,1,0
7015,15,74.12,28.86,1,0,1,0
7016,22,62.88,31.25,1,0,1,0
7017,12,173.96,28.13,1,1,1,0
7018,23,55.67,24.93,1,0,1,0
7019,2,211.59,0.92,1,0,1,0
7020,14,13.59,43.98,2,0,1,0
7021,13,64.26,2.14,1,0,1,0
7022,2,129.47,27.43,1,0,1,0
7023,7,31.87,51.38,1,0,0,0
7024,1,38.58,39.66,1,0,0,0
7025,21,128.67,16.33,1,1,0,0
7026,12,35.88,14.68,1,0,1,0
7027,1,53.45,28.17,1,0,1,0
7028,16,135.66,13.79,1,0,1,0
7029,12,134.63,29.93,1,0,1,0
7030,7,147.6,19.3,1,0,1,0
7031,9,16.13,31.83,1,1,1,0
7032,2,131.37,8.27,1,0,0,0
7033,6,80.65,46.46,2,0,0,0
7034,18,49.49,26.29,1,1,1,0
7035,14,447.85,57.71,1,0,1,0
7036,10,92.89,23.43,1,0,1,0
7037,2,39.64,57.81,2,1,0,0
7038,22,94.85,23.87,1,0,0,0
7039,8,32.29,2.28,1,0,0,0
7040,7,42.5,30.67,1,0,1,0
7041,20,13.61,18.61,1,1,0,0
7042,22,107.86,34.45,1,0,1,0
7043,23,161.5,49.81,1,0,1,0
7044,6,95.97,62.86,1,0,0,0
7045,19,94.77,25.19,1,0,1,0
7046,13,98.23,13.57,1,0,1,0
7047,7,37.71,72.46,2,0,0,0
7048,11,75.14,16.95,1,0,0,0
7049,21,73.75,18.49,1,0,1,0
7050,6,1564.86,4.48,1,0,1,0
7051,18,8.74,34.52,1,0,1,0
7052,4,88.92,21.07,1,0,1,0
7053,6,136.92,5.35,1,0,1,0
7054,13,196.03,26.52,1,0,1,0
7055,8,46.12,38.86,1,0,0,0
7056,8,47.83,7.32,1,0,0,0
7057,18,27.98,41.79,1,0,1,0
7058,18,370.26,10.65,1,0,1,0
7059,8,38.3,22.4,3,0,1,0
7060,10,142.8,31.12,2,0,0,0
7061,19,106.99,31.53,1,0,0,0
7062,22,126.97,39.47,1,0,1,0
7063,23,45.83,48.51,1,0,1,0
7064,1,335.45,8.61,1,1,1,0
7065,7,271.55,5.48,1,1,1,0
7066,0,101.86,23.23,1,0,0,0
7067,21,137.85,46.83,1,0,1,0
7068,15,71.62,48.1,3,0,1,0
7069,11,42.43,20.47,1,0,1,0
7070,10,42.8,11.79,3,0,1,0
7071,22,99.03,27.14,1,0,1,0
7072,4,24.79,25.51,2,0,1,0
7073,9,81.32,26.12,1,0,0,0
7074,22,211.29,35.98,1,1,0,0
7075,6,188.97,30.61,1,0,1,0
7076,6,136.86,10.08,1,0,1,0
7077,16,53.12,48.06,1,0,1,0
7078,3,28.58,104.8,2,0,1,0
7079,14,88.65,48.93,1,0,1,0
7080,13,66.84,12.59,1,0,1,0
7081,5,183.13,16.02,1,0,1,0
7082,8,159.57,3.32,3,0,1,0
7083,8,39.52,39.15,4,0,1,0
7084,14,48.47,6.09,1,1,1,0
7085,9,98.62,5.95,1,0,1,0
7086,22,50.75,16.19,1,0,1,0
7087,23,102.72,13.06,2,0,1,0
7088,1,158.4,12.15,1,0,0,0
7089,0,73.55,61.13,3,0,1,0
7090,3,159.41,23.23,2,0,1,0
7091,19,33.14,7.88,1,0,1,0
7092,10,22.32,27.89,1,0,1,0
7093,23,48.61,1.98,1,0,1,0
7094,17,86.79,9.02,1,0,1,0
7095,23,33.85,62.16,2,0,1,0
7096,22,26.35,16.78,1,0,1,0
7097,14,146.58,15.53,1,0,1,0
7098,18,38.44,35.35,1,0,1,0
7099,20,52.61,72.35,1,0,0,0
7100,18,157.03,62.45,1,0,1,0
7101,8,73.23,51.07,1,0,0,0
7102,14,118.5,77.06,1,0,1,0
7103,8,227.52,33.82,1,0,1,0
7104,0,84.48,3.49,2,0,1,0
7105,3,23.04,18.28,1,0,1,0
7106,18,38.65,17.57,2,0,1,0
7107,3,37.48,51.97,2,0,1,0
7108,0,36.56,47.08,2,0,0,0
7109,6,98.92,49.34,1,0,1,0
7110,5,72.86,53.89,1,0,1,0
7111,19,201.76,6.22,3,0,1,0
7112,9,96.98,56.45,1,0,1,0
7113,3,173.81,2.18,1,0,0,0
7114,2,71.56,62.22,1,0,1,0
7115,3,31.93,60.86,2,0,0,0
7116,9,82.03,5.04,1,0,1,0
7117,20,124.43,3.55,1,0,1,0
7118,20,144.03,5.08,1,0,1,0
7119,22,103.76,23.34,1,0,0,0
7120,2,184.35,43.51,1,0,1,0
7121,14,15.82,2.55,1,0,1,0
7122,17,57.1,57.39,1,0,1,0
7123,5,11.73,8.57,1,0,1,0
7124,12,184.66,10.62,1,0,1,0
7125,23,97.74,24.85,1,0,1,0
7126,20,170.74,4.35,1,0,1,0
7127,1,28.51,1.62,1,0,1,0
7128,12,82.12,67.23,2,0,0,0
7129,6,107.47,60.33,1,0,1,0
7130,3,74.94,23.6,1,0,1,0
7131,0,16.53,0.3,1,0,1,0
7132,8,290.76,39.91,2,1,1,0
7133,22,6.86,56.37,2,0,1,0
7134,8,50.37,13.6,1,0,1,0
7135,3,85.78,37.39,1,0,0,0
7136,19,100.98,2.17,1,0,0,0
7137,19,172.95,29.15,1,0,1,0
7138,9,349.61,75.59,1,0,1,0
7139,17,81.33,12.78,5,1,1,0
7140,5,55.63,8.47,1,0,1,0
7141,12,259.67,40.52,2,0,1,0
7142,7,27.53,0.05,1,0,0,0
7143,11,58.74,43.61,1,1,1,0
7144,9,153.46,34.46,1,0,1,0
7145,19,75.54,32.85,1,0,0,0
7146,3,97.1,7.47,2,0,0,0
7147,12,63.22,24.86,1,0,1,0
7148,13,88.57,46.67,1,0,1,0
7149,8,399.99,37.41,1,0,0,0
7150,10,24.52,8.74,1,0,1,0
7151,14,65.73,2.92,1,0,0,0
7152,15,63.42,18.03,1,0,0,0
7153,6,41.01,11.13,1,0,1,0
7154,9,333.54,56.85,1,0,1,0
7155,16,174.98,37.38,1,1,1,0
7156,14,180.09,1.63,2,0,0,0
7157,6,601.28,53.68,1,0,1,0
7158,20,26.62,56.12,1,0,1,0
7159,14,25.65,14.61,2,0,0,0
7160,15,114.17,49.45,1,0,0,0
7161,13,47.17,14.84,1,0,1,0
7162,12,112.88,57.14,1,0,1,0
7163,10,112.67,2.95,1,0,1,0
7164,13,91.47,19.4,1,0,0,0
7165,2,190.08,32.39,1,0,1,0
7166,11,55.6,11.84,1,0,0,0
7167,21,18.65,10.53,1,0,1,0
7168,17,219.89,10.08,1,0,1,0
7169,17,255.38,43.94,1,0,0,0
7170,1,577.3,8.04,1,0,1,0
7171,21,58.22,1.43,3,0,0,0
7172,0,37.86,14.78,1,0,1,0
7173,15,131.92,11.22,1,0,0,0
7174,9,126.14,9.53,1,0,1,0
7175,4,59.99,5.15,2,0,1,0
7176,17,97.12,38.72,1,0,1,0
7177,3,104.94,25.98,1,0,1,0
7178,5,164.99,26.74,1,0,1,0
7179,3,32.79,5.75,2,1,1,0
7180,6,44.32,3.56,1,0,1,0
7181,23,144.78,63.85,1,0,0,0
7182,5,37.33,27.91,1,0,1,0
7183,11,317.34,23.23,1,0,1,0
7184,16,153.9,19.26,2,0,1,0
7185,8,55.11,5.64,1,0,0,0
7186,20,84.63,39.17,1,0,1,0
7187,17,91.25,14.24,1,0,0,0
7188,20,47.4,60.97,3,0,1,0
7189,6,99.54,18.1,2,0,1,0
7190,0,36.64,26.83,1,0,1,0
7191,1,82.38,37.73,1,0,1,0
7192,12,10.52,15.33,1,0,1,0
7193,17,50.35,14.16,1,0,1,0
7194,12,72.93,21.59,1,0,0,0
7195,8,4.66,49.22,1,0,1,0
7196,0,117.68,12.3,1,0,0,0
7197,9,35.69,1.93,2,0,1,0
7198,23,448.79,48.69,1,0,1,0
7199,15,93.68,40.6,2,0,0,0
7200,14,267.51,24.87,1,0,1,0
7201,3,89.21,46.97,1,0,1,0
7202,7,158.37,41.18,2,0,1,0
7203,13,486.99,21.57,1,0,1,0
7204,9,299.97,25.77,3,0,1,0
7205,16,116.27,35.43,1,0,1,0
7206,12,73.16,4.98,2,0,0,0
7207,17,145.06,8.81,1,0,0,0
7208,9,86.67,30.98,1,0,1,0
7209,6,8.75,9.86,2,0,0,0
7210,8,175.3,41.39,1,0,1,0
7211,17,231.33,68.27,1,0,1,0
7212,4,62.42,6.71,1,0,0,0
7213,10,112.23,15.73,1,0,1,0
7214,6,44.12,9.1,1,0,1,0
7215,22,34.49,7.52,1,0,0,0
7216,9,10.87,30.1,1,0,1,0
7217,15,256.11,33.61,1,0,1,0
7218,5,16.31,23.98,1,0,1,0
7219,15,126.72,11.4,1,0,0,0
7220,22,24.99,64.0,1,0,0,0
7221,14,290.78,39.43,2,0,1,0
7222,6,31.0,28.17,4,0,1,0
7223,20,145.44,18.39,1,0,1,0
7224,17,17.12,43.84,2,1,1,1
7225,4,51.56,52.52,2,0,1,0
7226,23,85.04,28.13,1,0,1,0
7227,16,554.68,1.15,1,0,1,0
7228,19,27.62,12.69,3,0,1,0
7229,16,53.59,88.33,5,0,1,1
7230,9,237.49,54.5,1,0,1,0
7231,1,79.76,10.5,1,0,0,0
7232,9,25.98,41.48,1,0,1,0
7233,10,66.07,43.55,1,0,0,0
7234,13,141.33,47.91,1,0,1,0
7235,1,46.62,71.58,1,0,0,0
7236,4,45.18,93.92,1,0,1,0
7237,1,15.85,13.63,2,0,1,0
7238,6,66.91,84.84,1,0,1,0
7239,11,30.61,21.66,1,0,0,0
7240,14,97.04,53.52,1,1,1,0
7241,21,131.04,0.09,1,0,1,0
7242,10,269.72,26.16,1,0,0,0
7243,13,18.17,5.14,1,0,1,0
7244,11,103.9,22.94,1,0,1,0
7245,13,83.51,27.8,2,0,0,0
7246,2,189.36,20.42,2,0,1,0
7247,14,94.55,58.32,1,1,1,0
7248,3,244.94,32.13,1,0,1,0
7249,5,59.92,19.63,4,1,1,0
7250,3,33.71,34.01,1,0,1,0
7251,12,19.25,29.84,1,0,1,0
7252,6,31.62,56.16,1,0,1,0
7253,16,241.46,34.96,1,0,1,0
7254,23,26.76,38.9,2,0,0,0
7255,5,98.01,36.99,1,0,0,0
7256,15,46.49,60.47,2,0,1,0
7257,6,226.46,22.35,1,0,1,0
7258,18,89.97,10.54,1,0,1,0
7259,17,63.75,10.15,1,0,1,0
7260,10,128.55,18.75,1,0,1,0
7261,14,42.26,65.78,1,0,1,0
7262,9,109.13,15.46,3,0,1,0
7263,9,139.06,20.0,3,0,1,0
7264,11,146.9,58.42,1,0,0,0
7265,15,267.86,1.56,5,0,1,0
7266,21,49.34,7.9,5,0,1,0
7267,15,81.51,51.72,1,0,1,1
7268,23,418.52,37.7,1,0,0,0
7269,9,219.94,44.63,2,1,1,0
7270,18,125.55,15.74,1,0,0,0
7271,0,94.83,58.46,1,0,0,0
7272,7,59.99,15.1,1,0,0,1
7273,19,83.89,7.21,1,0,1,0
7274,9,28.22,4.67,1,0,1,0
7275,17,20.05,51.9,1,0,0,0
7276,21,72.17,29.62,3,0,0,0
7277,5,142.26,48.56,1,0,1,0
7278,20,29.46,28.35,1,0,0,0
7279,1,189.48,34.34,1,0,1,0
7280,15,11.89,10.54,1,0,1,0
7281,5,467.59,11.99,1,0,1,1
7282,13,35.91,0.23,1,0,0,0
7283,7,152.25,21.02,1,0,1,0
7284,20,103.97,36.11,1,0,0,0
7285,4,39.05,28.73,1,0,1,0
7286,20,35.0,74.62,2,0,1,0
7287,17,31.01,34.37,1,0,1,0
7288,3,140.12,67.15,1,0,0,0
7289,1,101.99,56.56,1,0,1,0
7290,20,202.15,35.22,1,0,1,0
7291,10,55.05,25.95,1,0,1,0
7292,18,69.94,96.19,1,0,1,0
7293,15,86.48,0.57,1,0,1,0
7294,15,45.8,36.59,1,0,1,0
7295,17,124.05,27.47,1,0,0,0
7296,9,254.97,13.38,4,0,1,0
7297,21,12.57,11.83,1,0,0,0
7298,15,83.22,15.57,1,0,1,0
7299,1,128.22,0.45,1,0,1,0
7300,0,62.69,51.28,1,1,1,0
7301,14,105.75,36.05,1,0,1,0
7302,23,43.28,21.88,1,0,1,0
7303,14,78.0,40.52,2,0,1,0
7304,19,50.36,30.33,1,0,0,0
7305,16,30.5,0.56,1,0,1,0
7306,5,62.22,65.8,2,0,0,0
7307,22,216.08,35.19,3,0,1,0
7308,10,153.25,9.02,1,0,1,0
7309,2,26.44,26.45,1,0,1,0
7310,6,32.91,16.38,4,0,1,0
7311,14,65.93,27.7,1,0,1,0
7312,18,49.53,29.36,2,0,1,0
7313,5,91.05,41.89,1,0,1,0
7314,0,54.68,17.57,3,0,0,0
7315,23,25.21,22.64,1,0,1,0
7316,0,48.75,22.18,1,1,0,0
7317,21,118.7,2.6,3,0,1,0
7318,18,163.27,23.24,1,0,0,0
7319,18,40.48,65.99,1,0,1,0
7320,10,36.38,52.69,3,0,1,0
7321,15,30.13,10.94,2,0,0,0
7322,0,91.06,24.77,1,0,0,0
7323,1,163.42,23.82,1,0,1,0
7324,11,140.56,10.61,1,0,0,0
7325,19,163.79,18.59,1,0,1,0
7326,16,55.56,58.27,1,0,1,0
7327,21,21.84,20.95,3,0,1,0
7328,6,31.71,20.39,2,0,1,0
7329,6,121.94,11.36,1,0,1,0
7330,16,263.39,15.86,1,0,1,0
7331,22,21.12,19.89,1,0,1,0
7332,13,50.22,8.06,1,0,0,0
7333,6,48.13,8.93,4,0,1,0
7334,16,68.38,15.03,1,0,0,0
7335,15,164.58,34.84,1,0,1,0
7336,14,133.62,13.49,2,0,1,0
7337,12,235.74,14.84,1,0,0,0
7338,19,128.07,12.79,2,0,1,0
7339,3,894.03,37.31,1,0,1,0
7340,17,54.07,38.99,1,0,1,0
7341,13,50.5,10.55,1,0,0,0
7342,1,33.47,16.0,1,0,1,0
7343,15,136.42,22.41,1,0,1,0
7344,23,130.26,32.34,1,1,0,0
7345,19,15.76,30.42,2,0,0,0
7346,16,28.3,64.34,1,0,0,0
7347,2,237.12,24.18,2,0,1,0
7348,18,31.88,45.96,1,0,1,0
7349,8,50.05,43.98,1,0,0,0
7350,11,16.89,10.89,1,0,1,0
7351,12,20.96,11.48,1,1,0,0
7352,5,123.24,20.59,1,0,0,0
7353,1,181.66,19.84,1,0,0,0
7354,15,234.15,4.35,1,0,0,0
7355,4,25.13,13.77,1,1,1,0
7356,18,84.1,23.24,1,0,0,0
7357,1,46.95,55.06,1,0,1,0
7358,9,882.49,3.7,1,0,1,0
7359,23,38.52,8.69,1,0,1,0
7360,7,75.02,12.04,1,0,0,0
7361,14,22.87,33.27,1,0,1,0
7362,12,37.65,21.58,1,1,1,0
7363,11,26.0,57.7,1,0,1,0
7364,15,522.24,24.18,1,1,1,0
7365,4,102.34,16.52,2,0,1,0
7366,2,27.46,2.78,1,0,1,0
7367,12,95.12,60.65,1,1,1,0
7368,12,70.33,6.8,1,0,1,0
7369,4,29.42,33.53,2,0,1,0
7370,5,91.32,10.95,2,0,1,0
7371,21,64.41,44.98,5,0,1,0
7372,21,23.3,18.44,2,0,1,0
7373,16,292.62,72.62,1,0,0,0
7374,3,131.85,27.68,1,0,0,0
7375,5,11.68,19.05,1,0,0,0
7376,1,112.31,25.47,1,0,1,0
7377,11,25.79,2.37,1,0,0,0
7378,14,263.47,4.33,1,0,0,0
7379,8,78.56,4.61,1,0,0,0
7380,15,79.07,7.65,4,0,0,0
7381,12,54.8,37.97,1,0,0,0
7382,11,60.79,6.13,1,0,1,0
7383,7,37.86,39.17,2,0,1,0
7384,17,20.94,54.78,1,0,0,0
7385,7,44.25,63.07,1,0,1,0
7386,14,7.27,71.7,5,0,1,0
7387,1,240.29,47.56,4,0,1,0
7388,0,101.72,69.6,1,1,1,0
7389,19,161.46,53.25,1,0,1,0
7390,10,1449.32,39.67,1,0,1,1
7391,18,120.03,19.87,1,0,1,0
7392,19,174.08,22.72,2,0,1,0
7393,4,510.45,20.14,2,0,1,0
7394,22,18.08,40.14,1,0,0,0
7395,10,25.3,6.83,1,0,0,0
7396,13,102.95,1.95,1,0,1,0
7397,14,44.56,34.56,2,0,0,0
7398,18,37.92,13.43,1,0,1,0
7399,17,79.62,6.83,1,0,1,0
7400,8,140.55,9.84,1,0,0,0
7401,19,95.14,6.91,2,0,1,0
7402,11,64.21,15.77,1,0,1,0
7403,21,151.42,21.1,3,0,1,0
7404,21,128.7,4.01,1,0,1,0
7405,19,391.84,11.8,1,0,1,0
7406,5,69.65,5.43,2,0,1,0
7407,0,70.45,30.42,1,0,0,0
7408,18,1097.8,35.66,2,0,1,1
7409,21,154.57,28.26,1,0,1,0
7410,23,335.85,45.28,1,0,1,0
7411,4,342.54,19.4,1,0,1,0
7412,1,33.82,22.47,1,0,1,0
7413,10,226.65,81.27,1,1,1,0
7414,10,77.73,82.48,1,0,1,0
7415,9,64.24,48.79,3,0,0,0
7416,12,441.34,47.51,1,0,0,0
7417,20,71.63,21.35,1,1,1,0
7418,18,523.7,24.32,1,0,1,0
7419,8,168.72,43.2,1,0,1,0
7420,14,177.06,10.66,3,0,1,0
7421,15,43.1,31.89,1,0,1,0
7422,5,205.28,1.2,1,0,1,0
7423,5,36.45,8.15,4,0,1,0
7424,22,46.06,11.23,1,0,0,0
7425,5,71.93,19.22,2,1,0,0
7426,7,68.65,86.42,1,0,0,0
7427,11,15.95,37.19,2,0,1,0
7428,14,84.64,45.59,1,0,1,0
7429,6,51.89,10.6,1,0,1,0
7430,7,74.13,24.05,2,0,1,0
7431,13,200.67,8.93,1,0,1,0
7432,17,23.87,14.6,2,0,1,0
7433,20,127.33,77.3,2,0,1,0
7434,4,203.99,30.46,1,0,1,0
7435,11,21.47,31.97,1,0,0,1
7436,16,4.5,38.33,1,0,1,0
7437,15,45.94,25.57,1,0,0,0
7438,6,3.76,13.89,1,0,0,0
7439,20,260.89,40.11,1,0,0,0
7440,2,56.88,22.52,1,0,1,0
7441,12,92.51,2.8,1,0,1,0
7442,6,104.28,52.35,1,0,1,0
7443,17,53.83,40.91,1,1,1,0
7444,9,100.14,3.09,1,0,1,0
7445,2,124.26,83.22,1,0,0,0
7446,7,56.46,8.21,2,0,1,0
7447,6,9.3,16.85,1,0,1,0
7448,8,63.83,41.61,1,0,1,0
7449,10,49.39,14.66,1,0,1,0
7450,20,159.16,13.31,1,0,1,0
7451,3,27.27,24.92,1,0,1,0
7452,17,113.86,20.85,1,0,0,0
7453,19,57.55,71.87,2,0,1,0
7454,18,199.61,11.1,3,0,1,0
7455,14,95.58,41.85,1,0,1,0
7456,18,55.97,31.52,1,0,0,0
7457,23,93.94,62.01,2,0,0,0
7458,21,47.01,11.06,1,0,0,0
7459,16,29.76,19.01,1,0,1,0
7460,17,216.66,11.77,3,0,0,0
7461,14,45.81,14.78,1,0,1,0
7462,5,19.48,6.69,1,0,1,0
7463,18,78.79,32.57,2,0,0,0
7464,17,19.29,41.0,1,0,0,0
7465,2,14.84,10.64,1,0,1,0
7466,20,255.94,1.78,1,1,0,0
7467,22,105.9,21.44,2,0,1,0
7468,8,37.91,45.23,3,0,1,0
7469,17,64.37,2.1,1,0,0,0
7470,16,46.9,16.68,1,0,0,0
7471,1,130.63,14.06,2,0,0,0
7472,17,11.29,4.96,1,0,1,0
7473,16,38.99,48.94,3,0,1,0
7474,11,126.7,5.1,1,0,1,0
7475,17,89.14,37.96,1,0,1,0
7476,7,29.89,49.13,1,0,1,0
7477,10,25.67,6.6,2,0,1,0
7478,13,54.77,7.12,2,0,0,0
7479,3,75.62,2.38,3,0,1,0
7480,4,20.76,8.94,1,0,1,0
7481,3,57.85,44.33,1,0,1,0
7482,18,133.92,44.21,1,0,1,0
7483,15,344.76,44.8,1,0,1,0
7484,17,61.32,15.5,1,1,0,0
7485,21,100.29,35.04,1,0,0,0
7486,6,33.59,25.56,1,0,1,0
7487,1,89.48,41.66,4,0,1,0
7488,3,45.83,10.07,1,0,0,0
7489,14,614.9,13.42,1,0,0,0
7490,21,49.09,0.63,1,0,1,0
7491,13,26.21,55.31,1,0,1,0
7492,14,286.77,12.25,2,0,0,1
7493,2,31.38,40.43,3,0,1,0
7494,7,34.13,23.52,1,0,1,0
7495,12,14.61,0.44,1,0,1,0
7496,4,41.45,40.53,1,0,0,0
7497,19,58.8,43.01,1,0,1,0
7498,14,48.88,35.62,3,0,1,0
7499,13,97.88,67.3,1,0,1,0
7500,5,149.66,6.89,2,0,1,0
7501,4,109.41,54.45,1,0,1,0
7502,10,42.22,15.7,1,0,1,0
7503,18,52.1,44.04,1,0,1,0
7504,16,38.4,31.67,1,0,1,0
7505,22,190.71,10.34,1,0,0,0
7506,19,40.08,0.9,1,0,1,0
7507,19,193.99,45.85,1,0,0,0
7508,23,17.77,1.54,1,1,1,0
7509,22,161.95,4.83,2,0,1,0
7510,9,50.83,16.13,1,0,1,0
7511,14,43.84,37.68,1,0,1,0
7512,10,3.55,2.8,1,1,1,0
7513,17,63.32,77.86,1,0,1,0
7514,13,26.89,39.35,1,1,1,0
7515,16,115.24,23.4,1,0,1,0
7516,0,80.18,23.84,1,0,0,0
7517,22,28.53,47.29,1,0,0,0
7518,13,59.71,1.14,1,0,1,0
7519,3,157.77,68.36,1,0,0,0
7520,2,31.62,2.51,5,0,0,0
7521,22,17.53,17.29,3,0,1,0
7522,12,32.67,0.94,1,0,1,0
7523,13,109.72,7.98,1,0,0,0
7524,4,58.97,18.44,3,0,1,0
7525,14,97.13,30.0,2,0,0,0
7526,19,25.22,35.35,1,0,1,0
7527,0,40.73,56.74,1,0,1,0
7528,15,220.54,1.77,1,0,1,0
7529,16,68.36,9.33,1,1,0,0
7530,15,80.94,9.35,1,0,1,0
7531,22,20.38,11.62,1,0,0,0
7532,10,269.84,20.9,1,0,1,0
7533,11,24.51,1.28,1,0,1,0
7534,5,33.58,10.3,1,1,1,0
7535,14,67.28,16.78,1,0,1,0
7536,8,323.97,33.98,1,0,1,0
7537,16,219.11,10.9,1,0,0,0
7538,22,21.53,17.02,3,0,1,0
7539,15,33.43,80.69,1,0,1,0
7540,21,34.09,75.16,1,0,0,0
7541,18,165.45,38.26,1,0,0,0
7542,7,70.83,18.16,5,0,1,0
7543,5,22.22,75.73,3,0,1,0
7544,16,32.07,25.13,1,0,1,0
7545,15,59.43,43.79,1,0,1,0
7546,3,53.55,25.16,1,0,1,0
7547,17,72.99,58.83,1,0,1,0
7548,14,30.48,47.5,1,0,1,0
7549,17,214.73,3.64,1,0,1,0
7550,11,45.73,72.07,1,0,0,0
7551,1,155.15,44.25,4,0,1,0
7552,19,31.55,55.0,1,0,0,0
7553,3,28.58,57.73,3,0,0,0
7554,12,26.22,28.86,1,1,0,0
7555,2,146.98,2.12,1,0,0,0
7556,5,138.08,15.75,1,0,1,0
7557,2,84.58,6.38,1,0,1,0
7558,13,300.29,0.16,1,0,1,0
7559,5,65.13,53.85,1,0,1,0
7560,20,89.33,0.56,3,0,1,0
7561,3,29.99,2.6,1,0,0,0
7562,1,105.9,28.73,1,0,1,0
7563,0,170.64,34.0,1,1,1,0
7564,2,93.72,1.5,1,0,1,0
7565,15,43.03,17.84,2,0,1,0
7566,19,105.0,16.43,1,0,1,0
7567,16,132.46,78.17,1,0,1,0
7568,5,38.68,15.38,1,0,1,0
7569,1,35.34,13.77,1,1,1,0
7570,20,240.94,55.39,2,0,0,0
7571,15,55.14,3.26,1,0,1,0
7572,22,314.98,75.88,1,0,1,0
7573,13,15.16,6.46,2,0,1,0
7574,2,54.48,7.35,2,0,1,0
7575,18,102.3,20.37,1,0,1,0
7576,1,133.39,21.26,2,0,0,0
7577,10,16.1,7.77,1,1,1,0
7578,10,53.11,18.53,1,0,0,0
7579,18,39.03,36.79,1,0,0,0
7580,12,11.6,0.1,1,0,1,0
7581,0,79.49,18.08,3,0,1,0
7582,21,102.61,19.18,1,0,1,0
7583,9,20.34,59.67,3,0,1,0
7584,19,150.7,13.68,1,0,1,0
7585,10,193.01,39.49,4,0,1,0
7586,2,96.29,9.28,1,1,0,0
7587,1,42.6,26.46,1,0,1,0
7588,20,71.02,45.25,1,0,0,0
7589,6,148.58,10.83,1,0,0,0
7590,7,22.73,0.26,4,0,1,0
7591,3,105.43,87.8,1,0,0,1
7592,9,87.48,40.31,1,0,0,0
7593,14,28.99,75.34,3,0,1,0
7594,4,150.75,11.38,2,0,1,0
7595,11,127.81,3.36,1,0,1,0
7596,10,216.09,18.86,1,0,0,0
7597,13,98.19,28.76,2,0,1,0
7598,17,84.49,25.83,1,0,1,0
7599,21,52.47,5.11,1,0,1,0
7600,4,56.88,49.01,2,0,1,0
7601,4,30.58,15.17,1,0,1,0
7602,15,106.61,19.34,1,0,1,0
7603,4,231.82,33.5,1,0,1,0
7604,9,114.09,6.85,1,0,1,0
7605,4,480.32,1.86,1,0,0,0
7606,13,66.14,50.61,1,0,1,0
7607,0,169.04,58.97,1,0,1,0
7608,11,140.02,8.64,1,0,0,0
7609,9,29.69,60.68,4,0,1,0
7610,13,34.11,12.6,1,0,1,0
7611,1,156.36,0.12,1,0,0,0
7612,5,109.87,8.33,2,0,1,0
7613,5,30.03,9.43,1,0,1,0
7614,9,132.45,28.44,1,0,1,0
7615,11,46.34,57.86,1,0,1,0
7616,1,40.81,14.22,1,0,1,0
7617,11,31.04,21.08,1,0,0,0
7618,1,33.34,37.08,2,0,1,0
7619,20,208.92,9.85,2,0,0,0
7620,0,16.43,28.31,1,0,1,0
7621,4,17.65,40.31,1,0,1,0
7622,19,91.08,45.42,1,0,1,0
7623,9,228.11,18.28,1,0,1,0
7624,12,43.57,83.26,1,0,1,0
7625,11,24.01,7.7,3,0,0,1
7626,9,79.41,29.91,1,0,1,0
7627,2,48.63,10.48,1,0,1,0
7628,5,44.07,11.0,1,0,1,0
7629,4,57.08,34.14,1,0,1,0
7630,16,75.26,19.15,1,0,1,0
7631,7,237.04,43.58,1,0,1,0
7632,11,37.23,6.73,1,0,1,0
7633,21,29.18,4.63,1,0,1,0
7634,1,32.33,3.85,1,0,0,0
7635,21,58.29,36.85,5,0,1,0
7636,20,101.51,21.97,1,0,1,0
7637,12,30.62,21.0,1,0,1,0
7638,20,35.08,43.79,1,0,1,0
7639,23,496.85,60.81,1,0,1,0
7640,9,37.43,7.52,2,0,1,0
7641,4,168.57,42.72,3,0,1,0
7642,1,91.73,8.67,1,0,0,0
7643,1,118.24,7.87,1,0,1,0
7644,20,229.93,16.83,1,0,0,0
7645,11,97.9,5.31,3,0,1,0
7646,16,76.86,23.15,1,0,1,0
7647,14,124.57,35.85,1,0,0,0
7648,2,82.15,41.97,1,0,1,0
7649,11,121.1,68.44,2,0,1,0
7650,23,59.43,75.65,4,0,0,1
7651,23,59.12,44.73,2,0,1,0
7652,10,80.92,37.14,2,0,1,0
7653,9,96.51,5.06,1,0,0,0
7654,6,120.07,10.21,1,0,1,0
7655,7,29.03,0.31,2,0,1,0
7656,23,96.34,20.89,1,0,1,0
7657,19,12.86,29.82,2,0,0,0
7658,6,85.18,39.88,1,0,0,1
7659,6,18.35,18.9,1,0,0,0
7660,19,20.38,24.1,1,0,1,0
7661,19,417.89,51.12,1,0,1,0
7662,0,167.9,50.23,1,0,1,0
7663,2,33.35,52.03,1,0,1,0
7664,2,66.66,29.03,3,0,1,0
7665,7,44.55,39.34,1,0,1,0
7666,23,68.75,9.14,1,0,0,0
7667,5,69.39,11.29,1,0,1,0
7668,3,25.93,31.38,1,0,1,0
7669,0,59.42,54.7,4,0,1,0
7670,10,267.19,31.04,2,0,1,0
7671,19,44.6,18.54,1,0,1,0
7672,16,39.26,51.54,1,0,1,0
7673,14,271.13,8.25,2,1,1,0
7674,15,140.16,5.99,2,0,1,0
7675,11,86.22,68.06,1,0,0,0
7676,17,76.41,18.46,2,0,1,0
7677,5,38.47,21.18,1,0,1,0
7678,23,258.1,6.95,1,1,0,0
7679,14,75.3,0.23,1,0,1,0
7680,9,82.0,9.45,1,0,1,0
7681,15,23.25,4.92,1,0,1,0
7682,22,40.24,45.9,1,0,1,0
7683,10,366.41,16.99,1,1,1,0
7684,8,22.88,37.1,1,0,1,0
7685,0,27.2,21.84,1,0,1,0
7686,23,21.92,31.99,1,0,1,0
7687,17,129.23,24.68,1,0,1,0
7688,14,19.42,43.38,2,0,0,0
7689,14,27.74,62.72,1,0,1,0
7690,19,61.24,9.95,1,0,1,0
7691,10,252.35,73.9,1,0,1,0
7692,23,177.48,10.98,1,0,0,0
7693,1,224.65,14.58,1,0,1,0
7694,8,123.51,37.27,1,0,1,0
7695,14,105.84,23.19,1,0,1,0
7696,7,437.61,5.17,1,0,1,0
7697,13,194.29,27.01,3,0,0,0
7698,18,68.61,30.62,1,0,1,0
7699,11,12.82,4.91,1,0,1,0
7700,21,75.5,7.39,2,0,1,0
7701,10,114.43,19.94,1,0,1,0
7702,19,31.68,67.89,2,0,1,0
7703,11,90.77,8.11,1,0,1,0
7704,4,46.53,53.01,1,0,1,0
7705,6,52.38,9.64,1,0,1,0
7706,6,114.33,50.96,3,0,1,0
7707,10,287.27,12.09,1,0,1,0
7708,1,263.04,3.06,1,0,1,0
7709,2,127.85,13.93,1,0,1,0
7710,10,22.62,8.29,1,0,1,0
7711,11,110.67,13.8,2,0,1,0
7712,6,18.23,4.06,1,0,1,0
7713,1,18.02,43.28,1,0,0,0
7714,16,80.06,47.24,1,0,1,0
7715,12,10.07,42.17,1,0,1,0
7716,8,181.79,5.1,1,0,0,0
7717,8,309.7,32.17,1,0,1,0
7718,6,18.6,15.44,1,0,0,0
7719,8,546.24,61.45,1,0,0,0
7720,18,182.08,55.57,1,0,1,0
7721,21,67.39,30.65,1,0,1,0
7722,5,198.82,16.72,1,0,1,0
7723,4,203.68,20.43,1,0,1,0
7724,15,36.47,37.11,3,0,0,0
7725,20,21.18,25.67,4,1,1,1
7726,11,73.21,46.83,1,0,0,0
7727,1,100.43,63.84,1,0,1,0
7728,11,31.41,32.96,1,0,0,0
7729,14,186.9,50.7,1,0,0,0
7730,20,110.44,53.64,1,0,1,0
7731,22,40.14,37.32,3,1,1,0
7732,3,60.5,51.38,1,0,1,0
7733,15,74.51,2.04,4,0,1,0
7734,17,38.63,37.56,1,0,1,0
7735,20,141.39,4.14,1,0,1,0
7736,18,96.48,2.35,1,0,1,0
7737,22,18.01,7.13,1,0,0,0
7738,20,46.05,28.91,2,0,1,0
7739,4,310.27,51.57,1,0,1,0
7740,9,73.88,70.69,5,0,1,0
7741,0,83.32,7.92,1,0,1,0
7742,14,55.03,39.15,1,0,1,0
7743,12,52.89,28.48,2,0,1,0
7744,10,167.68,28.6,1,0,1,0
7745,15,22.8,9.45,1,0,1,0
7746,18,40.19,0.59,1,0,1,0
7747,15,48.07,5.8,1,0,1,0
7748,16,25.16,35.3,1,0,1,0
7749,23,64.81,20.64,1,1,1,0
7750,22,127.19,23.23,1,0,1,0
7751,9,166.03,54.36,1,0,1,0
7752,2,333.0,26.78,1,0,1,1
7753,20,51.48,18.7,1,0,1,0
7754,15,29.35,12.47,1,0,1,0
7755,9,231.77,27.78,1,0,1,0
7756,9,45.36,4.53,1,0,1,0
7757,10,153.69,22.39,1,0,0,0
7758,8,56.23,75.49,2,0,1,0
7759,22,123.44,18.37,1,0,1,0
7760,21,133.61,1.74,1,0,1,0
7761,1,93.89,26.99,1,0,1,0
7762,12,129.21,41.47,1,0,0,0
7763,12,19.65,48.97,1,0,1,0
7764,21,53.9,30.54,1,0,1,0
7765,22,121.64,83.9,1,0,0,0
7766,1,229.7,59.69,1,0,1,0
7767,1,94.23,39.32,1,0,1,0
7768,6,73.22,4.36,1,0,0,0
7769,6,36.35,33.65,3,0,0,0
7770,15,100.51,42.71,1,0,0,0
7771,22,131.07,28.87,1,0,1,0
7772,4,88.08,11.99,1,0,0,0
7773,11,41.92,5.15,1,0,0,0
7774,2,134.21,20.2,1,0,1,0
7775,0,539.24,0.95,1,0,0,0
7776,4,16.21,3.44,1,0,0,0
7777,1,131.98,5.09,3,0,0,0
7778,16,122.91,38.13,1,0,1,0
7779,7,651.86,23.31,1,0,1,0
7780,23,52.43,40.87,2,0,0,0
7781,18,151.26,36.35,1,0,1,0
7782,11,87.65,0.01,1,0,1,0
7783,17,52.42,2.09,1,1,0,0
7784,10,242.5,6.92,1,0,1,0
7785,0,59.24,28.5,1,0,1,0
7786,13,278.67,2.85,1,0,1,0
7787,15,1074.17,19.03,1,0,1,0
7788,8,49.7,9.78,2,0,1,0
7789,22,88.2,18.53,4,0,0,1
7790,8,70.56,55.89,1,0,0,0
7791,8,646.78,69.9,3,0,1,1
7792,19,129.91,28.07,2,0,1,0
7793,12,13.13,64.91,1,0,1,0
7794,17,39.82,21.18,1,0,0,0
7795,21,23.32,33.94,1,0,0,0
7796,19,4.23,0.73,1,0,1,0
7797,2,15.29,36.87,1,0,1,0
7798,14,63.61,66.48,1,0,1,0
7799,15,170.8,17.21,1,0,1,0
7800,5,24.75,20.27,1,0,1,0
7801,3,98.27,42.81,1,0,1,0
7802,1,181.03,17.64,1,0,1,0
7803,6,99.24,2.72,1,0,1,0
7804,11,61.22,6.96,1,0,1,0
7805,19,125.84,13.54,1,0,1,0
7806,11,22.49,74.47,1,0,1,0
7807,1,127.54,51.26,1,0,1,0
7808,3,51.32,54.68,1,0,1,0
7809,11,10.92,10.52,2,1,1,0
7810,10,63.64,3.46,1,0,1,0
7811,9,21.78,38.48,1,0,1,0
7812,11,73.1,32.69,1,0,0,0
7813,10,66.7,39.04,1,0,1,0
7814,8,29.49,0.2,1,0,1,0
7815,20,86.07,23.39,1,0,1,0
7816,18,41.14,13.21,1,0,1,0
7817,11,50.56,88.28,1,0,1,0
7818,11,148.35,32.59,1,0,1,0
7819,12,287.0,36.98,1,0,1,0
7820,21,134.99,36.97,1,0,1,0
7821,1,56.12,58.36,1,0,1,0
7822,7,50.39,22.82,1,1,1,0
7823,17,32.52,32.86,1,0,1,0
7824,19,185.7,10.48,2,1,1,0
7825,17,103.85,36.94,1,0,1,0
7826,23,41.59,45.3,1,0,0,0
7827,10,207.48,30.07,1,0,1,0
7828,5,146.93,15.15,1,0,1,0
7829,21,122.95,81.34,1,0,1,0
7830,0,94.3,67.51,1,0,1,0
7831,4,30.29,2.92,1,0,0,0
7832,12,246.12,27.94,2,0,1,0
7833,6,92.96,88.33,1,0,1,0
7834,21,134.42,0.72,1,1,0,0
7835,2,40.03,19.78,1,0,1,0
7836,2,81.43,77.87,5,0,1,0
7837,14,57.4,30.42,1,0,1,0
7838,14,68.59,42.35,1,0,0,0
7839,22,126.19,9.86,1,0,1,0
7840,6,360.83,69.41,1,0,1,0
7841,16,28.26,27.34,1,0,1,0
7842,7,435.96,22.24,1,0,0,0
7843,18,111.2,35.8,1,0,1,0
7844,11,61.03,1.13,1,0,1,0
7845,13,71.57,67.41,1,0,1,0
7846,10,450.11,50.86,1,0,1,0
7847,1,200.23,44.32,5,0,1,0
7848,6,88.9,44.36,2,0,0,0
7849,18,121.02,14.46,1,0,1,0
7850,14,37.95,2.32,2,0,1,0
7851,5,280.43,44.38,1,0,0,0
7852,0,123.03,5.85,1,0,1,0
7853,12,40.17,11.65,1,0,0,0
7854,7,161.19,27.7,1,0,1,0
7855,18,73.13,44.33,1,0,1,0
7856,18,169.52,72.71,2,0,1,0
7857,18,80.45,31.09,3,0,1,0
7858,5,141.5,8.18,1,0,1,0
7859,15,600.11,2.92,3,0,0,0
7860,11,20.92,61.64,2,0,1,0
7861,6,34.13,6.93,1,0,1,0
7862,4,200.5,22.49,1,0,1,0
7863,13,94.83,18.25,2,0,1,0
7864,18,93.48,8.14,1,0,1,0
7865,2,57.95,23.57,1,0,1,0
7866,22,82.36,39.63,1,0,1,0
7867,19,74.96,31.49,1,0,1,0
7868,9,47.54,6.5,1,0,0,0
7869,9,92.7,16.15,1,0,1,0
7870,19,32.95,37.22,1,0,0,0
7871,2,165.25,50.08,1,0,0,0
7872,21,84.53,1.38,2,0,1,0
7873,11,61.25,86.01,1,0,0,0
7874,11,20.93,13.43,3,0,1,0
7875,1,25.22,16.2,3,0,0,0
7876,5,34.73,29.43,1,0,1,0
7877,13,244.31,22.35,1,0,1,0
7878,4,36.1,36.59,1,0,1,0
7879,7,29.78,27.04,1,0,1,0
7880,6,79.98,7.13,1,0,1,0
7881,11,29.35,19.95,1,0,1,0
7882,14,63.49,14.71,1,0,1,0
7883,20,141.53,20.79,3,0,1,0
7884,13,34.42,38.32,1,0,1,0
7885,5,123.25,9.17,1,0,1,0
7886,10,12.45,53.22,1,0,1,0
7887,12,197.42,11.25,1,1,1,0
7888,21,175.81,21.09,1,0,1,0
7889,20,29.14,59.56,1,0,1,0
7890,14,74.76,17.12,2,0,1,0
7891,7,192.7,40.13,1,0,1,0
7892,14,26.93,43.06,1,0,0,0
7893,21,41.46,6.88,2,0,1,0
7894,8,55.4,4.79,1,1,0,0
7895,0,25.74,24.09,1,0,0,0
7896,16,71.45,10.47,1,0,0,0
7897,4,24.04,0.93,3,0,1,0
7898,13,22.3,30.27,1,0,1,0
7899,17,206.77,32.45,1,0,1,0
7900,5,18.53,9.23,1,0,0,0
7901,2,56.54,40.05,1,0,1,0
7902,6,24.62,7.88,1,0,0,0
7903,21,68.54,3.13,1,0,1,0
7904,14,25.43,0.24,1,0,1,0
7905,10,111.37,56.65,1,0,1,0
7906,19,169.53,0.35,2,0,1,0
7907,8,94.29,6.45,1,0,1,0
7908,4,224.23,12.12,1,0,0,0
7909,17,132.43,15.66,1,0,1,0
7910,20,329.28,38.72,1,0,1,0
7911,17,167.39,21.13,1,0,1,0
7912,21,126.96,3.88,1,0,0,0
7913,19,44.72,23.07,1,0,1,0
7914,7,186.93,11.77,1,0,1,0
7915,5,155.98,72.6,3,0,1,0
7916,14,72.04,49.62,2,1,1,0
7917,1,64.33,4.43,1,0,0,0
7918,13,150.86,2.34,1,0,1,0
7919,9,59.09,16.51,2,0,1,0
7920,20,140.5,57.84,1,0,1,0
7921,20,484.42,47.83,1,0,1,0
7922,3,86.68,51.44,3,0,1,0
7923,6,13.38,9.57,1,0,1,0
7924,2,110.71,6.97,1,0,0,0
7925,7,26.79,55.71,1,0,1,0
7926,11,63.19,67.11,1,0,0,0
7927,7,61.89,5.83,1,0,0,0
7928,11,100.98,24.49,1,0,0,0
7929,4,86.18,4.06,1,0,1,0
7930,21,66.18,26.58,1,0,1,0
7931,20,110.37,31.24,1,0,1,0
7932,22,15.82,0.65,2,0,1,0
7933,23,53.71,5.09,1,0,0,0
7934,17,40.23,40.87,2,0,1,0
7935,21,41.61,0.93,1,0,1,0
7936,20,306.94,14.08,1,0,0,0
7937,10,96.67,46.29,1,1,0,0
7938,14,148.63,29.2,1,0,1,0
7939,14,74.96,38.21,2,0,1,0
7940,22,101.95,20.18,1,1,0,0
7941,8,19.97,19.12,1,0,1,0
7942,10,126.48,38.67,1,0,1,0
7943,21,382.97,17.48,1,0,1,0
7944,7,74.97,32.78,2,0,0,0
7945,13,23.17,12.4,1,0,1,0
7946,8,452.09,6.43,1,0,1,0
7947,6,120.09,66.2,1,0,0,1
7948,2,39.18,27.05,1,0,0,0
7949,7,159.64,2.96,1,0,1,0
7950,14,146.56,35.94,1,0,0,0
7951,7,179.23,61.08,2,0,1,0
7952,20,38.0,5.26,1,0,1,0
7953,17,129.52,32.97,1,0,0,0
7954,23,74.4,6.09,1,0,1,0
7955,11,64.71,29.33,1,0,1,0
7956,4,49.64,48.63,2,0,1,0
7957,14,55.12,37.55,2,0,0,0
7958,18,15.58,17.83,1,0,1,0
7959,12,31.03,89.93,1,0,1,0
7960,17,68.25,8.12,1,0,0,0
7961,6,59.97,26.97,4,0,0,0
7962,22,114.05,32.76,1,0,1,0
7963,4,28.52,28.86,2,0,1,0
7964,18,103.1,37.26,1,0,0,0
7965,19,201.06,37.21,1,0,1,0
7966,21,47.29,58.82,1,0,1,0
7967,16,225.06,40.91,3,0,1,0
7968,17,170.72,33.5,1,0,1,0
7969,11,50.69,20.52,2,0,1,0
7970,1,79.82,16.22,1,0,1,0
7971,23,63.22,31.4,1,0,0,0
7972,18,104.77,22.29,1,0,0,0
7973,14,137.58,19.11,1,0,1,0
7974,13,79.0,21.28,2,0,1,0
7975,21,45.78,75.1,2,0,1,0
7976,10,215.31,49.58,1,0,1,0
7977,18,132.92,27.78,1,0,0,0
7978,8,126.12,30.54,1,0,1,0
7979,9,34.4,37.29,1,0,1,0
7980,15,158.24,6.31,3,0,1,0
7981,7,75.47,66.47,2,0,1,0
7982,17,66.31,27.46,1,0,1,0
7983,9,95.9,20.15,1,0,1,0
7984,21,104.96,63.12,1,0,1,0
7985,15,118.03,4.9,1,1,0,0
7986,3,32.85,30.29,1,0,1,0
7987,9,232.32,54.77,1,0,1,0
7988,7,245.0,2.36,2,0,1,0
7989,4,49.54,59.74,1,0,1,0
7990,9,121.23,62.79,2,0,0,0
7991,19,145.1,57.03,2,0,1,0
7992,17,86.85,14.02,1,0,1,0
7993,16,204.23,1.28,2,0,0,0
7994,17,49.95,25.39,1,0,1,0
7995,4,32.16,42.14,2,0,1,0
7996,19,44.54,27.0,1,0,1,0
7997,4,33.54,7.57,4,0,1,0
7998,20,135.06,11.01,1,0,1,0
7999,0,90.57,3.96,1,0,0,0
8000,7,44.81,19.66,1,0,1,0
8001,8,80.13,30.69,1,0,0,0
8002,12,95.54,13.76,2,0,0,0
8003,7,100.89,9.86,4,0,1,0
8004,14,169.53,6.46,2,0,1,0
8005,0,25.14,12.19,1,0,1,0
8006,8,213.03,27.74,2,0,1,0
8007,17,293.2,59.19,1,0,1,0
8008,17,76.02,21.87,1,0,1,0
8009,23,162.29,9.17,1,0,1,0
8010,21,125.35,15.69,1,0,1,0
8011,13,47.62,5.05,1,0,0,0
8012,11,33.46,44.16,1,0,0,0
8013,14,24.75,37.44,3,0,1,0
8014,12,46.35,21.63,1,0,0,0
8015,0,88.16,22.08,1,0,1,0
8016,14,114.93,24.16,1,0,1,0
8017,6,31.42,18.79,1,0,1,0
8018,17,104.69,12.16,1,0,1,0
8019,12,403.97,14.45,1,1,1,0
8020,13,115.28,64.39,2,0,0,0
8021,5,199.1,38.31,1,0,1,0
8022,21,93.74,23.01,1,0,1,0
8023,21,199.7,14.25,1,0,1,0
8024,3,221.03,28.5,1,0,1,0
8025,16,64.63,21.34,1,0,1,0
8026,14,110.92,23.65,1,0,1,0
8027,21,116.81,5.61,1,0,0,0
8028,21,239.38,50.16,1,0,1,0
8029,10,127.52,16.63,1,0,1,0
8030,23,99.04,6.21,1,0,1,0
8031,16,13.56,13.97,1,0,1,0
8032,11,17.57,27.43,1,1,1,0
8033,4,228.78,39.22,2,0,1,0
8034,21,309.0,26.39,1,0,1,0
8035,11,276.28,10.51,1,0,1,0
8036,12,48.47,33.83,5,0,0,0
8037,7,121.43,27.98,1,0,1,0
8038,22,101.3,37.06,1,0,1,0
8039,10,184.13,8.32,1,0,1,0
8040,18,107.09,8.77,1,0,1,0
8041,8,44.0,24.36,2,0,1,0
8042,15,124.12,29.59,1,0,0,0
8043,7,56.77,53.53,1,0,1,0
8044,10,53.88,70.93,1,0,0,0
8045,7,28.01,14.47,2,0,1,0
8046,16,218.76,17.33,1,0,0,0
8047,3,46.27,3.39,2,0,1,0
8048,23,326.35,49.05,1,0,1,0
8049,7,252.57,26.61,1,0,1,0
8050,14,21.98,25.65,1,0,1,0
8051,10,70.06,15.25,3,0,0,0
8052,1,55.45,5.52,1,0,1,0
8053,17,74.91,38.12,1,1,1,0
8054,17,158.35,33.99,1,0,0,0
8055,4,54.19,19.5,5,0,1,0
8056,19,75.2,69.09,2,0,1,0
8057,0,61.63,1.93,1,0,1,0
8058,3,23.36,55.07,1,0,1,0
8059,19,113.87,35.8,1,0,1,0
8060,19,12.4,24.65,1,0,1,0
8061,16,152.72,11.8,2,0,1,0
8062,12,112.64,10.72,1,0,1,0
8063,7,76.42,20.5,2,0,1,0
8064,11,38.43,1.23,1,1,1,0
8065,19,15.36,28.8,1,0,0,0
8066,1,58.31,19.93,2,0,1,0
8067,23,161.01,48.42,1,0,1,0
8068,16,30.37,0.38,1,0,1,0
8069,19,43.85,10.18,1,0,0,0
8070,7,25.62,10.61,1,0,1,0
8071,23,72.69,54.55,2,0,1,0
8072,17,78.98,18.55,2,0,0,1
8073,11,107.6,5.78,1,0,1,0
8074,10,55.45,4.34,3,0,0,0
8075,16,5.35,39.53,1,0,0,0
8076,11,68.04,6.84,4,1,1,0
8077,21,222.66,2.45,1,0,1,0
8078,13,23.5,35.39,1,0,0,0
8079,0,163.37,28.91,1,0,1,0
8080,9,189.29,15.15,1,0,1,0
8081,18,57.84,53.66,1,0,1,0
8082,23,73.86,4.08,1,0,1,0
8083,4,110.48,8.17,1,0,1,0
8084,0,101.95,11.18,2,0,1,0
8085,8,505.93,79.44,1,0,1,0
8086,10,161.2,25.1,2,0,1,0
8087,12,22.51,100.4,1,0,1,0
8088,19,159.85,41.63,2,0,0,0
8089,13,88.18,90.22,1,0,1,0
8090,16,89.45,7.36,1,0,0,0
8091,20,294.24,7.24,1,0,1,0
8092,18,171.61,34.1,1,0,1,0
8093,0,51.45,17.68,1,0,0,0
8094,0,125.42,14.42,1,0,0,0
8095,7,17.34,18.1,4,0,0,0
8096,21,58.47,17.45,1,0,1,0
8097,23,31.92,3.35,1,0,1,0
8098,22,145.52,2.15,1,0,1,0
8099,21,154.0,44.85,1,0,1,0
8100,14,51.35,10.09,1,0,1,0
8101,14,92.11,37.49,1,0,0,0
8102,14,152.46,5.25,1,0,0,0
8103,1,25.47,31.15,1,0,1,0
8104,23,50.48,9.81,1,0,1,0
8105,18,155.41,30.14,1,0,1,0
8106,2,78.19,23.77,1,0,1,0
8107,9,108.79,55.11,1,0,1,0
8108,17,142.93,35.61,1,0,1,0
8109,4,97.25,19.59,2,0,1,0
8110,11,31.76,58.9,3,0,1,0
8111,10,427.11,9.05,3,0,1,0
8112,1,19.76,18.91,1,0,0,0
8113,13,123.07,34.51,2,1,1,0
8114,17,33.11,38.61,1,0,0,0
8115,4,30.58,38.36,1,0,1,1
8116,10,50.98,14.96,2,0,1,0
8117,5,90.48,41.07,1,0,0,0
8118,0,38.25,75.18,1,0,1,0
8119,8,9.65,6.33,1,0,0,0
8120,21,81.99,3.78,1,0,1,0
8121,23,241.25,38.11,1,0,1,0
8122,13,9.29,17.86,1,0,0,0
8123,1,190.09,20.55,1,0,1,0
8124,4,28.69,15.08,2,0,0,0
8125,13,21.42,55.39,1,0,0,0
8126,0,39.15,1.28,2,0,0,0
8127,19,31.18,52.46,3,0,1,0
8128,4,27.41,33.14,1,0,1,0
8129,0,398.14,19.4,1,0,0,0
8130,4,116.0,13.52,1,0,1,0
8131,15,119.63,1.1,1,0,1,0
8132,13,56.22,49.66,1,0,1,0
8133,20,34.44,70.72,1,0,0,0
8134,6,27.27,30.0,1,0,1,0
8135,21,38.16,34.23,1,0,1,0
8136,12,227.76,5.17,1,1,1,0
8137,18,128.59,18.02,1,0,1,0
8138,11,142.91,44.91,1,0,1,0
8139,2,146.89,50.56,1,0,1,0
8140,2,62.7,32.57,1,0,1,0
8141,14,214.23,8.15,1,0,1,0
8142,12,65.67,25.32,1,0,0,0
8143,23,48.49,32.91,1,1,0,0
8144,10,78.33,6.1,1,0,0,0
8145,3,74.37,33.69,1,0,1,0
8146,14,196.28,28.64,1,0,1,0
8147,9,49.65,63.54,1,0,1,0
8148,20,77.69,34.52,1,0,1,0
8149,18,91.25,23.31,2,1,1,0
8150,2,18.7,50.35,2,0,1,0
8151,4,11.08,31.66,1,0,1,0
8152,17,154.05,17.13,1,0,1,0
8153,16,45.57,11.33,1,0,1,0
8154,0,271.16,1.89,1,0,1,0
8155,11,192.44,45.15,1,0,1,0
8156,10,24.97,22.23,1,0,1,0
8157,12,80.48,24.33,1,0,1,0
8158,12,134.66,27.08,1,0,1,0
8159,20,72.08,2.27,1,0,0,0
8160,9,75.62,79.75,1,0,0,0
8161,15,323.84,54.81,1,0,1,0
8162,4,94.71,25.79,1,0,0,0
8163,18,10.58,37.37,3,0,1,0
8164,1,53.29,42.26,2,1,0,0
8165,17,223.08,25.45,1,0,0,0
8166,23,75.07,4.37,2,0,1,0
8167,23,51.53,36.02,1,0,0,0
8168,7,211.36,49.09,1,0,1,0
8169,17,87.26,110.39,1,0,0,0
8170,13,186.51,31.97,3,0,1,0
8171,12,77.18,32.14,3,0,1,0
8172,6,56.49,5.15,2,0,1,0
8173,4,23.49,8.87,3,0,1,0
8174,3,74.56,39.02,1,0,1,0
8175,23,73.93,5.65,2,0,0,0
8176,23,59.16,32.41,1,0,1,0
8177,1,419.8,25.74,1,0,1,0
8178,15,148.28,13.1,1,0,1,0
8179,20,40.17,31.28,1,0,1,0
8180,14,76.64,40.0,1,0,1,0
8181,22,69.21,23.43,1,0,0,0
8182,17,40.74,40.61,3,0,1,0
8183,10,69.08,29.82,1,0,0,0
8184,19,121.25,39.5,1,1,1,0
8185,4,77.12,70.83,1,0,1,0
8186,21,43.25,80.93,1,0,1,0
8187,15,46.62,54.23,1,0,1,0
8188,3,13.77,12.77,1,0,0,0
8189,16,169.82,1.45,3,0,1,0
8190,2,95.78,55.59,2,0,0,0
8191,7,24.56,18.18,4,0,1,0
8192,13,23.21,31.58,2,0,1,0
8193,7,240.47,1.99,1,0,0,0
8194,22,59.24,19.29,1,0,0,0
8195,13,46.0,16.1,1,0,1,0
8196,1,124.33,49.61,1,0,1,0
8197,8,64.09,40.28,1,0,1,0
8198,1,17.1,14.06,1,0,1,0
8199,13,81.67,10.92,1,0,0,0
8200,7,31.95,74.67,1,0,1,0
8201,0,116.57,13.64,1,0,0,0
8202,19,47.93,46.16,1,0,1,0
8203,7,29.87,31.59,1,0,0,0
8204,15,18.81,7.33,1,0,0,0
8205,15,14.63,20.13,1,0,1,0
8206,2,57.73,53.9,1,0,0,0
8207,4,54.45,6.39,1,0,1,0
8208,20,24.27,40.8,1,0,1,0
8209,10,55.82,18.31,1,0,1,0
8210,12,98.3,15.99,1,0,1,0
8211,12,21.97,26.55,1,0,1,0
8212,9,86.6,36.43,4,0,1,0
8213,0,48.36,19.21,1,0,1,0
8214,22,131.07,19.99,3,0,1,0
8215,0,687.55,2.78,1,0,0,1
8216,18,51.22,102.0,3,0,0,0
8217,13,41.33,42.53,2,0,1,0
8218,18,57.97,47.13,4,0,1,0
8219,3,62.83,58.36,1,1,0,0
8220,2,219.06,14.77,1,1,1,0
8221,20,112.95,43.53,1,0,1,0
8222,20,194.21,42.23,3,1,1,0
8223,18,24.03,8.64,1,0,1,0
8224,23,225.23,9.19,1,0,1,0
8225,0,88.58,27.96,1,0,0,0
8226,7,398.83,8.48,1,0,1,0
8227,19,89.91,10.63,1,0,1,0
8228,17,146.95,18.38,1,0,1,0
8229,18,115.87,50.72,1,1,0,0
8230,6,324.4,34.26,1,0,1,0
8231,23,38.93,44.09,3,0,0,0
8232,0,31.61,79.83,1,0,0,0
8233,21,61.92,19.62,1,0,1,0
8234,18,29.02,11.24,1,0,0,0
8235,5,27.54,62.19,1,0,1,0
8236,10,26.71,23.83,1,0,1,0
8237,5,199.79,16.74,1,0,1,0
8238,6,43.56,39.78,1,0,1,0
8239,5,154.08,10.96,1,0,0,0
8240,13,32.35,38.71,4,0,0,1
8241,15,192.18,33.72,1,0,1,0
8242,5,109.29,2.77,4,0,1,0
8243,23,6.58,46.06,1,0,1,0
8244,7,40.57,51.93,1,0,1,0
8245,9,44.52,20.51,1,0,1,0
8246,5,312.18,25.13,2,0,1,0
8247,12,65.42,34.27,1,0,1,0
8248,23,31.57,39.83,1,0,1,0
8249,9,58.85,11.47,1,0,1,0
8250,4,77.47,29.62,2,0,1,0
8251,8,149.46,19.9,1,0,0,0
8252,21,88.38,43.23,1,0,0,0
8253,8,42.0,75.2,1,0,0,0
8254,8,363.6,21.78,1,0,1,0
8255,3,243.63,35.67,2,0,1,0
8256,14,211.15,13.97,3,0,0,0
8257,11,70.34,33.5,1,0,0,0
8258,11,125.95,5.34,1,0,1,0
8259,0,42.44,39.51,1,0,1,0
8260,8,75.01,27.07,1,0,0,0
8261,16,71.86,87.0,2,0,1,0
8262,23,156.79,41.15,1,0,1,0
8263,19,324.41,12.71,1,0,1,0
8264,4,62.97,9.88,1,0,1,0
8265,23,144.62,35.42,3,0,0,0
8266,8,33.58,12.95,1,0,0,0
8267,13,19.17,21.84,1,0,1,0
8268,0,12.76,12.35,2,0,1,0
8269,8,59.52,11.62,1,0,1,0
8270,3,89.65,20.13,1,0,0,0
8271,3,64.27,40.36,1,0,1,0
8272,11,206.06,7.88,1,0,0,0
8273,2,59.89,42.94,1,0,1,0
8274,9,75.17,35.36,1,0,1,0
8275,20,39.1,22.64,1,0,1,0
8276,22,130.68,7.78,1,0,1,0
8277,9,40.95,4.65,1,0,1,0
8278,2,279.01,44.56,1,0,1,0
8279,21,32.63,11.26,1,0,1,0
8280,22,179.52,36.8,2,0,1,0
8281,5,25.26,35.61,1,0,0,0
8282,7,424.1,14.09,1,0,1,0
8283,18,48.23,10.17,1,0,0,0
8284,18,216.69,21.7,1,0,1,0
8285,16,174.35,31.41,1,0,1,0
8286,23,220.42,7.55,1,0,0,0
8287,19,38.13,1.4,1,0,1,0
8288,10,156.72,35.22,1,0,1,0
8289,13,15.5,13.31,1,0,0,0
8290,12,186.18,28.86,1,0,1,0
8291,18,47.36,10.46,1,0,1,0
8292,18,112.66,8.04,1,0,1,0
8293,5,194.03,0.71,1,0,0,0
8294,4,56.05,64.25,1,0,0,0
8295,2,69.96,27.58,1,0,1,0
8296,0,85.93,3.3,1,0,1,0
8297,11,134.75,41.79,1,0,0,0
8298,3,205.97,69.08,1,0,1,0
8299,15,67.99,7.03,1,0,1,0
8300,1,60.49,14.88,1,0,1,0
8301,18,108.07,14.5,1,0,1,0
8302,21,17.19,6.6,1,0,0,0
8303,20,57.59,1.02,1,0,0,0
8304,19,146.03,12.53,1,0,0,0
8305,16,154.91,61.16,1,0,1,0
8306,13,35.39,22.47,1,0,0,0
8307,8,42.86,40.63,2,0,1,0
8308,3,186.21,25.95,1,0,1,0
8309,11,412.94,43.48,1,0,0,0
8310,0,61.54,48.34,2,0,1,0
8311,0,73.4,17.87,1,0,1,0
8312,11,39.69,19.78,1,0,1,0
8313,10,148.13,12.07,1,0,0,0
8314,16,16.85,68.91,1,0,0,0
8315,2,100.2,20.9,2,0,0,0
8316,20,314.95,17.54,1,0,1,0
8317,11,107.07,43.48,1,0,1,0
8318,12,49.38,25.67,1,0,1,0
8319,8,38.78,48.52,4,0,1,0
8320,20,97.85,11.43,2,0,1,0
8321,2,137.75,6.75,1,0,1,0
8322,9,302.34,54.76,1,0,0,0
8323,20,246.21,41.7,1,0,1,0
8324,8,50.52,2.78,2,0,1,0
8325,22,120.83,4.39,1,0,1,0
8326,21,282.14,13.07,1,0,1,0
8327,13,180.36,55.71,1,0,1,0
8328,11,115.93,29.64,2,0,1,0
8329,6,67.07,26.2,1,0,0,0
8330,17,23.42,50.0,1,0,1,0
8331,21,240.88,22.08,1,0,1,0
8332,3,10.12,26.45,2,0,1,0
8333,15,32.1,47.39,1,0,1,0
8334,20,107.1,7.93,1,0,1,0
8335,3,39.54,28.75,1,0,1,0
8336,18,44.64,48.5,1,0,0,0
8337,14,26.3,14.28,1,0,0,0
8338,0,43.15,21.93,1,0,1,0
8339,2,65.16,26.18,1,0,0,0
8340,8,29.46,1.82,1,0,0,0
8341,1,95.44,57.98,2,0,1,0
8342,15,46.32,40.51,1,0,1,0
8343,3,113.03,22.59,1,0,0,0
8344,10,305.64,18.5,1,0,0,0
8345,23,63.74,19.1,1,1,1,0
8346,22,68.04,65.74,1,0,1,0
8347,23,35.47,89.12,1,0,1,0
8348,1,83.26,45.72,1,0,1,0
8349,5,28.95,7.5,1,0,0,0
8350,21,229.27,28.21,1,0,1,0
8351,5,115.74,69.46,1,0,1,0
8352,6,144.35,10.08,1,0,1,0
8353,11,69.46,42.98,1,0,1,0
8354,19,46.13,28.66,1,0,1,0
8355,2,359.74,47.33,1,1,1,0
8356,17,229.6,31.08,2,0,1,0
8357,14,172.63,62.99,1,0,1,0
8358,8,7.9,22.82,1,0,1,0
8359,5,57.66,13.99,1,0,1,0
8360,18,37.57,62.26,3,0,1,0
8361,3,86.68,10.47,1,0,1,1
8362,6,96.53,20.1,1,0,0,0
8363,17,257.88,33.13,1,0,1,0
8364,20,74.23,19.39,1,0,0,0
8365,18,10.49,29.18,2,0,1,0
8366,15,125.37,58.87,1,0,1,0
8367,10,42.84,25.26,1,0,1,0
8368,6,83.35,3.0,4,0,1,0
8369,5,37.57,74.16,1,0,1,0
8370,4,99.67,41.84,1,0,0,0
8371,2,133.53,11.2,2,0,1,0
8372,10,67.1,42.82,1,0,1,0
8373,15,68.76,12.64,1,0,1,0
8374,0,59.42,9.09,1,0,1,0
8375,8,224.08,19.56,2,0,1,0
8376,8,143.53,67.45,1,0,1,0
8377,17,206.76,9.92,1,1,0,0
8378,20,118.55,10.49,1,0,1,0
8379,14,39.6,9.07,1,1,0,0
8380,8,67.86,1.4,1,0,1,0
8381,12,13.61,53.01,1,0,1,0
8382,23,123.51,29.9,1,1,1,0
8383,8,18.59,2.78,3,0,1,0
8384,6,71.03,24.48,1,0,1,0
8385,11,20.56,0.47,1,0,0,0
8386,17,315.06,22.83,1,0,1,0
8387,8,82.05,54.51,1,0,1,0
8388,9,41.35,34.09,2,0,1,0
8389,22,19.95,33.22,1,0,1,0
8390,2,57.38,62.84,1,0,1,0
8391,2,25.92,38.89,1,0,0,0
8392,20,64.45,25.94,1,0,0,0
8393,2,32.36,68.28,1,0,1,0
8394,14,126.02,30.6,1,0,0,0
8395,4,354.62,9.8,1,0,0,0
8396,5,89.56,43.41,1,0,0,0
8397,10,27.63,28.26,1,0,0,0
8398,17,92.91,61.18,1,0,1,0
8399,14,182.44,18.2,1,0,1,0
8400,9,22.54,36.76,1,0,1,0
8401,20,241.85,12.6,2,0,1,0
8402,8,107.39,73.39,1,0,1,0
8403,5,13.67,26.94,1,0,1,0
8404,11,22.86,56.76,1,0,0,0
8405,11,27.19,37.54,1,0,1,0
8406,15,80.59,1.74,1,1,1,0
8407,0,21.48,36.6,1,0,1,0
8408,4,284.63,17.77,1,0,1,0
8409,14,95.53,81.98,1,0,1,0
8410,18,178.94,6.24,3,0,1,0
8411,0,113.52,28.29,1,0,0,0
8412,3,379.97,8.28,1,0,1,0
8413,16,58.99,41.71,1,0,1,0
8414,12,58.65,2.09,2,0,1,0
8415,22,50.57,5.02,1,0,1,0
8416,17,55.81,13.92,1,0,1,0
8417,15,23.18,9.91,1,0,1,0
8418,18,32.96,32.27,1,0,1,0
8419,9,24.34,3.55,1,0,1,0
8420,1,145.71,12.26,1,0,1,0
8421,22,274.8,44.85,1,0,1,0
8422,11,116.57,15.57,3,0,1,0
8423,12,46.63,3.08,4,0,0,0
8424,11,170.76,63.48,1,0,1,0
8425,23,186.22,50.13,1,0,1,0
8426,18,112.05,79.64,1,1,1,0
8427,8,21.6,36.4,1,0,1,0
8428,22,55.15,42.66,1,0,0,0
8429,0,73.6,34.76,1,0,1,0
8430,1,25.0,50.99,1,0,1,0
8431,4,27.12,0.16,2,0,1,0
8432,12,25.06,3.74,1,0,0,0
8433,2,333.23,12.48,1,0,0,0
8434,20,73.78,43.87,2,0,1,0
8435,17,118.12,51.02,1,0,1,0
8436,0,51.28,57.67,1,0,1,0
8437,13,67.01,28.86,2,1,1,0
8438,14,74.56,5.3,1,0,1,0
8439,16,103.05,30.23,2,0,1,0
8440,19,106.29,16.5,1,0,1,0
8441,5,24.79,25.16,2,0,1,0
8442,19,87.85,8.81,1,1,1,0
8443,11,46.22,33.08,1,0,1,0
8444,1,42.67,8.63,3,0,1,0
8445,7,133.5,5.16,1,0,1,0
8446,21,59.53,24.52,1,0,1,0
8447,3,447.4,59.68,1,0,1,0
8448,3,188.02,59.79,5,0,1,1
8449,15,24.39,23.4,4,0,0,0
8450,11,327.13,65.54,1,0,1,0
8451,16,58.61,15.92,3,0,0,0
8452,0,169.21,34.37,1,0,1,0
8453,2,145.19,31.02,1,0,1,0
8454,16,12.4,29.07,1,0,0,0
8455,20,62.89,75.85,2,0,1,0
8456,1,113.55,2.99,3,0,1,0
8457,0,105.45,32.63,1,0,0,0
8458,0,196.57,13.61,1,0,1,0
8459,13,776.51,22.05,1,0,1,0
8460,1,159.1,42.01,1,0,1,0
8461,4,22.7,10.65,1,0,1,0
8462,7,54.16,32.04,1,0,0,0
8463,6,127.64,37.52,2,0,1,0
8464,13,34.72,37.35,1,0,1,0
8465,22,490.19,5.91,1,0,1,0
8466,23,152.97,19.54,1,0,0,0
8467,3,203.21,30.51,1,0,1,0
8468,0,217.19,20.35,1,0,1,0
8469,3,115.19,7.4,1,0,1,0
8470,10,67.41,23.76,1,0,1,0
8471,22,515.21,12.66,1,0,1,0
8472,14,25.19,35.48,1,0,1,0
8473,18,434.65,13.45,1,0,1,0
8474,19,15.21,41.61,1,0,1,0
8475,18,240.84,15.01,1,0,1,0
8476,15,20.04,1.19,1,0,0,0
8477,7,35.18,24.94,2,0,1,0
8478,18,39.85,21.73,1,0,1,0
8479,10,49.41,0.45,1,0,1,0
8480,1,212.08,12.71,1,0,0,0
8481,4,58.22,12.11,1,0,1,0
8482,1,65.46,6.19,1,0,1,0
8483,9,43.77,18.67,1,0,1,0
8484,8,48.14,2.52,1,0,1,0
8485,10,159.75,60.09,1,0,1,0
8486,15,34.32,15.06,1,0,1,0
8487,0,37.79,13.7,1,0,0,0
8488,23,66.56,30.81,3,0,1,0
8489,1,23.22,39.29,4,0,1,0
8490,4,45.11,8.57,2,0,0,0
8491,7,45.45,61.63,2,0,1,0
8492,11,170.82,28.44,1,0,1,0
8493,3,16.43,47.27,1,0,1,0
8494,15,120.87,69.31,1,0,1,0
8495,13,98.11,16.54,1,0,1,0
8496,19,35.67,9.39,1,0,1,0
8497,8,68.93,2.2,2,0,1,0
8498,4,74.3,23.67,3,0,1,0
8499,9,215.62,23.27,1,0,1,0
8500,22,455.08,26.64,1,0,0,0
8501,11,191.13,21.27,1,0,0,0
8502,2,70.27,0.17,2,0,0,0
8503,22,15.02,8.37,1,0,0,0
8504,19,129.33,21.03,1,0,1,0
8505,14,149.9,60.37,1,0,0,0
8506,13,146.2,9.87,3,0,0,0
8507,0,59.76,6.65,3,0,1,0
8508,20,46.18,26.44,1,0,1,0
8509,19,88.98,59.77,1,1,1,0
8510,6,108.17,44.03,1,0,1,0
8511,19,170.68,10.55,1,0,1,0
8512,21,29.37,38.29,1,0,1,0
8513,21,28.9,3.24,1,0,0,0
8514,21,148.61,7.82,2,0,1,0
8515,16,97.03,9.42,1,0,0,0
8516,9,37.55,12.18,1,0,1,0
8517,6,41.35,13.36,2,0,1,0
8518,13,25.07,7.67,3,0,0,0
8519,20,50.42,6.85,1,0,0,0
8520,14,90.55,18.55,1,0,1,0
8521,5,118.32,25.03,1,0,0,0
8522,7,204.46,8.68,1,0,0,0
8523,8,78.77,58.72,2,0,1,0
8524,0,23.97,44.54,3,0,0,0
8525,23,265.32,8.33,1,0,1,0
8526,7,214.33,10.41,2,0,1,0
8527,12,46.09,41.01,1,0,1,0
8528,14,96.41,32.01,1,0,1,0
8529,3,82.0,48.85,2,0,1,0
8530,11,143.51,18.53,1,0,1,0
8531,3,48.35,45.39,1,0,1,0
8532,21,120.46,10.8,1,0,0,0
8533,12,172.57,27.37,1,0,1,0
8534,3,122.4,0.22,2,0,1,0
8535,12,132.5,3.63,1,0,0,0
8536,15,96.65,14.21,1,0,0,0
8537,9,83.01,1.71,3,0,1,0
8538,8,67.27,0.74,3,0,0,0
8539,18,100.13,17.69,2,0,1,0
8540,20,76.95,23.55,1,1,0,0
8541,15,40.11,7.91,1,0,1,0
8542,15,261.39,49.38,1,0,1,0
8543,6,92.76,14.3,1,0,1,0
8544,0,55.33,54.36,1,0,1,0
8545,4,35.57,32.53,2,0,1,0
8546,5,69.22,32.99,1,0,1,0
8547,10,69.86,11.05,1,0,1,0
8548,2,171.9,11.53,1,0,1,0
8549,12,34.48,23.59,1,0,0,0
8550,8,17.26,25.44,1,0,1,0
8551,6,63.61,10.63,1,1,1,0
8552,0,101.57,30.3,1,0,1,0
8553,21,71.3,50.96,1,0,1,0
8554,21,18.72,62.61,2,0,1,0
8555,4,112.06,6.68,5,0,1,0
8556,3,177.53,4.81,1,0,1,0
8557,2,167.7,41.38,2,0,1,0
8558,5,97.61,27.02,1,0,0,0
8559,11,130.47,48.64,1,0,1,0
8560,7,114.91,16.11,5,0,1,0
8561,20,193.9,48.37,1,0,1,0
8562,18,67.13,5.83,2,0,1,0
8563,21,22.52,3.58,1,1,1,0
8564,4,142.28,7.43,1,0,1,0
8565,8,83.12,54.03,4,0,1,0
8566,6,97.26,43.2,1,0,1,0
8567,2,231.5,54.45,1,0,0,0
8568,5,14.61,47.91,1,0,1,0
8569,11,120.56,41.9,3,0,1,0
8570,13,81.19,19.18,1,1,1,0
8571,8,25.2,18.29,1,0,1,0
8572,4,128.39,57.98,2,0,1,0
8573,5,42.41,49.7,1,0,1,0
8574,21,41.8,15.18,1,0,1,0
8575,8,32.69,114.62,1,0,1,0
8576,11,161.97,47.37,1,0,1,0
8577,6,567.89,4.34,1,1,0,0
8578,19,41.36,3.54,1,0,1,0
8579,1,57.37,47.8,2,0,1,0
8580,3,224.71,4.9,2,0,0,0
8581,17,62.61,7.1,1,0,1,0
8582,1,33.96,33.61,1,0,1,0
8583,1,75.78,7.94,1,0,1,0
8584,12,218.33,6.78,1,0,0,0
8585,7,10.13,1.42,1,1,1,0
8586,0,248.02,8.2,4,0,0,1
8587,4,4.82,0.74,1,0,1,0
8588,7,41.44,11.68,2,1,1,1
8589,5,28.27,8.42,1,0,0,0
8590,6,57.55,10.91,1,0,1,0
8591,13,46.39,44.87,1,0,0,0
8592,6,13.86,93.81,1,0,1,0
8593,4,63.45,11.04,1,0,1,0
8594,13,117.1,76.52,4,0,0,1
8595,12,103.26,70.45,1,0,1,0
8596,0,449.26,25.21,1,1,1,0
8597,21,91.65,15.39,1,0,0,0
8598,7,67.26,8.79,1,0,1,0
8599,17,52.45,20.58,2,0,1,0
8600,3,35.06,21.22,1,0,0,0
8601,14,97.06,92.29,2,0,1,0
8602,17,123.18,11.56,1,0,1,0
8603,2,33.71,21.17,1,0,1,0
8604,14,13.07,24.98,4,0,1,0
8605,0,13.16,9.72,1,0,1,0
8606,20,217.02,61.04,1,0,1,0
8607,3,115.85,11.17,1,0,1,0
8608,1,40.91,22.56,1,0,0,0
8609,17,85.3,56.28,1,0,1,0
8610,6,180.27,28.68,4,0,1,0
8611,1,172.98,47.68,1,1,0,0
8612,3,227.73,42.36,1,0,0,0
8613,16,85.47,37.0,2,0,0,0
8614,9,296.26,78.83,3,0,1,0
8615,15,19.42,4.88,1,1,1,0
8616,1,38.8,5.21,3,0,1,0
8617,11,51.76,1.94,1,0,1,0
8618,12,19.57,4.71,1,0,1,0
8619,19,16.87,24.98,1,0,1,0
8620,23,54.33,22.93,1,0,1,0
8621,19,37.55,36.85,1,0,1,0
8622,15,43.85,16.79,3,0,0,0
8623,7,181.39,34.63,1,0,1,0
8624,7,172.54,51.61,1,0,1,0
8625,20,84.43,18.07,2,0,1,0
8626,9,95.05,70.57,1,0,0,0
8627,3,133.56,0.31,1,0,1,0
8628,21,141.06,32.41,1,0,1,0
8629,9,27.86,19.41,1,0,1,0
8630,12,37.5,34.42,1,0,0,0
8631,9,194.51,51.74,1,0,1,0
8632,12,103.31,26.21,1,0,1,0
8633,22,1348.68,14.98,1,0,0,1
8634,17,75.66,46.24,1,0,1,0
8635,23,39.6,50.73,2,0,0,0
8636,2,44.86,15.46,1,0,1,0
8637,2,90.18,45.17,1,0,1,0
8638,7,28.24,3.4,1,0,1,0
8639,16,186.65,32.99,1,1,0,0
8640,22,25.43,18.29,1,0,1,0
8641,5,39.54,48.61,1,1,0,0
8642,10,16.32,1.67,1,0,0,0
8643,17,33.54,36.74,1,1,1,0
8644,1,35.76,34.72,1,0,0,0
8645,20,101.8,46.98,1,0,0,0
8646,4,103.67,29.69,1,0,0,0
8647,22,184.3,66.3,1,0,1,0
8648,22,156.26,8.63,1,0,1,0
8649,10,141.52,61.51,1,0,1,0
8650,12,13.98,50.34,1,0,1,0
8651,7,38.24,23.98,1,0,1,0
8652,12,114.5,11.38,1,0,0,0
8653,2,15.45,29.47,1,0,0,0
8654,2,16.8,51.88,1,0,1,0
8655,20,19.82,4.53,1,0,1,0
8656,23,441.55,10.13,1,0,1,0
8657,11,128.85,33.77,1,0,1,0
8658,18,72.88,15.76,4,0,1,0
8659,4,108.87,34.59,1,0,0,0
8660,19,45.81,18.75,2,0,1,0
8661,10,40.02,7.66,2,1,1,0
8662,1,35.72,43.06,1,0,1,0
8663,0,263.59,0.41,1,0,1,0
8664,14,60.71,3.77,1,0,1,0
8665,8,48.31,25.54,2,0,0,0
8666,11,51.02,32.15,1,0,1,0
8667,23,42.34,35.26,1,0,0,0
8668,4,166.88,7.61,1,0,0,0
8669,4,93.91,15.19,1,0,1,0
8670,8,35.69,21.51,1,0,1,0
8671,16,389.99,73.79,1,1,1,1
8672,4,66.89,35.07,1,0,1,0
8673,20,32.06,2.17,3,0,0,0
8674,19,130.15,1.43,1,0,1,0
8675,13,24.7,13.86,1,0,1,0
8676,17,116.0,2.67,5,0,0,0
8677,18,48.05,29.74,1,0,1,0
8678,23,81.63,35.32,1,0,1,0
8679,12,86.1,7.17,1,0,0,0
8680,0,71.19,30.62,1,0,1,0
8681,18,118.33,38.13,1,0,0,0
8682,19,53.59,25.44,1,0,0,0
8683,11,89.71,79.54,1,0,1,0
8684,7,90.61,18.0,1,0,1,0
8685,18,41.0,44.38,1,0,1,0
8686,18,29.97,34.63,1,0,1,0
8687,22,48.86,0.79,1,0,1,0
8688,7,172.56,17.25,1,1,1,0
8689,20,382.99,9.34,2,0,1,0
8690,14,158.87,4.59,1,0,1,0
8691,11,222.14,2.64,1,0,0,0
8692,18,83.15,13.71,1,0,1,0
8693,2,45.83,43.65,1,0,1,0
8694,12,276.67,41.37,2,0,1,0
8695,4,58.63,55.2,1,1,1,0
8696,8,127.9,42.39,1,0,1,0
8697,4,168.31,37.46,1,0,0,0
8698,17,45.93,7.16,1,0,0,0
8699,18,79.01,47.73,2,0,1,0
8700,3,169.67,15.48,1,0,1,0
8701,11,11.71,47.09,1,0,1,0
8702,17,12.6,40.57,1,0,0,0
8703,2,37.95,40.04,1,0,1,0
8704,1,127.0,25.2,1,0,1,0
8705,18,111.01,20.73,3,0,1,0
8706,18,178.57,8.23,1,0,0,0
8707,18,13.24,47.07,1,0,1,0
8708,23,147.17,13.64,1,0,0,0
8709,9,1454.83,1.41,1,0,1,0
8710,22,77.92,41.89,1,0,1,0
8711,19,17.27,33.33,1,0,0,0
8712,15,65.71,54.77,1,0,0,0
8713,20,146.95,3.96,1,0,1,0
8714,18,31.88,63.67,1,1,1,0
8715,14,49.64,2.85,1,0,1,0
8716,2,140.22,52.96,1,0,1,0
8717,1,88.06,40.0,1,0,0,0
8718,0,42.7,18.59,3,0,1,0
8719,16,67.77,9.09,1,1,1,0
8720,10,80.73,13.82,2,0,1,0
8721,16,68.47,36.64,2,0,1,0
8722,0,50.29,20.93,1,0,1,0
8723,6,210.97,4.34,1,1,1,0
8724,3,19.64,17.34,1,0,0,0
8725,17,34.13,52.12,1,0,0,0
8726,19,40.49,15.96,3,0,1,0
8727,1,37.53,62.89,5,0,1,0
8728,13,217.9,26.31,1,0,1,0
8729,23,28.13,19.63,1,0,1,0
8730,13,200.76,5.06,1,0,1,0
8731,7,68.44,7.33,1,0,0,0
8732,22,61.83,15.03,2,0,1,0
8733,11,95.94,25.49,1,0,0,0
8734,12,77.0,13.45,1,0,0,0
8735,2,19.83,24.82,3,0,1,0
8736,13,20.02,40.95,3,0,1,0
8737,3,175.77,68.83,1,0,1,0
8738,5,73.8,7.76,1,0,0,0
8739,10,224.4,32.25,1,0,1,0
8740,7,26.18,32.0,2,0,0,0
8741,9,27.3,38.98,2,0,1,0
8742,5,101.13,47.98,1,0,1,0
8743,7,573.12,41.71,2,0,0,0
8744,12,76.66,4.03,1,0,1,0
8745,22,160.71,36.15,1,0,0,0
8746,4,25.1,11.09,1,0,0,0
8747,17,42.51,10.07,1,0,1,0
8748,20,79.81,29.42,2,0,1,0
8749,13,569.57,0.75,1,0,1,0
8750,16,105.5,18.96,1,0,1,0
8751,22,31.06,31.56,1,0,1,0
8752,2,17.3,22.05,1,0,1,0
8753,15,38.6,19.21,1,0,1,0
8754,3,11.7,12.47,2,0,1,0
8755,21,388.86,10.82,2,0,1,0
8756,7,615.53,5.56,1,0,0,0
8757,21,249.53,7.02,1,0,1,0
8758,16,88.23,25.36,2,0,1,0
8759,4,50.58,24.72,1,0,0,0
8760,5,107.18,12.74,1,0,1,0
8761,9,83.77,31.14,1,0,1,0
8762,23,9.65,27.76,1,0,1,0
8763,0,119.38,55.66,1,0,1,0
8764,12,47.54,3.54,1,0,1,0
8765,13,19.41,2.61,2,0,0,0
8766,22,12.11,74.05,1,0,1,0
8767,7,31.63,3.31,1,0,1,0
8768,8,111.6,31.56,1,0,1,0
8769,2,110.63,44.53,1,0,1,0
8770,9,111.26,1.41,1,0,0,0
8771,8,30.96,16.92,1,0,1,0
8772,6,91.26,13.08,1,0,0,0
8773,10,69.26,74.11,1,0,0,0
8774,12,27.4,25.0,1,0,1,0
8775,9,282.78,49.07,1,0,0,0
8776,15,74.81,41.96,4,0,1,0
8777,19,64.35,20.73,1,0,0,0
8778,10,18.41,12.86,1,0,1,0
8779,13,295.77,11.54,1,0,0,0
8780,14,151.02,5.72,1,0,1,0
8781,1,38.98,17.63,1,0,1,0
8782,4,88.66,25.64,1,0,1,0
8783,8,35.49,8.45,2,0,0,0
8784,10,18.8,0.19,1,0,1,0
8785,0,14.01,23.9,1,0,1,0
8786,5,46.71,22.35,1,0,1,0
8787,2,26.17,45.78,1,0,1,0
8788,7,19.73,47.12,4,0,1,0
8789,12,146.15,37.15,1,0,0,0
8790,2,46.01,27.79,1,0,1,0
8791,9,43.56,40.49,1,0,1,0
8792,14,58.0,15.93,2,0,1,0
8793,5,78.89,47.18,1,0,1,0
8794,20,51.63,65.19,1,0,0,0
8795,6,82.65,29.45,1,0,1,0
8796,15,16.58,18.2,1,0,1,0
8797,0,75.54,47.15,1,0,1,0
8798,4,9.74,16.58,1,0,1,0
8799,2,44.08,54.11,1,0,1,0
8800,3,380.94,10.57,1,0,1,0
8801,15,38.24,55.74,1,0,1,0
8802,1,56.29,40.39,1,0,0,0
8803,17,29.61,8.56,1,0,1,0
8804,1,36.01,49.72,1,0,1,0
8805,7,115.46,23.49,1,0,1,0
8806,7,30.49,6.14,1,0,0,0
8807,8,54.4,24.77,1,0,1,0
8808,3,44.06,8.06,1,0,1,0
8809,12,169.22,21.1,2,0,1,0
8810,4,37.72,41.83,2,0,0,0
8811,19,32.77,11.02,1,0,1,0
8812,9,69.58,16.96,1,0,1,0
8813,17,207.8,38.6,1,0,0,0
8814,13,20.68,7.83,1,1,0,0
8815,2,60.92,6.89,1,0,1,0
8816,10,164.88,26.74,1,0,0,0
8817,4,112.11,2.14,1,0,1,0
8818,3,216.31,14.21,1,0,0,0
8819,12,42.21,61.37,1,0,0,0
8820,7,54.36,14.21,2,0,1,0
8821,11,15.88,6.16,1,0,1,0
8822,16,380.58,23.02,1,0,1,0
8823,14,38.53,4.39,1,0,0,0
8824,7,34.0,56.55,1,0,0,0
8825,12,26.26,29.16,1,0,1,0
8826,19,54.73,30.03,1,0,1,0
8827,17,25.29,9.06,1,0,1,0
8828,17,152.32,40.07,1,0,1,0
8829,13,83.33,34.0,1,0,1,0
8830,12,24.14,21.44,1,0,1,0
8831,1,76.92,69.18,1,0,1,0
8832,0,151.31,0.47,1,0,1,0
8833,5,144.43,40.39,1,0,1,0
8834,17,22.77,19.71,1,0,1,0
8835,9,40.13,21.43,1,0,1,0
8836,23,73.27,65.15,1,0,0,0
8837,21,92.6,69.71,2,0,0,0
8838,7,250.45,16.43,1,0,0,0
8839,20,68.2,83.13,5,0,1,0
8840,10,205.33,36.98,2,0,0,0
8841,2,171.64,10.62,1,0,1,0
8842,23,101.58,42.67,1,0,1,0
8843,1,9.54,13.26,1,0,0,0
8844,21,841.21,5.45,1,0,0,0
8845,8,448.66,60.54,2,0,1,0
8846,18,475.9,9.35,3,1,1,0
8847,5,84.9,23.64,1,0,1,0
8848,0,37.39,28.35,1,0,1,0
8849,9,11.39,25.26,3,0,1,0
8850,2,72.28,34.76,1,0,1,0
8851,21,87.3,0.98,1,0,0,0
8852,4,49.44,90.25,1,0,1,0
8853,15,50.42,7.72,1,0,1,0
8854,21,126.15,45.95,1,0,1,0
8855,21,165.55,33.97,1,0,1,0
8856,3,75.42,23.53,1,0,0,0
8857,12,139.68,34.85,1,0,0,0
8858,13,71.81,7.17,1,0,1,0
8859,23,23.36,27.89,1,0,1,0
8860,15,561.65,4.76,1,0,1,0
8861,22,42.43,0.21,1,0,1,0
8862,11,44.68,17.36,1,0,1,0
8863,21,125.31,15.0,1,0,1,0
8864,2,19.26,31.07,1,0,1,0
8865,16,58.56,39.37,1,0,1,0
8866,16,116.97,37.45,2,0,1,1
8867,22,111.28,17.83,2,0,1,0
8868,15,30.08,23.31,4,0,1,0
8869,2,59.35,29.32,1,0,0,0
8870,19,59.95,49.68,2,0,0,0
8871,19,142.07,30.73,4,0,1,0
8872,11,95.31,24.25,1,1,1,0
8873,10,65.76,45.35,1,0,0,0
8874,21,144.17,1.99,1,0,0,0
8875,23,56.54,59.73,1,1,1,0
8876,17,49.97,2.99,1,0,1,0
8877,12,22.67,57.78,1,0,1,0
8878,14,20.48,44.35,1,0,0,0
8879,11,19.26,29.93,1,0,1,0
8880,22,133.41,32.25,1,0,1,0
8881,13,22.93,7.38,1,0,1,0
8882,11,91.51,4.38,2,0,1,0
8883,0,37.73,35.44,1,0,1,0
8884,10,19.83,22.99,1,0,0,0
8885,8,20.53,27.02,1,0,1,0
8886,21,134.73,8.55,3,0,1,0
8887,11,152.23,25.82,1,0,1,0
8888,18,39.34,22.77,1,0,1,0
8889,21,192.76,55.76,1,0,1,0
8890,12,47.3,39.78,1,0,1,0
8891,16,86.85,33.8,2,0,1,0
8892,9,42.39,38.46,1,0,1,0
8893,13,34.35,2.56,1,0,1,0
8894,8,156.15,59.21,1,0,1,0
8895,3,229.0,24.92,2,0,1,0
8896,10,51.45,26.91,1,1,0,0
8897,5,46.65,73.32,1,0,1,0
8898,15,87.51,20.07,1,0,0,0
8899,13,51.96,43.67,2,0,0,0
8900,4,94.16,17.33,1,0,1,0
8901,0,27.39,10.44,1,0,1,0
8902,2,149.57,4.02,1,0,0,1
8903,16,39.24,22.9,1,0,1,0
8904,18,112.33,3.44,1,0,1,0
8905,14,68.53,10.92,2,0,0,0
8906,1,142.91,3.78,2,0,1,0
8907,19,26.85,32.49,2,1,1,0
8908,3,102.73,55.42,1,0,1,0
8909,6,46.82,12.76,1,1,0,0
8910,18,456.68,63.69,2,0,0,0
8911,21,335.32,44.24,1,0,1,0
8912,5,59.11,4.12,1,0,1,0
8913,7,1266.31,40.32,1,0,0,1
8914,21,80.46,25.84,1,0,1,0
8915,0,154.47,9.14,1,0,0,0
8916,15,158.79,37.15,1,0,0,0
8917,17,176.69,34.78,1,0,1,0
8918,6,56.06,42.54,4,1,1,1
8919,7,105.27,1.61,1,0,1,0
8920,2,41.76,11.63,1,0,0,0
8921,20,31.42,11.6,1,0,1,0
8922,1,119.71,7.6,1,1,1,0
8923,3,88.31,54.15,1,0,0,0
8924,17,279.7,19.88,1,1,1,1
8925,12,21.74,30.63,1,0,1,0
8926,18,182.84,50.62,2,0,0,0
8927,22,46.29,34.15,1,0,1,0
8928,2,86.3,19.6,1,0,0,0
8929,1,6.17,53.01,1,0,1,0
8930,5,23.27,18.46,1,0,1,0
8931,21,158.75,34.49,1,0,0,0
8932,0,103.73,3.07,1,0,1,0
8933,1,69.9,5.8,1,0,0,0
8934,13,57.18,43.27,1,0,1,0
8935,4,95.1,24.87,1,0,0,0
8936,19,53.64,6.92,1,0,1,0
8937,8,179.68,95.5,1,0,1,0
8938,9,41.83,25.43,1,0,0,0
8939,0,64.38,3.74,1,0,1,0
8940,2,31.49,11.62,2,0,0,0
8941,4,45.38,3.4,1,0,0,0
8942,8,78.03,14.62,1,0,1,0
8943,1,16.84,15.31,1,0,1,0
8944,7,36.08,5.77,2,0,1,0
8945,2,26.92,3.73,1,0,1,0
8946,4,98.77,41.5,1,0,1,0
8947,8,90.02,6.99,1,0,1,0
8948,1,65.08,24.29,2,0,0,0
8949,15,530.75,9.64,1,0,1,0
8950,10,71.86,42.58,1,1,1,0
8951,22,274.87,26.06,5,0,1,0
8952,11,87.44,70.6,1,0,1,0
8953,20,25.81,66.8,1,0,0,0
8954,12,197.01,45.49,1,0,0,0
8955,19,53.25,19.32,1,0,1,0
8956,19,60.74,20.38,5,1,1,0
8957,7,545.94,30.53,1,0,1,0
8958,22,282.56,35.22,1,0,0,0
8959,12,14.36,12.16,2,0,1,0
8960,16,189.85,3.61,1,0,1,0
8961,3,116.08,3.05,1,0,1,0
8962,11,665.59,1.37,1,0,0,1
8963,7,432.24,33.55,1,0,1,0
8964,13,41.01,33.79,1,0,0,0
8965,18,62.44,34.66,1,0,0,0
8966,19,29.33,34.27,1,0,1,0
8967,16,313.7,21.8,1,0,1,1
8968,12,63.53,25.83,2,0,0,0
8969,5,631.64,30.7,1,0,0,0
8970,0,42.13,35.09,3,1,0,0
8971,2,542.78,13.49,1,0,1,0
8972,19,12.69,44.61,2,0,1,0
8973,23,18.45,45.71,1,0,1,0
8974,14,105.91,39.04,1,0,1,0
8975,1,45.86,25.5,1,0,1,0
8976,4,45.0,1.8,2,0,1,0
8977,12,38.76,10.98,1,0,1,0
8978,10,52.65,1.92,1,0,1,0
8979,3,61.68,18.62,1,0,0,0
8980,9,112.37,10.52,4,0,0,1
8981,22,32.03,27.47,1,0,1,0
8982,19,146.86,24.0,1,0,1,0
8983,0,99.83,67.05,1,0,1,0
8984,9,66.87,6.98,1,0,1,0
8985,13,234.03,75.23,1,0,1,0
8986,22,73.0,2.7,1,1,0,0
8987,8,107.13,4.56,1,0,1,0
8988,1,324.65,18.37,1,0,1,0
8989,14,47.34,50.37,1,0,0,0
8990,4,172.29,1.12,1,0,0,0
8991,5,130.02,27.11,2,0,0,0
8992,20,26.17,3.61,2,0,1,0
8993,9,101.06,0.43,1,0,1,0
8994,11,113.98,11.58,1,0,0,0
8995,11,212.91,4.63,1,0,0,0
8996,15,22.93,20.52,2,0,1,0
8997,6,13.15,19.29,1,0,1,0
8998,10,10.8,31.85,1,0,1,0
8999,20,17.11,3.08,1,0,1,0
9000,19,414.99,36.4,2,0,1,0
9001,5,55.29,38.29,1,0,1,0
9002,23,28.08,42.19,3,0,0,0
9003,13,139.66,5.36,1,0,0,0
9004,3,18.63,5.84,1,0,1,0
9005,15,129.63,26.42,1,0,1,0
9006,10,13.23,66.95,1,0,1,0
9007,10,34.57,9.37,1,0,1,0
9008,2,37.09,16.16,1,0,1,0
9009,17,8.84,17.16,1,1,1,0
9010,6,33.8,20.64,1,0,1,0
9011,8,32.01,36.03,1,0,0,0
9012,19,35.9,11.75,1,0,1,0
9013,1,24.33,29.74,1,0,1,0
9014,3,32.22,18.78,3,0,0,0
9015,2,116.31,22.56,1,0,0,0
9016,8,73.88,97.51,2,0,1,0
9017,8,340.87,23.55,1,0,1,0
9018,5,25.49,24.6,1,1,1,0
9019,20,108.19,27.31,1,0,1,0
9020,8,155.6,9.74,1,0,1,0
9021,4,180.11,26.2,1,0,1,0
9022,21,86.17,6.24,1,0,1,0
9023,14,72.84,2.47,1,1,1,0
9024,20,168.15,9.66,1,0,0,0
9025,22,58.27,9.18,1,0,1,0
9026,4,21.87,17.17,2,0,1,0
9027,22,272.25,34.33,2,0,1,0
9028,15,1017.7,10.59,2,0,0,0
9029,6,32.44,4.91,1,1,1,0
9030,5,38.68,24.99,1,0,1,0
9031,1,152.91,0.69,1,0,1,0
9032,16,251.57,40.33,1,0,0,0
9033,19,72.55,0.78,1,0,1,0
9034,6,27.87,13.9,1,0,1,0
9035,23,87.27,30.43,1,0,0,0
9036,21,118.99,2.0,4,0,0,0
9037,21,139.38,8.81,1,0,1,0
9038,14,32.04,24.54,1,0,1,0
9039,9,25.13,11.22,1,0,1,0
9040,9,197.92,81.65,1,0,1,0
9041,14,51.78,15.92,1,1,1,0
9042,0,81.09,6.02,1,0,1,0
9043,10,54.36,29.76,1,0,1,0
9044,16,115.25,15.79,1,0,1,0
9045,1,233.94,9.67,1,0,1,0
9046,23,42.91,0.74,1,0,1,0
9047,16,108.18,16.87,1,0,1,0
9048,22,36.24,11.11,1,0,1,0
9049,8,228.96,15.02,4,0,0,0
9050,18,34.59,9.13,1,0,1,0
9051,2,53.93,10.96,1,0,0,0
9052,13,104.2,17.18,3,0,1,0
9053,19,72.37,69.62,2,0,1,0
9054,2,34.24,8.88,1,0,0,0
9055,13,39.31,40.21,1,0,1,0
9056,3,719.55,64.25,1,0,1,0
9057,8,286.7,73.86,1,0,1,0
9058,20,33.02,4.09,1,0,0,0
9059,4,647.19,38.79,1,0,1,0
9060,0,121.15,32.39,4,0,1,0
9061,23,55.57,14.83,2,0,1,0
9062,11,57.01,32.33,1,0,0,0
9063,10,311.87,7.63,1,0,1,0
9064,6,78.66,5.9,1,0,0,0
9065,7,400.55,55.05,3,0,0,1
9066,4,193.22,23.85,1,0,1,0
9067,1,73.67,8.11,1,0,1,0
9068,22,343.38,26.07,1,0,0,0
9069,0,82.81,1.69,1,0,1,0
9070,3,18.45,17.13,1,0,1,0
9071,16,35.66,20.82,3,0,1,0
9072,18,260.9,22.64,2,0,1,0
9073,5,196.6,13.86,1,0,1,0
9074,20,198.2,3.68,1,0,1,0
9075,22,93.2,54.3,1,0,1,0
9076,20,103.13,26.52,1,0,0,0
9077,15,39.35,59.85,1,0,1,0
9078,6,17.47,7.71,1,0,0,0
9079,19,12.93,56.01,3,0,1,0
9080,1,61.6,27.55,1,0,1,0
9081,22,187.31,16.3,1,0,1,0
9082,12,87.4,0.22,1,0,0,0
9083,9,140.06,32.07,1,0,1,0
9084,1,197.2,20.86,1,0,0,0
9085,8,692.63,1.79,1,0,1,0
9086,10,111.8,68.71,2,0,0,0
9087,18,75.2,5.84,2,0,1,0
9088,5,118.97,46.79,1,0,1,0
9089,9,154.55,65.91,1,0,1,0
9090,14,25.93,2.23,1,0,1,0
9091,11,3.8,3.17,1,0,0,0
9092,2,375.99,44.63,1,0,1,0
9093,4,11.75,9.9,1,0,1,0
9094,12,143.02,0.35,3,0,1,0
9095,17,118.71,23.22,3,0,1,0
9096,5,107.43,63.68,1,0,1,0
9097,4,39.68,76.01,1,0,1,0
9098,14,184.43,90.04,1,0,1,0
9099,15,99.18,35.95,2,0,1,0
9100,9,114.89,1.74,1,0,0,0
9101,1,31.48,52.08,2,0,1,0
9102,1,76.32,20.08,1,0,0,0
9103,2,6.04,48.04,1,0,1,0
9104,2,75.85,70.69,4,0,1,0
9105,9,50.66,10.42,1,0,1,0
9106,20,203.61,13.44,1,0,1,0
9107,5,62.37,32.9,4,0,1,0
9108,5,241.24,61.02,5,0,1,0
9109,12,94.91,69.34,1,0,1,0
9110,7,88.74,2.4,1,0,0,1
9111,6,24.07,10.48,2,0,0,0
9112,23,23.7,11.35,1,0,1,0
9113,10,19.0,41.24,1,0,1,0
9114,9,146.98,92.04,1,0,1,0
9115,19,48.55,10.1,1,0,1,0
9116,23,32.02,23.61,1,0,1,0
9117,16,155.06,35.77,1,0,0,0
9118,7,429.36,10.44,5,0,1,1
9119,19,33.27,11.3,1,0,1,0
9120,0,89.05,7.39,1,0,1,0
9121,10,195.18,22.42,1,0,1,0
9122,20,15.8,52.51,2,0,0,0
9123,15,37.04,18.29,1,0,1,0
9124,15,46.61,15.1,1,0,1,0
9125,6,48.09,17.16,4,0,1,0
9126,2,89.39,58.25,2,0,1,0
9127,5,249.97,1.39,1,0,1,0
9128,14,100.28,3.16,1,0,1,0
9129,21,91.6,0.11,1,1,1,0
9130,16,34.51,89.6,3,0,1,0
9131,18,45.03,25.51,1,0,0,0
9132,1,167.53,8.34,1,0,1,0
9133,19,147.83,15.66,1,0,1,0
9134,10,48.73,40.53,1,0,0,0
9135,19,36.8,13.4,1,0,1,0
9136,9,22.57,28.35,1,0,1,0
9137,5,140.52,23.42,1,0,1,0
9138,9,48.42,62.22,2,0,0,0
9139,18,84.92,42.71,1,0,1,0
9140,9,35.21,0.53,1,0,1,0
9141,6,17.55,27.64,1,0,1,0
9142,6,68.73,26.82,1,1,1,0
9143,14,181.09,60.44,1,0,0,0
9144,5,69.28,51.96,1,0,0,0
9145,9,15.07,16.53,5,1,1,1
9146,14,182.04,16.57,1,0,0,0
9147,1,103.39,0.92,1,0,1,0
9148,15,35.53,48.02,4,0,1,0
9149,4,234.61,11.29,1,0,1,0
9150,11,17.88,12.21,2,0,1,0
9151,13,641.35,55.16,1,0,1,0
9152,8,59.46,78.87,1,0,0,0
9153,18,56.81,40.68,1,1,1,0
9154,11,100.35,10.69,2,0,1,0
9155,5,51.04,38.69,1,0,0,0
9156,15,20.92,13.56,2,0,1,0
9157,15,272.66,1.31,1,0,0,0
9158,18,16.78,12.0,1,0,1,0
9159,22,122.17,63.56,2,0,1,0
9160,8,66.96,14.67,1,0,1,0
9161,13,155.85,44.3,1,0,1,0
9162,3,116.62,38.17,1,0,1,0
9163,8,54.19,19.02,3,0,1,0
9164,0,93.18,1.85,1,0,1,0
9165,9,38.22,42.24,1,0,1,0
9166,17,36.92,1.6,1,0,1,0
9167,16,48.68,74.4,1,0,1,0
9168,21,154.14,21.78,1,0,1,0
9169,3,39.44,15.19,1,0,1,0
9170,9,77.88,7.13,1,0,0,0
9171,5,144.64,35.13,2,0,1,0
9172,3,57.4,12.68,1,1,1,0
9173,6,154.87,5.45,1,0,1,0
9174,12,56.94,14.96,1,0,1,0
9175,22,59.15,24.46,1,0,1,0
9176,18,65.16,13.98,1,0,0,0
9177,4,126.53,23.81,1,0,1,0
9178,22,34.67,27.7,1,0,0,0
9179,5,52.21,12.47,2,1,0,0
9180,21,52.87,27.96,1,0,1,0
9181,11,35.48,26.19,2,0,1,0
9182,3,101.33,26.25,1,0,0,0
9183,21,360.95,1.62,1,0,0,0
9184,7,64.56,53.15,1,0,1,0
9185,4,245.37,41.31,1,0,1,0
9186,22,5.84,13.39,1,0,1,0
9187,11,68.1,0.35,2,0,1,0
9188,17,18.47,1.08,1,0,1,0
9189,10,40.95,75.74,1,0,1,0
9190,8,16.83,16.72,1,0,0,0
9191,16,173.94,21.55,1,0,0,0
9192,4,79.94,14.72,1,0,0,0
9193,7,62.66,2.55,1,0,1,0
9194,3,193.9,11.18,2,0,1,0
9195,8,111.16,18.18,1,0,1,0
9196,18,25.22,15.09,2,0,0,0
9197,22,25.2,16.31,2,0,1,0
9198,23,327.26,6.3,1,0,0,0
9199,1,49.8,54.12,1,0,1,0
9200,8,71.83,44.38,1,0,1,0
9201,9,49.24,28.1,1,0,1,0
9202,13,100.37,65.57,2,0,1,0
9203,3,92.59,30.76,1,0,1,0
9204,3,12.11,71.7,3,0,0,1
9205,9,136.98,24.19,3,0,0,0
9206,0,87.24,14.96,1,0,0,0
9207,0,28.4,62.92,1,0,1,0
9208,11,41.4,7.77,1,0,1,0
9209,2,26.62,9.3,1,1,1,0
9210,4,37.61,19.06,2,0,0,0
9211,14,62.84,18.24,1,0,1,0
9212,2,155.05,61.51,1,1,0,0
9213,11,57.07,45.51,1,0,0,0
9214,1,39.94,11.79,1,0,1,0
9215,15,99.54,12.86,2,0,1,0
9216,15,38.87,12.69,1,0,0,0
9217,6,313.78,15.88,3,0,0,0
9218,20,127.05,4.82,1,0,1,0
9219,8,589.02,19.65,1,0,1,0
9220,21,327.85,0.46,2,0,1,0
9221,22,55.07,1.73,2,0,1,0
9222,17,43.97,44.12,1,0,1,0
9223,7,88.84,36.31,1,0,1,1
9224,7,91.76,7.23,1,0,1,0
9225,22,144.72,13.62,1,0,1,0
9226,12,71.98,38.47,1,0,1,0
9227,7,180.94,18.71,1,0,1,0
9228,4,69.67,3.09,4,0,1,0
9229,1,139.82,21.63,1,0,1,0
9230,8,421.74,6.13,1,0,1,0
9231,14,15.95,20.1,1,0,1,0
9232,1,49.39,27.84,1,0,1,0
9233,3,82.46,23.07,1,0,1,0
9234,13,97.14,16.82,1,0,0,0
9235,16,67.53,19.9,1,0,1,0
9236,6,105.31,26.22,1,0,1,0
9237,18,20.99,27.37,1,0,1,0
9238,0,86.64,47.93,1,0,1,0
9239,18,43.78,17.92,1,0,0,0
9240,18,97.49,41.28,1,0,1,0
9241,4,21.38,0.51,1,0,1,0
9242,20,232.04,11.76,1,0,1,0
9243,8,21.93,52.3,4,0,1,0
9244,20,43.56,1.35,1,0,1,0
9245,22,63.52,34.97,2,0,1,0
9246,11,174.89,22.72,3,0,0,0
9247,9,257.49,10.66,2,0,1,0
9248,14,19.62,46.46,1,0,0,0
9249,6,95.37,33.79,4,0,1,0
9250,10,157.88,18.27,1,1,0,0
9251,5,286.73,49.12,1,0,0,1
9252,1,125.88,25.27,2,0,1,0
9253,6,119.48,0.74,2,0,1,0
9254,13,256.25,22.73,1,0,1,0
9255,19,318.13,35.5,1,0,1,0
9256,5,194.6,57.71,2,0,1,0
9257,1,56.91,74.67,4,0,1,0
9258,13,179.59,8.49,1,0,1,0
9259,1,93.98,6.98,1,0,1,0
9260,16,168.73,53.31,1,0,1,0
9261,17,49.41,33.17,1,0,1,0
9262,13,129.21,33.56,1,0,0,0
9263,15,81.06,55.33,1,0,1,0
9264,8,16.18,2.91,3,0,1,0
9265,4,185.2,8.79,1,0,1,0
9266,16,20.2,19.66,1,0,1,0
9267,13,146.57,39.83,1,0,1,0
9268,23,57.89,39.72,2,0,1,0
9269,12,48.45,25.86,1,0,1,0
9270,3,46.19,34.93,1,0,1,0
9271,10,47.53,5.93,1,0,1,0
9272,5,664.12,6.87,1,0,0,0
9273,14,63.17,16.56,5,0,1,0
9274,1,71.14,51.02,1,0,0,0
9275,19,243.16,11.57,1,0,0,0
9276,12,31.04,15.67,3,0,1,0
9277,18,26.17,24.97,1,0,1,0
9278,16,11.05,5.9,1,0,1,0
9279,3,58.33,38.19,1,0,1,0
9280,7,30.2,19.75,1,0,0,0
9281,0,109.69,17.6,2,0,1,0
9282,14,107.98,66.07,1,0,1,0
9283,17,11.07,3.68,1,0,0,0
9284,3,28.2,11.3,1,0,1,0
9285,16,63.76,4.82,1,0,1,0
9286,7,65.7,33.05,2,0,1,0
9287,5,19.71,4.77,1,0,1,0
9288,2,63.28,23.81,1,0,1,0
9289,17,61.63,33.8,1,0,1,0
9290,11,21.25,43.32,1,0,1,0
9291,17,14.47,75.16,5,0,0,1
9292,3,214.24,18.29,1,0,0,0
9293,10,93.09,7.15,1,0,0,0
9294,2,202.15,13.41,2,0,1,0
9295,10,103.37,32.58,1,0,1,0
9296,22,107.31,36.4,1,0,1,0
9297,18,81.17,62.94,1,1,1,0
9298,17,68.45,4.15,1,0,1,0
9299,4,32.69,10.64,1,0,1,0
9300,11,161.02,1.34,5,0,1,0
9301,16,66.01,0.96,1,0,0,0
9302,10,24.44,44.1,1,0,1,0
9303,23,67.41,40.24,1,0,1,0
9304,20,146.24,10.34,1,0,1,0
9305,3,41.57,23.84,1,0,1,0
9306,23,162.58,3.27,2,0,0,0
9307,4,37.88,25.7,2,0,0,0
9308,20,141.04,25.18,1,0,1,0
9309,20,44.24,43.9,1,0,1,0
9310,21,38.25,67.21,1,0,1,0
9311,7,271.51,51.95,1,0,1,0
9312,7,41.62,43.53,1,0,0,0
9313,21,53.39,26.98,1,0,1,0
9314,20,26.35,3.35,1,0,1,0
9315,0,81.2,83.93,1,0,1,0
9316,19,14.32,4.6,1,0,1,0
9317,10,504.74,6.23,2,0,1,0
9318,22,132.17,29.6,1,0,0,0
9319,21,50.36,21.44,1,0,0,0
9320,23,16.38,32.41,1,0,1,0
9321,21,89.81,21.17,1,0,0,0
9322,9,38.21,70.54,1,0,1,0
9323,21,65.87,28.11,2,0,0,0
9324,14,13.38,0.07,1,0,0,0
9325,3,47.17,18.25,1,0,1,0
9326,5,216.32,43.15,1,0,0,0
9327,18,16.39,44.92,1,0,1,0
9328,19,126.84,4.88,1,0,1,0
9329,4,85.21,17.79,1,0,0,0
9330,6,54.96,11.09,1,0,1,0
9331,10,28.69,107.07,1,0,1,0
9332,23,163.97,16.89,1,0,0,1
9333,1,52.48,7.4,1,0,1,0
9334,13,35.9,30.94,1,0,1,0
9335,15,29.86,19.37,2,0,0,0
9336,3,48.5,2.26,3,0,1,0
9337,0,111.2,24.62,1,0,0,0
9338,8,131.69,10.85,1,0,1,0
9339,4,185.29,20.07,1,0,1,0
9340,16,46.47,0.96,1,0,1,0
9341,11,32.63,51.69,1,0,1,0
9342,1,93.49,4.56,1,0,1,0
9343,8,46.95,0.92,3,1,0,0
9344,7,547.24,14.18,1,0,1,0
9345,5,70.94,16.01,1,0,1,0
9346,5,40.31,79.52,2,0,1,0
9347,2,93.89,77.53,1,0,1,0
9348,18,27.79,30.54,5,0,1,1
9349,21,172.17,14.98,1,0,1,0
9350,11,64.84,9.73,1,0,1,0
9351,9,20.28,22.59,1,0,1,0
9352,16,108.79,67.04,3,0,1,0
9353,13,49.17,11.71,1,0,1,0
9354,5,77.43,21.38,1,0,0,0
9355,9,217.08,32.71,1,0,1,0
9356,20,521.54,1.53,2,0,1,0
9357,20,82.91,11.21,1,0,1,0
9358,23,18.89,16.82,1,0,0,0
9359,12,115.51,5.21,1,1,1,0
9360,14,87.21,12.94,2,0,1,0
9361,11,58.85,24.31,1,0,1,0
9362,10,15.43,49.0,2,0,1,0
9363,8,116.17,8.34,1,0,1,0
9364,21,409.98,20.81,1,0,1,0
9365,12,7.43,24.39,1,0,1,0
9366,19,26.55,39.31,1,0,0,0
9367,6,443.46,30.42,1,0,1,0
9368,9,77.13,28.56,4,0,1,0
9369,13,23.61,34.51,1,0,0,0
9370,17,28.86,0.09,1,0,1,0
9371,15,78.47,70.04,1,1,1,0
9372,5,196.4,24.8,2,0,0,0
9373,21,101.99,1.83,1,0,1,0
9374,7,26.15,49.52,1,0,1,0
9375,6,93.92,9.68,1,0,1,0
9376,10,30.35,11.39,1,0,1,0
9377,1,11.44,2.68,1,0,0,0
9378,6,85.58,8.33,4,1,1,0
9379,20,59.18,0.96,1,0,0,0
9380,15,169.37,45.95,1,0,0,0
9381,11,496.29,27.74,1,0,1,0
9382,6,179.27,37.96,1,0,1,0
9383,17,88.97,45.46,2,0,0,0
9384,11,69.63,51.02,1,0,1,0
9385,19,29.9,12.14,2,0,0,0
9386,13,318.03,7.55,1,0,0,0
9387,20,38.35,18.81,1,1,1,0
9388,16,202.7,46.82,1,0,0,0
9389,20,59.44,23.19,1,0,1,0
9390,18,39.94,51.18,5,0,1,0
9391,7,71.5,20.0,1,0,1,0
9392,19,134.61,27.11,1,0,1,0
9393,4,32.19,1.59,3,0,1,0
9394,5,120.6,19.35,4,0,1,0
9395,19,90.59,21.03,2,0,1,0
9396,22,8.93,5.53,2,1,1,0
9397,8,230.16,9.06,4,0,1,0
9398,23,83.16,51.54,1,0,0,0
9399,2,66.01,48.64,3,0,1,0
9400,15,126.71,52.02,2,0,0,0
9401,15,60.74,50.22,1,0,1,0
9402,13,28.93,9.44,1,0,0,0
9403,14,37.36,3.07,1,0,1,0
9404,19,20.94,32.25,2,0,1,0
9405,14,35.21,11.96,1,0,1,0
9406,8,113.47,36.54,2,0,1,0
9407,7,142.43,3.51,1,0,1,0
9408,21,102.85,48.44,3,0,1,0
9409,10,132.92,78.0,1,0,0,1
9410,20,117.68,9.55,1,0,0,0
9411,10,25.1,7.07,1,0,1,0
9412,17,122.55,38.25,1,1,1,0
9413,5,79.97,18.1,1,0,1,0
9414,20,41.67,0.93,1,0,0,0
9415,10,84.49,17.09,1,0,1,0
9416,10,168.54,20.13,1,0,1,0
9417,12,13.2,36.96,1,1,0,0
9418,16,116.6,44.1,1,0,0,0
9419,0,49.3,36.08,1,1,1,0
9420,5,89.2,27.4,1,0,1,0
9421,22,104.4,10.13,1,0,1,0
9422,12,852.75,0.12,1,0,1,0
9423,3,82.51,25.27,1,0,1,0
9424,12,57.31,0.74,4,0,1,0
9425,13,175.22,16.56,1,0,0,0
9426,8,87.04,23.09,1,0,0,0
9427,17,189.99,22.49,1,0,1,0
9428,18,58.42,27.62,2,0,1,0
9429,21,33.92,29.21,1,0,1,0
9430,22,41.38,107.66,2,0,1,0
9431,23,117.31,42.12,1,0,0,0
9432,13,54.78,6.23,2,0,1,0
9433,14,69.95,31.79,2,0,1,0
9434,7,45.33,55.93,1,0,1,0
9435,23,56.79,29.47,1,0,0,0
9436,5,132.5,84.3,1,0,0,0
9437,1,72.54,35.07,4,0,1,0
9438,20,51.42,11.24,2,0,1,0
9439,3,147.76,43.16,1,0,1,0
9440,11,37.6,40.04,1,0,1,0
9441,20,131.34,49.17,2,0,1,0
9442,12,16.41,4.35,1,0,1,0
9443,13,47.13,52.79,1,0,1,0
9444,5,49.72,87.59,1,0,1,0
9445,3,73.63,52.47,2,0,1,0
9446,10,6.75,6.35,2,0,1,0
9447,9,49.05,64.01,1,0,1,0
9448,6,166.51,25.92,2,0,1,0
9449,3,133.44,42.81,1,0,1,0
9450,8,59.09,84.81,1,0,1,0
9451,4,61.61,58.65,1,0,1,0
9452,1,91.21,19.01,1,0,1,0
9453,10,43.46,23.09,3,1,1,0
9454,4,31.72,3.21,1,0,1,0
9455,6,46.94,9.24,1,0,1,0
9456,10,22.53,31.9,3,0,1,0
9457,19,17.42,30.86,1,1,1,0
9458,17,124.19,54.57,1,0,1,0
9459,13,157.05,0.3,1,0,1,0
9460,23,166.46,13.4,1,0,1,0
9461,22,338.22,10.96,2,0,0,0
9462,2,7.55,41.0,1,0,1,0
9463,11,41.43,6.61,1,0,0,0
9464,21,70.46,27.82,2,0,0,0
9465,6,60.99,33.79,1,0,1,0
9466,12,63.41,7.61,1,0,1,0
9467,22,59.05,28.63,1,0,0,0
9468,14,68.31,23.8,1,0,1,0
9469,9,11.35,51.39,2,0,1,0
9470,5,16.08,25.32,1,0,0,0
9471,14,143.76,16.25,1,0,1,0
9472,3,61.08,41.4,1,0,1,0
9473,13,168.31,18.05,1,0,0,0
9474,14,125.83,1.66,1,0,1,0
9475,19,69.49,68.77,1,0,1,0
9476,11,375.81,91.71,1,0,1,1
9477,3,100.31,44.36,1,0,1,1
9478,9,30.45,17.24,1,1,1,0
9479,10,133.1,8.03,1,0,0,0
9480,2,382.61,10.4,2,0,0,0
9481,10,47.94,5.1,1,0,1,0
9482,1,62.23,28.17,1,0,0,0
9483,19,89.04,40.95,2,0,1,0
9484,23,146.19,4.46,2,0,1,0
9485,15,44.87,14.69,1,0,0,0
9486,8,85.95,41.4,2,0,0,0
9487,11,19.95,32.71,1,0,0,0
9488,7,47.53,4.57,2,0,0,0
9489,6,43.08,14.93,2,0,1,0
9490,5,151.7,48.35,2,0,1,0
9491,20,148.72,63.19,1,0,1,0
9492,2,153.73,67.45,1,1,1,0
9493,14,14.25,35.58,1,0,1,0
9494,15,282.9,20.13,1,0,1,0
9495,16,27.69,13.79,1,0,1,0
9496,10,57.87,1.57,1,0,1,0
9497,13,69.3,34.7,1,0,1,0
9498,4,123.88,12.59,1,0,1,0
9499,21,77.73,7.24,1,0,1,0
9500,7,82.89,30.67,1,0,1,0
9501,9,215.04,48.38,1,0,1,0
9502,3,70.03,20.61,1,0,1,0
9503,17,206.09,43.02,2,0,1,0
9504,0,129.57,29.61,1,0,1,0
9505,17,57.56,69.89,1,0,1,0
9506,11,13.92,26.77,3,0,1,0
9507,15,49.76,3.81,1,0,1,0
9508,3,71.63,14.5,2,0,0,0
9509,20,14.28,9.87,1,0,0,0
9510,23,22.67,12.83,1,0,1,0
9511,6,123.09,50.42,1,0,1,0
9512,9,80.35,6.14,2,0,0,0
9513,15,215.47,14.76,1,0,1,0
9514,20,22.17,0.41,2,0,1,0
9515,7,41.87,2.39,1,0,1,0
9516,20,76.26,16.76,1,0,1,0
9517,12,37.69,26.66,1,0,0,0
9518,10,156.77,17.99,5,0,1,0
9519,23,354.86,24.09,2,0,1,0
9520,4,106.51,21.73,1,0,0,0
9521,15,169.37,15.15,1,0,1,0
9522,13,15.95,46.48,1,0,1,0
9523,14,49.19,15.35,1,0,1,0
9524,22,55.5,74.78,4,0,1,0
9525,6,32.69,17.4,3,0,1,0
9526,20,217.96,54.13,1,0,1,0
9527,0,63.07,11.66,3,0,1,0
9528,11,11.67,47.57,1,0,1,0
9529,2,39.41,100.0,1,0,1,0
9530,18,188.85,56.1,1,1,1,0
9531,23,47.01,45.87,1,0,1,0
9532,23,127.11,102.54,1,0,1,0
9533,6,199.78,40.57,3,0,1,0
9534,11,52.21,24.68,3,1,1,0
9535,9,44.88,30.13,1,0,1,0
9536,19,33.03,38.83,1,0,1,0
9537,19,78.83,79.01,1,0,1,0
9538,14,99.98,39.73,3,0,0,0
9539,23,113.14,29.42,1,0,1,0
9540,12,145.35,54.03,1,0,1,0
9541,17,104.6,37.38,3,0,1,0
9542,6,78.53,10.75,1,0,0,0
9543,13,143.77,30.94,1,0,1,0
9544,21,49.71,26.8,1,0,1,0
9545,17,382.62,13.39,1,0,0,0
9546,16,36.67,3.89,3,0,0,0
9547,22,60.21,67.49,1,0,1,0
9548,7,113.71,5.69,3,0,0,0
9549,5,113.24,23.51,1,0,0,0
9550,5,265.9,54.84,1,0,0,0
9551,18,48.42,6.74,2,0,1,0
9552,7,145.44,28.92,1,0,1,0
9553,12,140.61,8.8,1,0,1,0
9554,14,99.28,14.43,2,0,1,0
9555,6,34.47,12.61,1,0,1,0
9556,15,132.36,30.13,1,0,0,0
9557,8,14.78,49.06,2,0,1,0
9558,13,81.1,24.6,1,0,0,0
9559,8,53.99,7.47,1,0,1,0
9560,2,52.83,7.65,1,0,1,0
9561,22,257.24,86.78,1,1,0,1
9562,7,23.13,27.56,1,0,1,0
9563,16,105.05,36.23,1,0,0,0
9564,8,164.32,31.17,2,0,1,0
9565,8,23.08,9.17,1,0,1,0
9566,17,161.52,3.88,1,0,0,0
9567,2,168.47,59.2,1,0,1,0
9568,10,350.92,1.67,2,0,1,0
9569,16,46.44,3.3,1,0,0,0
9570,15,30.88,29.11,3,0,0,0
9571,17,232.36,12.99,1,0,1,0
9572,9,103.5,21.46,1,0,1,0
9573,23,64.44,61.31,2,0,0,0
9574,15,68.97,6.8,3,0,1,1
9575,15,39.17,17.06,2,0,1,0
9576,11,29.63,7.45,1,0,1,0
9577,15,41.21,14.81,1,0,1,0
9578,6,285.35,25.26,1,0,1,0
9579,10,116.53,15.4,1,0,0,0
9580,12,52.6,30.54,2,0,1,0
9581,23,180.28,8.01,2,0,1,0
9582,10,23.73,34.44,2,0,1,0
9583,20,25.26,15.14,1,0,1,0
9584,21,189.13,41.34,1,0,0,0
9585,8,23.89,6.94,1,0,1,0
9586,0,9.35,40.52,1,0,1,0
9587,14,54.01,4.69,1,0,1,0
9588,15,103.86,35.85,1,0,1,0
9589,20,27.97,31.16,2,1,0,0
9590,6,90.28,26.46,1,0,1,0
9591,2,75.13,26.55,1,0,0,0
9592,13,55.34,24.46,1,0,0,0
9593,10,23.67,81.21,2,0,1,0
9594,1,110.65,39.57,1,0,1,0
9595,11,44.58,7.87,1,0,1,0
9596,21,49.83,61.67,2,0,1,0
9597,4,35.96,55.8,1,0,1,0
9598,5,18.12,39.98,4,0,1,0
9599,19,124.8,22.87,4,0,1,0
9600,2,132.28,3.2,4,0,1,0
9601,9,146.54,3.13,3,0,1,0
9602,0,45.83,62.51,1,0,1,0
9603,16,49.7,11.45,1,0,1,0
9604,23,12.93,19.09,1,0,1,0
9605,3,12.11,12.04,1,0,1,0
9606,19,307.89,18.11,1,0,1,0
9607,19,67.55,82.73,1,0,1,0
9608,6,110.05,52.32,1,0,0,0
9609,12,184.2,4.91,3,0,1,0
9610,20,62.54,16.81,1,0,1,0
9611,10,243.22,53.88,1,0,1,0
9612,21,8.24,77.29,1,0,1,0
9613,8,70.87,61.62,1,0,0,0
9614,10,181.4,10.98,1,0,1,0
9615,20,49.8,14.53,1,0,1,0
9616,18,34.09,70.98,1,0,0,0
9617,13,105.21,17.95,1,0,1,0
9618,13,86.13,55.28,1,0,0,0
9619,19,38.85,17.88,1,0,1,0
9620,22,111.28,15.74,1,0,0,0
9621,16,104.22,16.33,1,0,1,0
9622,0,27.28,14.21,1,0,1,0
9623,2,119.27,45.94,1,0,1,0
9624,20,199.77,4.12,1,0,1,0
9625,16,80.05,2.71,1,0,1,0
9626,23,77.65,23.41,1,0,1,0
9627,12,89.71,58.35,1,0,1,0
9628,22,27.87,15.28,1,1,1,0
9629,11,168.26,5.48,1,0,1,0
9630,11,18.04,46.46,1,0,1,0
9631,20,79.13,12.05,1,0,1,0
9632,5,61.51,33.21,2,0,1,0
9633,10,282.53,62.6,1,0,1,0
9634,1,82.29,19.34,1,0,1,0
9635,3,53.29,116.93,1,0,0,0
9636,6,77.88,14.36,1,0,1,0
9637,4,13.01,16.57,1,0,1,0
9638,5,269.63,21.83,3,0,0,0
9639,3,89.98,31.05,1,0,1,0
9640,6,45.78,12.09,1,0,1,0
9641,3,18.71,54.53,3,0,1,1
9642,14,12.91,3.94,1,0,0,0
9643,12,32.27,2.93,1,0,1,0
9644,17,38.28,64.9,2,0,0,1
9645,5,30.05,25.14,1,0,1,0
9646,11,70.01,15.13,3,0,0,0
9647,23,209.6,19.4,3,0,1,0
9648,15,144.79,45.54,2,0,1,0
9649,15,64.02,19.17,1,0,0,0
9650,11,513.15,30.39,1,0,0,0
9651,21,73.39,94.07,2,0,1,0
9652,13,87.96,57.29,2,0,1,0
9653,23,96.58,13.36,1,0,1,0
9654,3,48.5,30.12,1,0,1,0
9655,21,109.63,58.57,1,0,1,0
9656,15,96.12,16.11,2,0,1,0
9657,17,7.92,25.46,3,0,0,0
9658,2,277.64,3.23,1,0,1,0
9659,15,285.5,28.93,3,0,0,1
9660,23,210.17,77.08,1,0,1,0
9661,18,180.47,16.57,1,0,1,0
9662,22,70.88,3.69,1,1,1,0
9663,7,91.72,42.08,1,0,1,0
9664,19,118.9,32.53,1,0,1,0
9665,23,125.25,52.07,1,0,1,0
9666,17,63.27,9.3,1,0,1,0
9667,10,17.35,58.01,3,0,0,0
9668,21,67.53,1.79,1,1,1,0
9669,14,23.0,57.0,1,0,0,0
9670,14,227.29,26.41,1,0,1,1
9671,17,213.94,6.35,1,0,1,0
9672,13,35.85,13.76,1,0,1,0
9673,10,77.18,74.97,1,0,1,0
9674,20,25.4,19.52,1,0,1,0
9675,10,91.29,18.36,1,0,1,0
9676,9,108.89,10.68,1,0,1,0
9677,6,151.19,52.92,1,0,0,0
9678,23,37.88,1.82,3,0,1,0
9679,13,64.62,32.64,1,0,0,0
9680,2,238.28,49.54,1,0,0,0
9681,21,50.26,12.85,3,0,1,0
9682,13,21.91,27.86,1,0,1,0
9683,7,28.02,12.04,1,0,1,0
9684,14,94.86,34.91,4,0,1,0
9685,9,110.94,50.5,1,0,1,0
9686,17,159.94,2.67,1,0,1,0
9687,8,17.5,12.2,1,0,1,0
9688,16,109.78,14.64,2,1,1,0
9689,23,28.57,30.73,1,0,1,0
9690,13,53.47,42.78,1,1,0,0
9691,16,25.26,21.96,1,0,1,0
9692,11,26.42,48.71,2,0,1,0
9693,12,13.92,72.19,1,0,1,0
9694,12,107.74,10.62,1,0,1,0
9695,15,305.24,6.02,1,1,1,0
9696,12,95.87,33.52,1,0,0,0
9697,2,78.96,12.08,1,0,0,0
9698,10,75.85,20.27,1,0,1,0
9699,3,180.96,27.3,1,0,1,0
9700,5,206.34,26.11,1,0,1,0
9701,17,49.64,21.29,2,0,1,0
9702,13,178.85,13.72,3,0,0,0
9703,15,52.33,7.19,1,0,0,0
9704,14,120.15,12.24,2,0,1,0
9705,11,108.89,92.24,3,0,1,0
9706,0,23.96,17.54,2,0,0,0
9707,8,112.04,13.39,4,0,1,0
9708,10,30.53,26.9,1,0,0,0
9709,6,13.06,31.36,2,0,0,0
9710,15,60.57,59.8,1,0,0,0
9711,14,125.42,16.67,1,0,1,0
9712,9,66.75,21.47,4,0,1,0
9713,4,22.79,46.56,1,0,0,0
9714,0,98.56,24.76,1,0,1,0
9715,22,139.12,44.57,1,0,1,0
9716,20,41.33,3.73,1,0,1,0
9717,17,51.29,44.72,2,0,0,0
9718,21,107.01,48.41,2,0,0,0
9719,1,81.67,24.03,1,0,1,0
9720,16,75.67,15.25,1,0,1,0
9721,0,84.18,65.78,1,1,1,0
9722,23,65.18,2.8,1,0,1,0
9723,22,232.64,92.25,1,0,1,0
9724,14,293.31,40.82,1,0,1,0
9725,18,194.54,15.5,1,0,1,0
9726,16,45.05,28.58,3,0,0,0
9727,20,555.88,49.72,2,0,1,0
9728,1,19.31,42.42,1,0,1,0
9729,21,71.72,23.94,1,0,1,0
9730,19,172.03,20.64,1,0,0,0
9731,10,57.25,7.04,1,0,1,0
9732,19,71.3,11.58,1,0,1,0
9733,1,14.53,51.39,1,0,0,1
9734,3,293.68,2.9,1,0,1,0
9735,11,30.94,1.23,1,0,0,0
9736,13,197.28,9.93,1,0,1,0
9737,8,257.88,0.07,1,0,0,0
9738,17,88.06,37.25,1,0,1,0
9739,12,38.66,51.16,1,0,0,0
9740,8,485.77,16.15,1,0,1,0
9741,21,44.92,0.31,1,0,1,0
9742,21,15.76,34.91,1,0,0,0
9743,17,16.44,32.47,4,0,0,0
9744,21,31.86,9.61,1,0,1,0
9745,5,62.67,5.93,2,0,0,0
9746,16,47.52,72.13,1,0,1,0
9747,11,109.4,81.13,1,0,1,0
9748,17,193.19,1.15,1,0,1,0
9749,20,117.18,36.62,1,0,1,0
9750,5,14.84,6.76,1,0,1,0
9751,12,72.93,48.21,1,0,0,0
9752,9,10.37,75.4,1,1,1,1
9753,7,152.44,51.23,1,0,1,0
9754,23,32.3,7.27,1,0,0,0
9755,12,96.83,8.59,1,0,1,0
9756,7,141.39,6.14,1,0,0,0
9757,0,101.68,49.73,1,0,1,0
9758,18,84.24,66.93,1,0,1,0
9759,21,185.63,10.71,1,0,1,0
9760,19,70.15,80.79,1,0,1,0
9761,10,21.72,58.37,1,0,1,0
9762,6,69.88,43.32,1,0,1,0
9763,12,167.34,70.86,1,0,1,0
9764,23,25.4,25.12,1,0,1,0
9765,12,84.83,50.52,1,0,1,0
9766,8,90.98,40.43,2,0,0,0
9767,2,99.75,28.49,1,0,1,0
9768,2,67.65,3.16,2,0,1,0
9769,0,83.07,38.35,1,0,1,0
9770,6,135.47,10.55,1,0,1,0
9771,1,44.52,16.77,1,0,0,0
9772,12,69.31,14.34,2,0,1,0
9773,11,14.42,51.17,1,0,1,0
9774,6,173.72,24.22,2,0,0,0
9775,3,53.01,56.01,1,0,1,0
9776,17,274.57,26.8,1,1,1,1
9777,19,11.56,40.05,1,0,1,0
9778,8,49.35,43.76,1,0,0,0
9779,19,231.44,6.65,2,0,0,0
9780,15,188.15,43.98,2,0,1,0
9781,7,122.29,13.21,2,0,1,0
9782,21,189.69,7.35,1,0,1,0
9783,11,45.82,5.33,1,0,1,0
9784,19,22.74,31.29,4,0,0,0
9785,20,27.7,34.7,2,0,0,0
9786,13,307.52,66.97,1,0,1,0
9787,16,35.45,48.03,1,0,1,0
9788,10,332.14,23.05,1,0,1,0
9789,5,54.43,1.37,2,0,0,0
9790,16,50.44,48.25,1,0,1,0
9791,3,108.99,19.0,1,0,1,0
9792,6,49.54,8.81,2,0,1,0
9793,18,40.01,57.37,2,0,1,0
9794,16,30.12,47.94,1,0,1,0
9795,21,113.97,4.01,1,0,1,0
9796,21,13.57,30.2,1,0,1,0
9797,0,98.8,11.81,1,0,1,0
9798,2,208.54,29.77,2,0,1,0
9799,21,11.39,29.59,1,0,1,0
9800,21,75.28,54.86,1,0,1,0
9801,5,10.32,4.08,1,0,1,0
9802,19,217.57,14.0,1,0,1,0
9803,3,78.1,19.42,2,0,0,0
9804,9,54.24,60.97,1,0,1,0
9805,17,38.5,0.5,2,0,1,0
9806,14,111.64,27.48,1,0,1,0
9807,14,192.66,5.62,2,0,1,0
9808,17,43.79,52.24,1,0,1,0
9809,2,65.59,16.33,1,0,1,0
9810,17,195.13,6.46,1,0,0,0
9811,3,45.67,43.06,3,0,0,1
9812,12,21.45,15.61,1,0,1,0
9813,16,75.29,20.86,4,1,0,0
9814,0,189.58,32.52,1,0,0,0
9815,7,30.73,61.59,3,0,0,0
9816,14,125.58,7.14,3,0,1,0
9817,22,55.07,9.68,1,0,0,0
9818,13,37.82,23.99,1,0,1,0
9819,21,51.4,30.4,3,0,1,0
9820,20,54.0,1.07,1,0,1,0
9821,9,196.07,7.36,1,0,0,0
9822,8,270.84,38.31,1,0,1,0
9823,1,106.49,24.28,3,1,0,0
9824,15,91.76,14.0,1,0,1,0
9825,22,227.91,11.93,2,0,0,0
9826,13,99.33,6.57,1,0,1,0
9827,17,81.49,59.69,1,0,0,0
9828,20,37.54,9.24,1,0,1,0
9829,4,67.14,26.54,3,0,1,0
9830,10,62.55,29.51,2,0,0,0
9831,14,35.8,43.17,1,0,1,0
9832,14,151.72,61.93,1,0,1,0
9833,4,24.06,12.17,1,0,1,0
9834,17,55.51,25.74,1,0,1,0
9835,12,21.05,23.91,1,0,1,0
9836,7,44.7,54.68,1,0,0,0
9837,11,358.65,19.2,1,0,1,0
9838,7,22.69,9.92,1,0,1,0
9839,7,34.44,31.76,1,0,0,0
9840,6,50.32,5.01,1,0,1,0
9841,3,80.87,5.43,1,0,0,0
9842,14,15.9,52.66,1,1,0,1
9843,19,385.34,69.37,1,0,0,0
9844,5,103.31,4.1,1,0,1,0
9845,0,132.92,36.99,1,0,0,0
9846,22,273.09,21.73,1,0,1,0
9847,12,420.88,14.74,2,1,0,1
9848,6,24.44,41.22,3,1,0,0
9849,9,312.49,19.91,1,0,0,0
9850,14,40.31,21.1,1,0,1,0
9851,9,16.45,32.01,1,0,0,0
9852,21,92.88,18.63,1,0,1,0
9853,6,52.16,53.34,1,0,0,0
9854,11,65.26,70.41,1,0,1,0
9855,3,43.48,15.17,2,0,1,0
9856,7,77.92,32.08,3,0,1,0
9857,11,28.72,32.4,1,0,1,0
9858,20,134.07,50.99,1,0,1,0
9859,10,31.24,60.71,1,0,1,0
9860,2,49.11,13.69,1,0,1,0
9861,11,118.5,4.68,1,0,1,0
9862,2,47.42,13.78,1,0,1,0
9863,15,106.32,12.8,1,0,0,1
9864,1,29.3,59.62,1,0,1,0
9865,18,78.24,7.43,1,0,0,0
9866,17,332.34,22.36,1,0,1,0
9867,20,193.02,15.26,1,0,0,0
9868,7,196.19,19.86,1,0,1,0
9869,8,173.09,50.42,4,0,1,0
9870,1,275.2,38.01,2,0,1,0
9871,5,53.02,29.7,1,0,1,0
9872,19,158.35,34.6,1,0,1,0
9873,8,401.2,14.68,1,0,1,0
9874,17,40.67,35.96,2,0,0,0
9875,5,280.34,78.66,3,0,1,0
9876,10,209.21,24.87,1,0,0,0
9877,22,53.27,16.75,1,0,1,0
9878,3,56.35,4.76,1,0,0,0
9879,23,76.32,36.69,1,0,1,0
9880,12,33.31,1.43,1,0,1,0
9881,14,93.04,76.27,1,0,0,0
9882,7,39.53,3.22,1,0,0,0
9883,12,41.72,36.19,1,0,1,0
9884,19,119.95,34.58,1,0,1,0
9885,6,28.6,33.25,1,0,1,0
9886,9,37.46,2.56,2,0,0,0
9887,9,139.65,20.84,1,0,0,0
9888,16,75.36,37.47,1,0,1,0
9889,9,31.42,12.51,1,0,1,0
9890,9,98.45,30.42,1,0,1,0
9891,2,20.84,7.07,1,0,1,0
9892,23,61.31,30.17,1,0,1,0
9893,17,94.01,11.78,1,0,1,0
9894,15,24.52,26.93,1,0,1,0
9895,1,57.9,7.47,2,0,1,0
9896,23,89.47,76.66,1,0,1,0
9897,7,102.71,4.91,1,0,1,0
9898,9,76.53,1.11,2,0,1,0
9899,15,77.96,29.28,1,0,1,0
9900,18,85.53,26.74,1,0,1,0
9901,0,67.66,32.88,2,0,0,0
9902,7,338.55,47.01,1,1,1,0
9903,0,21.79,0.98,3,0,1,0
9904,10,27.65,73.0,1,0,0,0
9905,1,21.83,9.89,1,0,0,0
9906,10,34.63,73.81,1,0,1,0
9907,22,179.75,48.57,1,0,1,0
9908,15,6.43,3.25,2,0,0,0
9909,6,44.83,20.58,1,0,0,0
9910,0,154.37,13.11,1,0,1,0
9911,14,126.64,53.12,1,0,1,0
9912,11,81.57,13.81,1,0,1,0
9913,14,123.86,23.9,2,0,1,0
9914,16,42.02,26.27,1,0,0,0
9915,10,30.79,29.59,1,0,0,0
9916,22,36.29,41.48,2,0,1,0
9917,11,30.3,41.24,1,0,1,0
9918,9,142.11,25.08,1,0,1,0
9919,12,42.3,12.39,1,0,0,0
9920,0,444.73,19.37,1,0,1,0
9921,2,285.95,2.41,1,0,0,0
9922,23,69.5,8.62,1,0,1,0
9923,4,92.08,30.35,5,0,1,0
9924,10,10.44,29.83,1,0,0,0
9925,16,104.56,31.48,2,0,1,0
9926,5,163.01,46.63,1,0,1,0
9927,6,78.12,6.3,1,0,1,0
9928,13,170.11,41.99,1,0,0,0
9929,10,25.66,22.92,1,0,0,0
9930,22,9.86,34.06,2,0,1,0
9931,5,187.07,9.49,1,0,0,0
9932,23,67.0,35.38,1,0,1,0
9933,20,43.02,8.61,1,0,1,0
9934,1,38.84,23.65,1,0,1,0
9935,19,96.73,9.33,1,0,0,0
9936,18,52.27,39.61,1,0,1,0
9937,17,9.06,9.64,1,0,0,0
9938,19,38.75,65.93,3,0,1,0
9939,19,37.48,5.36,1,0,1,0
9940,1,30.19,45.21,1,0,1,0
9941,5,48.97,59.58,1,0,1,0
9942,20,11.15,20.37,1,0,0,0
9943,14,39.05,59.78,1,0,1,0
9944,7,110.94,17.57,2,0,1,0
9945,9,390.77,10.65,1,0,1,0
9946,19,574.02,17.96,1,0,1,0
9947,2,75.79,10.69,1,0,1,0
9948,6,110.9,62.22,1,0,1,0
9949,21,72.06,14.35,1,0,1,0
9950,23,50.55,22.81,1,0,1,0
9951,22,19.29,50.15,1,0,1,0
9952,17,99.5,23.68,5,0,0,1
9953,10,45.61,23.22,1,0,1,0
9954,18,112.38,29.06,1,1,1,1
9955,11,787.14,12.28,2,0,1,0
9956,21,109.96,14.19,2,0,0,0
9957,23,9.0,39.35,1,0,1,0
9958,21,100.51,36.89,1,0,1,0
9959,16,131.59,25.57,1,0,1,0
9960,9,115.69,3.07,1,0,1,0
9961,2,68.39,2.0,1,0,0,0
9962,7,89.91,20.06,3,0,1,0
9963,0,45.88,2.18,1,0,1,0
9964,5,30.98,14.37,2,0,1,0
9965,0,153.03,16.37,1,0,1,0
9966,23,16.99,59.35,1,0,1,0
9967,11,320.89,15.65,1,0,1,0
9968,11,310.27,80.54,1,0,1,0
9969,19,13.84,53.74,1,0,1,0
9970,5,52.06,38.81,1,0,1,0
9971,20,19.1,9.78,2,0,1,0
9972,14,107.45,26.18,1,0,1,0
9973,9,87.06,34.42,1,0,0,0
9974,17,130.63,55.32,3,0,1,0
9975,13,105.83,30.42,1,0,0,0
9976,15,151.14,39.89,1,0,0,0
9977,18,171.81,41.0,1,0,1,0
9978,8,28.88,40.65,1,0,1,0
9979,10,41.66,72.09,1,0,1,0
9980,12,21.9,32.53,4,0,0,0
9981,3,17.24,48.82,1,0,1,0
9982,2,92.41,18.39,3,0,1,1
9983,6,27.29,2.73,1,0,0,0
9984,6,121.95,24.09,1,0,1,0
9985,21,35.8,48.2,1,0,1,0
9986,14,253.25,11.06,1,0,1,0
9987,14,72.36,5.18,2,0,1,0
9988,12,274.36,25.58,1,0,1,0
9989,0,119.06,71.9,1,0,0,0
9990,12,604.87,51.26,1,0,1,0
9991,21,152.89,11.64,1,0,1,0
9992,20,10.56,28.92,4,0,1,0
9993,17,77.99,5.86,3,0,0,0
9994,15,84.73,40.89,4,0,0,0
9995,13,158.85,31.08,3,0,1,0
9996,10,42.66,26.9,1,0,1,0
9997,14,47.06,31.77,2,0,0,0
9998,3,16.6,47.91,1,0,1,0
9999,12,167.63,17.26,3,0,1,0
10000,15,173.65,1.18,2,0,1,0
10001,13,29.11,2.56,3,0,0,0
10002,1,75.17,68.9,1,0,0,1
10003,12,49.63,26.81,1,0,1,0
10004,14,29.93,16.46,1,0,1,0
10005,1,59.86,12.91,1,0,1,0
10006,23,14.52,46.26,1,1,1,0
10007,17,18.11,41.56,2,0,1,0
10008,9,129.92,23.84,1,0,1,0
10009,15,14.98,6.72,1,0,1,0
10010,10,77.58,32.82,1,0,1,0
10011,23,47.24,59.7,2,0,0,1
10012,14,108.28,17.71,1,0,1,0
10013,3,98.71,32.84,1,0,0,0
10014,23,31.87,42.93,1,0,0,0
10015,7,108.64,11.29,3,0,0,0
10016,17,153.87,49.0,3,0,1,0
10017,20,60.22,39.73,2,0,1,0
10018,8,280.62,6.06,1,0,0,0
10019,15,76.65,37.86,4,0,1,0
10020,4,233.36,58.88,1,0,1,0
10021,2,147.55,76.25,1,0,1,0
10022,3,121.22,10.76,1,1,1,0
10023,6,56.05,9.11,1,0,0,0
10024,19,34.72,32.97,1,0,1,0
10025,16,12.73,45.39,2,0,0,0
10026,20,11.42,22.41,1,0,1,0
10027,23,22.52,14.76,1,0,1,0
10028,16,33.6,9.6,1,0,0,0
10029,16,170.87,28.31,1,0,1,0
10030,5,43.0,58.14,2,0,0,0
10031,16,160.56,24.19,4,0,0,0
10032,1,98.77,44.6,1,0,1,0
10033,19,98.29,56.78,2,0,0,0
10034,6,28.63,14.66,1,0,0,0
10035,1,60.26,20.05,1,0,0,0
10036,20,51.08,0.75,3,0,1,0
10037,4,39.89,36.56,1,0,1,0
10038,5,37.15,4.77,2,0,0,0
10039,4,13.27,1.45,1,0,1,0
10040,17,128.56,38.72,1,0,1,0
10041,5,77.24,34.51,1,0,1,0
10042,21,35.02,45.01,1,0,1,0
10043,16,29.83,22.09,1,0,1,0
10044,10,112.16,37.06,1,0,0,0
10045,8,165.95,3.6,4,0,1,0
10046,8,10.59,15.04,1,0,1,0
10047,23,120.97,28.16,1,0,0,0
10048,13,90.43,65.34,2,0,1,0
10049,12,10.82,8.13,3,0,1,0
10050,3,556.5,22.58,1,0,1,0
10051,0,74.75,68.59,1,1,0,0
10052,1,51.32,14.96,1,0,1,0
10053,1,58.6,70.26,3,0,1,0
10054,4,129.6,10.21,1,0,0,0
10055,1,20.86,18.44,1,0,1,0
10056,6,11.51,23.23,2,0,1,0
10057,22,28.55,26.9,1,0,1,0
10058,20,40.1,7.76,1,0,0,0
10059,7,73.96,13.41,1,1,1,0
10060,21,137.06,35.85,3,0,1,0
10061,21,47.31,65.58,1,0,0,0
10062,7,47.19,32.3,1,0,0,0
10063,10,136.65,8.49,1,0,1,0
10064,19,83.78,16.84,1,0,1,0
10065,3,238.58,45.1,1,0,1,0
10066,4,10.81,9.97,1,0,1,0
10067,22,29.09,32.51,1,0,1,0
10068,19,158.09,30.1,4,0,1,0
10069,20,176.29,24.71,1,0,1,0
10070,1,89.91,46.67,1,0,0,0
10071,9,75.77,36.9,1,0,0,0
10072,18,26.75,4.67,1,0,1,0
10073,9,84.18,27.29,3,0,1,0
10074,15,49.16,44.7,1,1,1,0
10075,7,142.98,12.97,1,0,0,0
10076,23,146.55,16.08,1,0,0,0
10077,14,75.36,44.41,1,0,1,0
10078,8,30.68,15.61,1,0,1,0
10079,8,27.01,5.12,1,0,1,0
10080,3,17.88,58.94,1,0,0,0
10081,23,103.12,1.28,1,0,1,0
10082,1,110.69,23.94,1,0,0,0
10083,8,36.65,20.18,1,0,1,0
10084,10,34.14,24.82,1,0,0,0
10085,21,43.32,15.31,1,0,1,0
10086,11,218.96,10.41,1,0,0,0
10087,0,76.81,34.28,1,0,1,0
10088,13,26.43,43.66,1,0,1,0
10089,23,40.66,55.2,2,0,0,0
10090,9,19.55,23.5,1,0,0,0
10091,17,239.9,8.35,1,0,0,0
10092,16,27.66,36.42,1,0,1,0
10093,13,113.37,1.64,1,0,1,0
10094,14,17.64,25.7,1,0,0,0
10095,8,647.67,26.68,1,0,1,0
10096,4,40.93,47.48,1,0,1,0
10097,21,30.84,7.37,1,0,0,0
10098,3,55.16,11.02,1,0,1,0
10099,22,108.04,27.21,2,0,1,0
10100,12,710.8,24.52,1,0,1,0
10101,8,12.29,25.46,1,0,1,0
10102,2,84.29,48.31,1,0,1,0
10103,19,103.78,44.83,1,0,0,0
10104,16,162.83,19.19,1,0,1,0
10105,9,43.02,57.83,1,0,1,0
10106,6,159.8,44.05,1,0,1,0
10107,18,81.19,21.95,1,0,1,0
10108,20,42.9,9.63,1,0,0,0
10109,23,33.53,65.96,1,0,0,0
10110,20,418.4,56.24,1,0,1,0
10111,9,30.97,58.55,1,0,1,0
10112,3,20.98,31.22,2,0,1,0
10113,7,38.59,46.78,2,0,1,0
10114,12,317.62,11.92,1,0,1,0
10115,13,65.97,1.5,1,0,1,0
10116,14,1014.25,0.53,2,0,1,0
10117,15,219.84,32.62,5,0,1,0
10118,13,51.65,8.02,1,0,1,0
10119,13,434.39,47.88,2,0,0,0
10120,1,37.38,3.66,1,0,0,0
10121,21,79.72,14.52,2,0,0,1
10122,16,11.24,28.81,1,0,1,0
10123,19,142.01,24.68,1,0,1,0
10124,23,45.72,31.86,1,0,1,0
10125,21,168.92,46.01,1,0,1,0
10126,17,53.03,10.84,1,0,1,0
10127,6,46.57,10.41,3,0,1,0
10128,10,28.51,1.92,2,0,1,0
10129,17,102.42,45.44,1,0,1,0
10130,16,57.31,20.23,1,0,1,0
10131,7,111.25,12.87,1,0,1,0
10132,8,86.25,25.86,2,1,1,1
10133,6,39.71,62.26,1,0,1,0
10134,2,29.92,1.95,1,0,0,0
10135,21,49.68,3.82,1,0,1,0
10136,14,150.75,25.35,1,0,1,0
10137,18,41.25,8.73,1,0,1,0
10138,22,33.56,7.65,1,0,1,0
10139,11,47.19,35.13,1,0,1,0
10140,5,53.95,60.17,1,1,1,0
10141,13,61.79,26.09,1,0,0,0
10142,13,27.68,50.18,1,0,1,0
10143,4,75.11,14.99,1,0,1,0
10144,3,130.55,11.93,1,0,0,0
10145,12,60.59,47.43,1,0,1,0
10146,18,153.11,26.11,1,0,0,0
10147,3,284.14,1.88,2,0,1,0
10148,0,106.7,2.23,1,0,1,0
10149,6,29.35,19.99,1,0,0,0
10150,13,352.57,78.15,1,0,1,0
10151,23,48.84,15.14,2,0,0,0
10152,8,30.22,36.79,1,0,1,0
10153,1,130.13,2.94,1,0,1,0
10154,11,136.84,30.91,1,0,1,0
10155,13,65.91,29.6,1,0,0,0
10156,23,100.59,2.31,1,1,1,0
10157,5,170.44,15.94,4,0,1,0
10158,18,61.72,55.88,1,0,1,0
10159,16,84.41,12.14,1,0,1,0
10160,10,313.88,44.56,1,0,1,0
10161,17,26.2,34.51,1,0,0,0
10162,20,13.89,34.88,1,0,1,0
10163,14,97.99,6.47,2,0,1,0
10164,11,77.36,13.67,1,0,1,0
10165,8,22.69,16.88,1,0,0,0
10166,18,71.81,33.31,1,0,0,0
10167,4,89.57,43.86,1,0,1,0
10168,18,201.61,13.76,1,0,1,0
10169,3,108.78,14.98,1,0,0,0
10170,0,62.27,42.41,1,1,1,0
10171,16,62.8,62.44,2,0,1,0
10172,20,32.75,44.77,2,0,1,0
10173,0,194.3,0.8,1,0,0,0
10174,8,127.76,40.43,2,0,0,0
10175,23,412.51,7.09,1,0,1,0
10176,16,21.79,66.27,1,0,1,0
10177,18,66.98,48.78,1,0,1,0
10178,1,43.87,23.18,1,0,0,0
10179,5,292.64,3.39,1,0,1,0
10180,16,34.41,55.56,1,0,0,0
10181,17,133.61,43.01,1,0,0,0
10182,5,71.48,27.19,1,0,1,0
10183,14,26.46,8.4,1,0,1,0
10184,1,337.74,20.28,1,0,0,0
10185,17,24.6,82.54,1,0,1,0
10186,11,154.77,22.63,5,0,1,0
10187,14,132.22,3.46,3,0,1,0
10188,1,32.58,36.54,2,0,0,0
10189,5,21.09,60.52,3,1,0,0
10190,3,88.27,9.88,1,0,1,0
10191,9,100.99,17.52,1,0,1,0
10192,9,51.29,27.08,1,0,1,0
10193,20,129.45,63.05,1,0,1,0
10194,8,59.94,40.07,2,0,0,1
10195,7,12.47,11.86,1,0,1,0
10196,21,518.87,72.03,1,0,1,0
10197,19,89.09,16.91,1,0,1,0
10198,16,224.76,9.73,1,0,0,0
10199,11,186.7,62.26,1,0,1,0
10200,10,61.82,3.87,1,0,1,0
10201,9,36.33,8.38,1,0,1,0
10202,19,55.49,5.5,1,0,1,0
10203,10,70.65,0.58,3,0,0,1
10204,4,85.32,53.03,1,0,1,0
10205,0,30.87,3.42,1,0,0,0
10206,3,28.99,9.6,1,0,0,0
10207,22,78.5,50.52,3,0,0,0
10208,16,61.19,35.29,1,0,1,0
10209,11,114.13,42.42,1,0,1,0
10210,1,44.0,74.22,1,0,1,0
10211,1,181.71,5.78,1,0,0,0
10212,20,133.24,28.61,1,0,1,0
10213,13,239.36,53.77,2,1,1,1
10214,19,109.19,56.02,1,0,1,0
10215,18,42.99,7.66,2,0,1,0
10216,6,13.25,27.27,2,0,1,0
10217,22,141.39,58.57,1,0,0,0
10218,15,18.61,24.74,5,0,0,1
10219,13,114.12,6.52,1,0,0,0
10220,0,56.4,38.2,1,0,1,0
10221,5,105.1,9.95,1,0,1,0
10222,22,102.68,11.15,1,0,1,0
10223,13,76.4,23.99,1,1,0,0
10224,12,107.1,63.71,2,0,1,0
10225,23,353.75,29.14,1,0,1,0
10226,8,48.33,46.13,1,0,1,0
10227,3,9.67,18.08,1,0,0,0
10228,12,85.33,66.65,1,0,0,0
10229,8,75.33,24.2,1,0,1,0
10230,16,86.45,23.48,3,0,0,0
10231,11,37.71,36.7,2,1,1,0
10232,3,90.01,4.45,1,0,1,1
10233,15,52.25,52.52,1,0,0,0
10234,1,34.14,4.93,2,0,0,0
10235,17,30.54,6.88,1,0,1,0
10236,21,33.25,32.6,1,0,1,0
10237,1,74.93,24.98,1,0,1,0
10238,12,55.91,6.8,1,0,1,0
10239,13,256.26,0.75,1,0,1,0
10240,0,78.65,8.4,1,0,1,0
10241,6,45.33,59.54,2,0,0,0
10242,16,20.69,13.95,1,0,0,0
10243,8,115.16,0.18,1,0,1,0
10244,5,36.94,9.66,1,0,1,0
10245,18,15.74,18.58,1,0,0,0
10246,5,39.54,14.55,1,0,1,0
10247,3,232.32,17.07,1,0,1,1
10248,6,108.6,39.32,1,1,1,1
10249,10,56.0,37.68,1,0,1,0
10250,20,29.13,8.07,1,0,1,0
10251,0,141.63,22.59,1,0,1,0
10252,15,23.54,28.96,1,0,1,0
10253,9,164.48,20.46,1,0,0,0
10254,0,355.89,4.07,1,0,0,0
10255,5,267.76,19.06,2,0,1,0
10256,3,109.92,74.28,1,0,0,0
10257,7,64.83,44.47,1,0,1,0
10258,16,257.01,14.38,2,0,1,0
10259,15,133.14,41.02,1,0,1,0
10260,5,64.88,5.44,1,0,1,0
10261,15,20.17,66.67,1,0,1,0
10262,13,63.29,69.86,1,0,1,0
10263,18,37.22,21.07,1,0,1,0
10264,11,107.02,11.15,1,0,0,0
10265,22,59.39,18.44,1,0,1,0
10266,17,116.64,12.16,3,0,1,1
10267,10,53.01,10.41,2,0,1,0
10268,18,38.28,68.81,1,0,1,0
10269,13,24.64,19.92,1,0,0,0
10270,8,29.5,69.17,1,0,1,0
10271,7,28.48,0.16,2,0,1,0
10272,23,25.88,40.52,1,0,1,0
10273,23,665.0,51.38,5,0,1,1
10274,7,34.63,12.08,1,0,1,0
10275,2,248.73,5.71,2,0,1,0
10276,10,49.89,11.71,3,1,1,0
10277,21,45.8,48.26,1,0,1,0
10278,4,8.42,8.53,1,0,1,0
10279,23,81.12,30.7,2,0,0,0
10280,2,34.84,16.56,1,0,1,0
10281,1,14.26,7.42,1,0,1,0
10282,3,54.81,34.34,2,0,0,0
10283,13,84.74,22.74,1,0,1,0
10284,14,38.31,35.74,1,0,1,0
10285,7,599.58,12.92,3,0,1,0
10286,12,136.82,24.89,1,1,1,0
10287,12,221.53,46.13,1,0,1,0
10288,3,308.99,29.55,1,0,1,0
10289,22,172.52,7.87,1,0,0,0
10290,2,74.64,75.96,1,0,1,0
10291,0,71.98,21.97,1,0,1,0
10292,3,1060.83,5.52,1,0,0,1
10293,17,80.99,42.91,4,0,1,0
10294,17,45.99,1.09,1,1,0,0
10295,11,204.88,21.07,2,0,1,0
10296,23,28.84,34.95,1,0,0,0
10297,20,246.07,77.88,5,0,0,1
10298,10,35.98,21.68,2,0,0,0
10299,21,33.59,34.32,1,1,1,0
10300,14,373.83,5.43,1,0,1,0
10301,4,68.33,53.8,1,0,1,0
10302,22,70.29,8.78,1,0,0,0
10303,0,74.44,3.43,2,0,1,0
10304,13,63.87,15.22,4,0,0,0
10305,14,63.04,19.82,1,0,1,0
10306,17,187.38,11.08,1,1,1,0
10307,6,521.55,23.99,1,0,1,0
10308,19,95.64,53.93,1,1,1,0
10309,16,53.79,9.06,1,0,0,0
10310,20,151.82,11.35,2,0,1,0
10311,0,42.84,18.42,1,0,1,0
10312,16,95.16,68.29,2,1,1,0
10313,19,40.13,2.12,2,0,1,0
10314,18,225.29,92.8,1,0,1,0
10315,9,25.59,37.81,1,0,1,0
10316,14,128.03,17.21,1,0,1,0
10317,14,348.14,13.27,1,0,1,0
10318,19,73.82,9.96,2,0,0,0
10319,0,20.13,43.31,1,0,0,0
10320,11,137.89,3.77,1,0,1,0
10321,14,19.31,5.67,1,0,1,0
10322,14,28.5,28.48,1,0,1,0
10323,20,38.77,26.22,1,0,1,0
10324,1,141.12,11.86,1,0,0,0
10325,1,107.47,28.14,1,0,1,0
10326,0,35.76,49.14,1,0,1,0
10327,16,55.29,35.27,1,0,1,0
10328,8,154.1,16.81,1,0,1,0
10329,17,15.5,1.73,2,0,0,0
10330,17,31.81,25.64,1,0,1,0
10331,11,41.68,38.89,1,0,1,0
10332,19,66.22,29.22,1,0,1,0
10333,23,50.0,3.68,1,0,0,0
10334,7,248.68,22.19,1,0,1,0
10335,13,52.72,45.01,1,0,1,0
10336,6,35.54,18.14,2,0,1,0
10337,21,28.19,13.13,1,0,0,0
10338,14,140.22,12.7,1,1,1,0
10339,8,130.34,55.15,1,0,1,0
10340,21,72.59,47.35,1,0,1,0
10341,10,185.11,12.86,2,0,0,0
10342,21,28.06,51.9,1,0,1,0
10343,11,65.01,80.92,2,0,1,0
10344,1,179.34,13.42,1,0,1,0
10345,12,74.44,113.88,1,0,1,0
10346,18,62.26,64.82,1,0,1,0
10347,10,40.73,17.26,1,0,1,0
10348,13,69.15,15.57,1,0,1,0
10349,8,121.89,16.15,1,0,1,0
10350,12,131.64,56.72,1,0,0,0
10351,7,58.92,49.59,1,0,1,0
10352,8,149.9,40.09,1,0,1,0
10353,0,42.83,7.87,1,0,0,0
10354,5,108.91,15.89,2,0,1,0
10355,13,42.57,34.18,5,0,0,0
10356,9,106.89,53.04,1,0,1,0
10357,2,62.71,40.5,1,0,0,0
10358,23,47.72,35.68,1,0,0,0
10359,2,68.94,46.05,2,0,1,0
10360,1,111.38,20.52,1,0,1,0
10361,22,377.02,46.09,1,0,1,0
10362,12,13.19,3.38,1,0,1,0
10363,23,38.17,24.65,1,0,1,0
10364,14,28.3,17.27,3,0,1,0
10365,18,68.27,10.34,4,0,0,0
10366,13,45.2,23.58,1,0,1,0
10367,14,682.62,9.84,2,0,0,0
10368,19,47.88,43.89,1,0,0,1
10369,18,174.32,25.69,1,0,0,0
10370,6,31.83,7.76,1,0,0,0
10371,17,94.44,25.79,2,1,0,0
10372,21,26.58,1.13,1,1,1,0
10373,21,48.18,6.23,1,0,1,0
10374,14,51.87,6.71,1,0,1,0
10375,7,28.05,2.28,1,0,1,0
10376,5,16.43,8.22,1,0,0,0
10377,21,46.74,54.0,1,0,1,0
10378,3,16.73,13.52,1,0,1,0
10379,11,27.15,8.13,1,0,1,0
10380,0,47.86,35.97,1,0,1,0
10381,16,59.79,5.02,1,1,0,0
10382,23,41.28,4.38,1,0,0,0
10383,10,166.57,34.92,1,0,1,0
10384,19,30.96,36.55,1,0,1,0
10385,18,47.31,62.3,1,0,1,0
10386,3,26.58,2.14,1,0,1,0
10387,7,22.2,62.09,1,0,1,0
10388,23,320.01,31.11,1,0,1,0
10389,23,43.42,45.13,1,0,1,0
10390,8,56.23,45.46,1,0,1,0
10391,16,77.19,7.56,1,0,1,0
10392,2,77.48,14.41,1,0,0,0
10393,4,36.26,8.1,1,0,1,0
10394,17,94.55,6.87,2,0,1,0
10395,17,92.64,55.13,1,0,0,0
10396,15,22.37,3.32,1,0,0,0
10397,4,109.04,7.19,1,0,0,0
10398,17,164.97,32.54,2,0,1,0
10399,17,39.67,2.78,3,0,1,0
10400,1,147.74,28.42,1,0,1,0
10401,10,26.59,18.74,1,1,1,0
10402,14,201.68,23.74,1,0,1,0
10403,17,12.58,54.23,2,0,1,0
10404,9,208.04,1.58,1,0,1,0
10405,18,159.3,8.09,1,0,0,0
10406,3,14.2,44.46,1,0,1,0
10407,8,59.06,15.73,2,0,1,0
10408,14,125.2,13.82,1,0,1,0
10409,0,193.83,48.93,1,0,1,0
10410,16,7.16,5.58,1,0,1,0
10411,18,63.39,3.36,1,0,1,0
10412,19,803.56,10.58,1,0,1,0
10413,19,94.42,58.8,1,0,1,0
10414,17,800.81,9.59,1,0,1,0
10415,15,145.19,66.6,3,0,1,0
10416,19,494.9,16.91,1,0,0,0
10417,7,128.77,32.93,3,0,1,0
10418,18,29.17,16.49,2,0,1,0
10419,0,103.87,2.01,1,0,0,0
10420,11,317.66,27.69,2,0,1,0
10421,10,68.92,50.6,3,0,1,0
10422,22,41.8,37.46,1,0,1,0
10423,21,71.38,23.67,1,0,0,0
10424,13,119.22,5.46,1,0,1,0
10425,23,360.12,12.42,1,0,1,0
10426,10,10.84,5.86,2,0,1,0
10427,6,16.12,37.73,2,0,1,0
10428,15,65.8,9.85,2,0,1,0
10429,5,136.66,33.2,2,0,0,1
10430,17,76.54,27.45,3,0,1,0
10431,20,66.35,22.69,1,0,1,0
10432,7,45.67,53.98,1,0,1,0
10433,17,53.56,11.28,1,0,1,0
10434,18,40.74,36.54,1,0,1,0
10435,20,97.63,44.19,2,0,1,0
10436,3,42.34,49.02,1,0,0,0
10437,17,193.63,31.33,1,0,0,0
10438,12,217.29,36.35,1,0,1,0
10439,12,51.61,37.35,1,0,1,0
10440,10,60.61,38.93,1,0,1,0
10441,11,15.75,3.39,1,0,0,0
10442,21,60.43,38.44,1,0,1,0
10443,21,223.64,81.79,3,0,0,0
10444,7,66.43,61.03,1,0,1,0
10445,7,41.28,15.17,1,0,1,0
10446,15,17.21,26.21,2,0,0,0
10447,23,59.35,15.78,1,0,1,0
10448,20,105.39,25.02,2,0,1,0
10449,11,109.17,48.16,4,0,0,0
10450,16,211.95,2.73,2,0,1,0
10451,7,87.53,44.82,3,0,0,0
10452,18,68.31,20.22,1,0,1,0
10453,7,16.13,40.84,1,0,0,0
10454,7,39.14,59.16,1,0,1,0
10455,4,228.02,25.95,1,0,1,0
10456,13,297.91,103.56,5,0,1,1
10457,13,109.03,5.97,1,0,1,0
10458,16,30.13,26.13,1,0,1,0
10459,8,93.8,0.17,2,0,1,0
10460,17,104.24,68.37,1,0,1,0
10461,16,24.79,22.99,1,0,1,0
10462,4,139.85,2.72,1,0,1,0
10463,4,75.02,30.38,2,0,0,0
10464,0,44.96,21.6,1,0,0,0
10465,20,97.69,12.53,1,0,1,0
10466,19,74.5,15.95,2,0,1,0
10467,16,30.86,0.99,1,0,1,0
10468,8,34.55,28.77,1,0,0,0
10469,12,93.71,5.0,1,0,1,0
10470,23,37.68,22.53,1,0,1,0
10471,18,36.29,51.02,1,0,1,0
10472,2,17.11,42.93,1,0,1,0
10473,3,99.97,31.63,1,0,0,0
10474,20,63.49,46.21,1,0,1,0
10475,7,14.72,22.97,2,0,1,0
10476,10,36.84,9.29,2,0,1,0
10477,6,124.51,39.91,3,0,0,0
10478,23,21.04,23.01,1,0,1,0
10479,3,440.26,18.16,1,0,0,0
10480,9,81.51,18.04,1,0,0,0
10481,4,85.95,18.19,1,0,1,0
10482,4,93.13,5.72,1,1,1,0
10483,1,236.2,70.9,1,0,0,0
10484,15,45.41,26.44,1,0,0,0
10485,1,93.46,2.86,1,0,1,0
10486,6,32.29,4.8,1,0,0,0
10487,5,222.74,2.83,2,0,1,0
10488,7,58.21,26.68,1,0,1,0
10489,19,649.07,21.26,1,0,1,0
10490,16,144.62,40.89,1,0,1,0
10491,4,89.23,21.85,1,0,0,0
10492,15,260.49,16.6,1,0,0,0
10493,4,81.09,20.05,1,0,1,0
10494,21,49.0,13.21,3,0,1,0
10495,20,24.85,24.73,1,0,1,1
10496,5,228.28,26.94,1,0,0,0
10497,2,132.09,11.35,2,0,1,0
10498,12,109.05,58.87,2,1,1,0
10499,10,20.77,4.26,1,0,1,0
10500,20,221.79,52.64,1,0,1,0
10501,2,203.14,13.66,1,0,1,0
10502,9,59.58,33.15,1,0,1,0
10503,19,25.6,0.62,1,0,1,0
10504,13,18.69,22.26,1,0,1,0
10505,2,54.87,43.51,2,0,0,0
10506,13,51.49,22.87,1,0,1,0
10507,2,33.62,26.96,3,0,1,0
10508,21,94.92,6.03,1,1,1,0
10509,11,13.21,52.2,1,0,1,0
10510,15,18.35,47.2,3,0,0,0
10511,14,60.13,33.92,1,0,0,0
10512,9,381.34,11.96,1,0,0,0
10513,9,106.01,63.73,1,0,1,0
10514,4,232.06,21.18,1,1,0,0
10515,0,59.35,43.4,1,0,1,0
10516,17,24.61,59.53,2,0,1,0
10517,19,80.48,16.45,1,0,1,0
10518,5,60.28,20.37,1,0,1,0
10519,11,54.93,23.21,2,0,1,0
10520,18,178.89,21.84,1,1,1,0
10521,6,48.8,22.9,1,0,1,0
10522,22,26.79,28.82,2,0,1,0
10523,17,157.86,6.96,2,0,1,0
10524,21,164.63,74.03,1,0,1,0
10525,22,38.36,15.49,1,0,0,0
10526,16,38.53,42.44,1,0,1,0
10527,10,30.6,17.28,1,1,1,0
10528,11,55.3,41.82,2,0,1,0
10529,13,30.52,23.32,1,0,0,0
10530,3,139.36,44.89,2,0,0,0
10531,6,40.33,18.55,1,0,1,0
10532,19,28.74,7.45,1,1,1,0
10533,8,59.26,75.16,1,0,1,0
10534,19,31.41,7.2,3,0,1,0
10535,3,36.94,11.41,1,0,0,0
10536,11,10.64,45.91,1,0,0,0
10537,6,60.48,47.37,1,0,1,0
10538,15,200.54,12.68,1,1,1,0
10539,12,94.79,66.78,1,0,1,0
10540,19,48.79,25.37,1,0,0,0
10541,7,60.29,37.12,1,1,1,0
10542,13,92.52,60.98,1,0,1,0
10543,15,102.61,1.5,1,0,1,0
10544,21,75.48,26.7,1,0,1,0
10545,5,26.27,40.47,1,0,1,0
10546,12,132.83,4.25,1,0,1,0
10547,12,78.9,31.6,1,0,1,0
10548,10,39.14,58.99,1,0,1,0
10549,19,16.58,7.37,1,0,0,0
10550,12,154.7,41.54,1,1,1,0
10551,18,56.7,37.04,1,1,1,0
10552,12,58.75,24.4,1,0,1,0
10553,10,51.99,49.0,1,0,1,0
10554,6,15.71,38.22,1,1,1,0
10555,23,41.41,0.58,1,0,1,0
10556,17,138.93,16.13,2,0,1,0
10557,22,138.44,35.93,4,0,0,0
10558,12,37.27,0.86,3,0,1,0
10559,19,428.49,27.86,1,0,1,0
10560,5,144.06,9.56,1,0,1,0
10561,19,142.32,28.71,1,0,1,0
10562,1,46.54,41.09,1,0,1,0
10563,0,15.38,12.06,1,0,1,0
10564,0,68.48,41.32,1,0,0,0
10565,6,171.71,0.76,1,1,0,0
10566,6,30.17,69.66,1,1,0,0
10567,11,139.58,31.09,1,0,0,0
10568,18,131.3,41.36,3,0,0,0
10569,23,77.17,8.86,1,0,1,0
10570,10,67.6,97.14,1,0,0,0
10571,17,230.23,71.66,1,0,1,0
10572,10,101.01,6.26,1,0,1,0
10573,9,32.61,17.64,1,0,1,0
10574,16,26.1,17.05,1,0,1,0
10575,4,239.27,9.81,3,0,1,0
10576,4,264.15,0.58,1,0,1,0
10577,0,126.12,46.0,1,0,1,0
10578,12,211.5,23.53,1,0,1,0
10579,4,59.7,15.79,1,0,1,0
10580,2,126.84,0.28,1,0,1,0
10581,16,35.62,22.59,2,0,0,0
10582,18,48.41,41.15,1,0,1,0
10583,2,108.12,26.2,1,0,1,0
10584,0,119.96,22.0,1,0,0,0
10585,6,78.84,33.13,1,0,1,0
10586,22,77.1,32.4,1,0,0,0
10587,5,47.92,45.8,1,0,1,0
10588,13,32.48,57.68,1,0,1,0
10589,13,282.79,36.98,1,0,1,0
10590,20,239.66,10.59,1,0,1,0
10591,4,168.62,47.14,2,0,0,0
10592,2,85.04,3.69,1,0,1,0
10593,19,85.17,52.95,2,0,1,0
10594,18,302.41,28.73,1,0,0,0
10595,23,129.76,44.64,1,0,0,0
10596,12,54.63,6.38,1,0,1,0
10597,1,126.81,42.45,1,0,1,0
10598,4,61.99,8.17,3,0,1,0
10599,13,98.25,50.66,3,0,1,0
10600,9,165.49,18.58,1,0,0,0
10601,10,126.91,26.57,2,0,1,0
10602,0,95.3,17.76,1,0,0,0
10603,21,121.34,70.08,1,0,1,0
10604,6,48.85,21.0,1,0,1,0
10605,4,47.0,2.47,1,0,1,0
10606,3,117.65,37.67,1,0,0,0
10607,11,115.41,5.17,1,0,1,0
10608,12,63.17,54.21,1,0,1,0
10609,21,67.36,18.29,1,0,1,0
10610,4,29.67,57.08,1,0,1,0
10611,21,25.11,31.88,1,0,0,0
10612,13,18.56,39.08,1,0,1,0
10613,14,27.43,10.68,2,0,0,0
10614,7,77.95,1.01,1,0,1,0
10615,6,46.05,79.47,1,0,1,0
10616,14,342.86,57.64,3,0,1,0
10617,9,175.69,65.26,1,0,0,0
10618,12,16.83,15.23,1,0,1,0
10619,15,51.11,29.32,1,0,0,0
10620,22,13.43,18.86,1,0,0,0
10621,3,93.82,23.92,1,0,0,0
10622,6,91.21,51.76,1,0,1,0
10623,15,43.12,2.17,1,0,1,0
10624,18,113.65,24.9,1,0,1,0
10625,18,22.97,68.17,1,0,0,1
10626,2,159.85,11.39,1,0,1,0
10627,11,49.06,58.1,3,0,1,0
10628,22,20.12,0.45,2,0,1,0
10629,16,138.11,16.53,1,0,1,0
10630,22,80.94,18.7,1,0,1,0
10631,23,75.3,43.48,2,0,0,0
10632,15,21.41,16.77,3,0,1,0
10633,21,64.15,15.45,1,0,1,0
10634,16,257.61,4.63,1,0,1,0
10635,7,32.25,50.3,1,0,1,0
10636,12,50.98,8.66,3,0,0,0
10637,22,52.15,39.91,1,0,1,0
10638,21,18.82,2.22,5,0,1,0
10639,12,72.51,34.21,1,0,1,0
10640,20,43.2,31.74,2,0,1,0
10641,23,97.55,97.44,1,0,0,0
10642,21,83.65,35.14,1,1,1,0
10643,11,118.92,13.7,2,0,0,0
10644,9,176.7,32.76,1,1,0,0
10645,21,61.79,35.2,1,0,1,0
10646,1,27.98,10.28,1,0,0,0
10647,0,47.01,17.66,2,0,1,0
10648,20,28.08,11.43,1,0,1,0
10649,1,64.06,57.81,1,0,1,0
10650,4,327.46,53.98,1,0,1,0
10651,5,79.22,7.67,1,0,1,0
10652,11,26.14,29.88,1,1,1,0
10653,22,69.21,27.53,1,0,0,0
10654,23,163.75,20.88,4,0,1,0
10655,2,7.06,56.39,1,0,1,0
10656,17,144.87,46.26,1,0,1,0
10657,10,13.31,3.78,1,0,0,0
10658,14,24.2,16.1,1,0,1,0
10659,17,154.49,33.54,2,1,1,0
10660,19,69.47,36.64,1,0,1,0
10661,3,67.55,22.21,1,0,0,0
10662,16,75.03,29.69,1,0,1,0
10663,13,248.53,43.33,1,0,1,0
10664,14,126.01,35.19,1,0,1,0
10665,13,68.96,32.97,1,0,1,0
10666,12,38.36,23.58,1,0,1,0
10667,5,42.28,13.05,1,0,0,0
10668,23,134.48,54.89,1,0,0,1
10669,10,52.52,15.11,1,0,1,0
10670,11,101.65,23.32,1,1,0,0
10671,2,51.16,24.64,1,0,1,0
10672,4,15.61,88.63,1,1,1,0
10673,13,37.0,13.8,1,0,0,0
10674,23,15.58,1.39,1,0,1,0
10675,11,72.91,61.12,1,0,1,0
10676,4,36.63,42.35,1,0,0,0
10677,16,59.12,59.79,1,0,1,0
10678,8,214.92,26.76,1,0,1,0
10679,9,36.59,70.23,5,0,1,1
10680,1,161.07,14.69,1,0,1,0
10681,17,111.1,13.47,2,0,1,0
10682,3,229.43,17.49,2,0,1,0
10683,13,92.29,44.97,1,0,1,0
10684,11,51.63,4.51,1,0,1,0
10685,14,275.02,64.38,1,0,0,0
10686,16,44.95,7.48,1,0,1,0
10687,19,21.59,0.0,5,0,0,0
10688,2,154.28,31.33,1,0,1,0
10689,11,365.74,44.77,2,0,1,0
10690,12,123.57,17.69,1,0,1,0
10691,23,37.21,11.55,1,0,1,0
10692,3,171.72,35.06,5,0,1,0
10693,8,224.45,15.36,1,1,1,0
10694,1,104.43,11.44,1,0,1,0
10695,16,57.92,21.21,1,0,0,0
10696,4,14.96,37.71,3,0,1,0
10697,1,109.22,18.27,1,0,0,0
10698,11,72.69,31.04,4,0,1,0
10699,6,102.67,37.47,1,0,1,0
10700,21,95.22,35.69,1,0,1,0
10701,13,174.26,16.5,4,0,0,0
10702,8,58.93,5.41,2,0,1,0
10703,21,191.14,12.85,3,0,1,0
10704,21,429.09,54.09,1,0,1,0
10705,5,111.54,15.27,1,0,1,0
10706,3,37.66,9.21,1,0,1,0
10707,12,141.7,4.79,1,1,1,0
10708,2,73.11,45.06,2,0,1,0
10709,8,30.86,4.43,1,0,1,0
10710,0,91.1,8.16,1,0,0,0
10711,6,62.12,7.1,1,0,1,0
10712,10,143.07,34.65,1,0,1,0
10713,3,152.85,8.52,1,1,1,0
10714,7,39.69,9.86,1,0,0,0
10715,4,83.39,59.14,1,0,1,0
10716,0,131.54,56.73,2,0,1,0
10717,13,81.24,10.7,1,0,0,0
10718,13,43.96,11.5,2,0,1,0
10719,11,111.97,62.91,1,0,1,0
10720,14,133.51,30.33,1,0,1,0
10721,0,35.26,25.62,1,1,1,0
10722,17,65.1,4.95,1,0,1,0
10723,3,75.37,19.0,1,0,1,0
10724,0,30.81,33.24,2,0,1,0
10725,12,108.0,12.05,1,0,1,0
10726,23,53.06,34.58,1,0,1,0
10727,1,19.27,42.12,1,0,1,0
10728,4,78.51,5.11,1,0,1,0
10729,21,55.14,0.63,1,0,0,0
10730,6,151.94,17.27,1,0,1,0
10731,3,49.91,22.05,1,0,1,0
10732,15,64.83,8.7,1,0,1,0
10733,13,11.07,59.09,1,0,1,0
10734,2,32.9,27.3,3,0,1,0
10735,4,66.2,12.03,1,0,0,0
10736,17,132.35,5.61,2,0,0,0
10737,23,30.18,80.86,1,0,0,0
10738,1,129.69,52.41,1,0,1,0
10739,16,38.08,42.55,4,0,1,1
10740,20,62.46,83.53,1,0,1,0
10741,4,125.62,11.79,1,1,1,0
10742,23,77.32,73.89,1,0,1,0
10743,18,71.27,16.15,1,0,0,0
10744,19,24.93,36.98,3,0,1,0
10745,16,200.58,8.6,1,0,1,0
10746,15,92.5,62.8,1,0,0,0
10747,18,144.27,21.14,1,0,1,0
10748,17,96.47,78.78,1,0,1,0
10749,0,69.46,21.87,1,0,1,0
10750,1,32.53,7.79,1,0,1,1
10751,8,108.68,11.15,2,0,1,0
10752,10,100.73,1.78,4,0,0,0
10753,12,81.2,22.65,1,0,1,0
10754,8,86.18,55.52,1,0,0,0
10755,1,82.03,8.13,1,0,1,0
10756,15,390.31,18.94,1,0,0,0
10757,10,56.1,3.57,1,0,1,1
10758,1,127.15,9.62,1,0,1,0
10759,17,143.3,15.5,1,0,1,0
10760,11,186.57,1.87,1,0,0,0
10761,16,22.54,47.54,5,0,1,0
10762,22,25.0,48.96,1,0,1,0
10763,19,95.8,41.61,1,0,1,0
10764,19,217.47,28.86,1,0,1,0
10765,16,144.04,8.92,1,0,1,0
10766,20,65.22,71.99,1,0,1,0
10767,6,88.92,15.78,1,0,1,0
10768,4,106.48,16.85,1,0,0,0
10769,20,107.26,51.94,1,0,1,0
10770,3,271.28,14.73,1,0,0,0
10771,6,83.85,6.86,1,0,1,0
10772,20,22.57,38.86,1,1,0,0
10773,4,86.71,21.94,1,0,1,0
10774,9,52.64,42.67,1,0,1,0
10775,22,129.09,39.44,1,0,0,0
10776,3,35.51,22.39,1,0,1,0
10777,3,51.13,7.78,1,0,1,0
10778,17,585.22,61.34,1,0,0,0
10779,13,73.87,33.21,1,0,0,0
10780,14,46.01,4.06,1,0,1,0
10781,17,78.35,20.27,1,0,1,0
10782,19,61.48,5.95,1,0,1,0
10783,17,46.4,33.93,1,0,1,0
10784,3,261.42,13.07,1,0,0,0
10785,7,16.0,11.15,1,0,1,0
10786,20,82.45,34.06,1,0,0,0
10787,22,60.23,6.04,1,0,1,0
10788,13,60.62,59.01,1,0,0,0
10789,17,61.25,59.9,1,0,0,0
10790,4,14.14,17.15,1,0,1,0
10791,3,150.74,58.68,1,0,1,0
10792,8,232.8,13.24,1,0,1,0
10793,0,56.99,5.98,1,0,1,0
10794,5,53.88,30.09,2,0,1,0
10795,0,109.9,17.64,1,0,1,0
10796,20,281.37,18.22,2,0,0,0
10797,3,42.64,52.11,1,1,1,0
10798,1,51.25,21.16,1,0,1,0
10799,12,17.47,26.86,1,0,0,0
10800,11,151.83,10.28,1,1,1,0
10801,3,105.18,48.51,1,0,1,0
10802,22,11.08,17.33,1,0,0,0
10803,23,78.99,0.51,1,0,1,0
10804,1,69.46,47.39,4,1,0,1
10805,5,468.33,76.23,2,0,1,0
10806,4,170.01,17.47,1,0,0,0
10807,22,156.04,35.64,1,0,1,0
10808,23,74.23,0.62,4,0,1,0
10809,11,44.51,4.2,1,0,1,0
10810,14,147.27,29.31,1,0,1,0
10811,5,107.32,60.86,2,0,1,0
10812,14,111.11,41.7,2,0,1,0
10813,20,204.92,32.97,1,0,1,0
10814,23,49.88,14.19,1,0,1,0
10815,19,30.54,64.2,1,0,1,0
10816,13,48.95,3.97,1,0,1,0
10817,5,179.93,4.36,1,0,1,0
10818,3,265.29,20.74,1,0,1,0
10819,22,143.39,0.15,1,0,0,0
10820,16,132.62,59.05,1,0,1,0
10821,17,19.93,34.21,1,0,1,0
10822,20,187.81,30.53,1,0,1,0
10823,22,61.98,12.31,1,0,1,0
10824,23,231.69,47.44,1,0,1,0
10825,5,56.77,0.57,1,0,1,0
10826,15,223.29,48.47,1,0,0,0
10827,1,469.77,39.49,1,0,1,0
10828,19,15.86,8.95,1,0,1,0
10829,3,21.78,65.84,1,1,0,0
10830,7,112.48,21.25,1,0,1,0
10831,23,35.8,26.11,1,0,0,0
10832,13,39.21,21.21,1,0,1,0
10833,5,22.4,50.61,1,0,1,0
10834,16,68.88,20.4,1,0,1,0
10835,18,58.48,12.69,1,0,0,0
10836,14,33.73,8.44,3,0,1,0
10837,18,68.09,5.77,1,0,1,0
10838,11,167.37,21.42,1,0,1,0
10839,23,68.34,32.34,1,0,1,0
10840,18,18.2,28.1,1,0,0,0
10841,2,101.51,5.38,1,0,1,0
10842,19,111.93,56.11,3,0,0,0
10843,17,122.53,6.12,1,0,1,0
10844,5,134.82,16.82,1,0,1,0
10845,19,133.4,13.06,1,0,1,0
10846,5,25.17,30.76,1,0,1,0
10847,3,51.51,82.5,1,0,1,0
10848,20,92.7,37.29,1,0,1,0
10849,18,20.54,6.1,2,0,1,0
10850,21,120.18,17.64,3,0,1,0
10851,3,229.38,17.86,1,0,1,0
10852,17,344.2,7.86,1,0,1,0
10853,5,35.4,29.74,1,0,0,0
10854,0,167.41,30.2,1,0,0,0
10855,15,130.95,29.36,1,0,1,0
10856,1,96.79,11.68,1,0,1,0
10857,16,14.5,15.89,1,0,0,0
10858,11,236.55,26.91,1,0,0,0
10859,8,46.76,26.2,2,1,1,0
10860,14,35.75,46.94,1,0,1,0
10861,9,142.07,29.31,1,0,1,0
10862,14,57.06,32.02,1,0,1,0
10863,16,40.29,25.09,2,0,0,0
10864,8,62.28,41.45,1,0,1,0
10865,0,96.43,43.08,1,0,1,0
10866,4,63.66,25.99,1,0,1,0
10867,10,75.3,22.71,1,0,1,0
10868,8,69.94,5.41,1,0,1,0
10869,20,788.43,8.21,1,0,1,0
10870,7,55.01,64.75,1,0,1,0
10871,5,64.33,3.92,1,0,0,0
10872,3,43.84,23.17,1,0,1,0
10873,19,25.35,4.07,1,0,1,0
10874,20,163.7,40.45,1,0,1,0
10875,4,38.88,31.44,1,1,1,0
10876,21,26.88,18.39,1,0,1,0
10877,14,189.32,12.0,2,0,1,0
10878,2,14.07,4.47,3,0,1,0
10879,3,59.81,27.51,2,0,0,0
10880,1,56.65,14.75,1,0,0,0
10881,6,89.78,9.02,2,0,0,0
10882,11,104.88,27.76,1,0,1,0
10883,13,32.17,41.2,1,0,1,0
10884,3,54.01,51.43,5,0,1,0
10885,11,149.02,20.07,2,0,0,0
10886,10,53.21,20.61,1,0,1,0
10887,12,53.7,0.05,1,0,1,0
10888,15,49.61,44.62,1,0,1,0
10889,2,204.1,13.83,1,0,0,0
10890,16,12.88,0.9,1,0,1,0
10891,17,8.93,31.78,1,0,1,0
10892,23,63.31,47.42,3,0,0,0
10893,7,56.21,8.18,1,0,1,0
10894,16,414.96,31.17,4,0,1,0
10895,21,38.71,30.29,1,0,1,0
10896,20,62.78,18.29,1,0,1,0
10897,14,85.67,22.19,1,0,1,0
10898,9,6.06,0.88,1,0,1,0
10899,11,86.96,13.15,1,0,1,0
10900,5,34.89,29.17,1,0,1,0
10901,14,11.93,17.57,1,0,1,0
10902,13,427.42,26.03,1,0,1,0
10903,5,193.71,78.46,1,0,1,0
10904,7,198.25,8.22,2,0,0,0
10905,10,133.78,67.12,1,1,1,0
10906,15,421.84,7.19,1,0,1,0
10907,10,136.21,32.19,3,0,0,0
10908,0,11.27,61.52,1,0,1,0
10909,19,26.6,23.42,1,0,1,0
10910,11,97.7,58.65,2,0,1,0
10911,14,328.37,8.73,1,0,0,0
10912,21,19.14,26.39,1,0,0,0
10913,1,36.5,4.97,1,0,1,0
10914,4,130.26,13.7,1,0,1,0
10915,14,51.29,53.42,3,0,1,1
10916,3,68.07,33.48,1,0,1,0
10917,14,74.36,73.57,1,0,1,0
10918,22,120.92,27.78,1,0,1,0
10919,7,122.75,15.12,2,0,1,0
10920,5,260.89,8.36,1,0,1,0
10921,4,35.33,25.0,3,0,0,0
10922,18,49.37,17.61,2,0,0,0
10923,10,37.31,58.86,1,0,1,0
10924,9,29.72,10.36,1,0,1,0
10925,0,81.4,1.02,1,0,1,0
10926,5,85.06,51.74,2,0,0,0
10927,9,23.93,1.96,4,0,1,0
10928,21,96.77,31.84,1,0,1,0
10929,3,110.3,58.42,1,0,1,0
10930,12,69.95,26.19,3,0,1,0
10931,0,47.7,7.69,1,0,1,0
10932,6,31.29,13.22,4,0,1,0
10933,3,101.55,5.23,1,0,1,0
10934,17,89.74,54.36,1,0,1,0
10935,7,60.18,29.13,3,0,1,0
10936,5,57.16,30.94,2,0,0,0
10937,11,15.11,28.34,1,0,1,0
10938,4,193.78,35.14,1,0,1,0
10939,9,134.99,34.65,2,0,1,0
10940,15,17.36,27.85,1,0,1,0
10941,4,204.85,18.31,1,1,1,0
10942,23,298.53,17.36,1,0,1,0
10943,22,57.23,15.6,1,1,1,0
10944,20,82.81,51.5,1,0,1,0
10945,16,51.53,19.99,1,0,0,0
10946,12,74.98,63.44,2,0,1,0
10947,18,70.31,31.45,1,0,1,0
10948,11,69.26,25.8,2,0,1,0
10949,0,72.41,1.42,1,0,1,0
10950,3,43.42,14.01,1,0,1,0
10951,7,59.71,70.24,1,0,1,0
10952,11,75.87,39.67,1,0,1,0
10953,14,134.08,5.56,1,0,1,0
10954,2,68.07,15.41,1,0,1,0
10955,3,35.43,77.86,1,0,1,0
10956,10,58.87,1.75,1,0,1,0
10957,5,24.97,69.99,1,0,0,0
10958,15,142.95,41.22,1,0,1,0
10959,0,124.01,1.45,1,0,0,0
10960,21,79.91,27.34,1,1,1,0
10961,1,39.64,23.03,1,0,0,0
10962,1,75.98,36.8,1,0,1,0
10963,15,92.84,22.66,1,0,1,0
10964,23,334.68,1.64,1,0,0,0
10965,1,40.26,29.52,1,0,1,0
10966,8,24.46,18.49,1,0,1,0
10967,23,100.06,5.61,1,0,1,0
10968,4,638.71,32.38,1,0,0,1
10969,18,81.67,30.49,1,0,1,0
10970,15,132.9,8.3,3,0,1,0
10971,10,106.05,3.04,1,0,1,0
10972,13,316.49,9.49,1,0,0,0
10973,18,207.71,9.85,1,0,1,0
10974,8,36.85,38.64,4,0,1,0
10975,8,181.57,27.09,1,0,1,0
10976,4,164.07,54.11,1,0,0,0
10977,12,83.94,33.34,1,0,0,0
10978,11,61.98,34.82,1,0,1,0
10979,22,101.25,1.26,1,0,1,0
10980,20,22.18,22.81,1,0,1,0
10981,0,57.61,21.37,1,0,1,0
10982,2,160.31,15.1,1,0,1,0
10983,15,42.24,35.2,1,0,1,0
10984,17,229.8,3.13,1,0,0,0
10985,7,121.65,62.77,4,0,0,1
10986,11,124.17,44.61,1,1,1,0
10987,16,62.26,33.84,3,0,1,0
10988,16,125.5,38.09,1,0,1,0
10989,1,97.13,13.42,1,1,1,0
10990,8,167.29,34.55,1,0,1,0
10991,11,24.73,0.88,1,0,1,0
10992,19,81.28,0.96,1,0,1,0
10993,6,81.26,65.17,1,0,1,0
10994,11,82.06,38.14,3,0,1,0
10995,23,24.99,53.81,2,0,1,0
10996,22,53.51,33.25,2,0,1,0
10997,16,74.52,8.44,2,0,1,0
10998,16,86.44,16.74,1,0,0,0
10999,20,261.45,28.27,1,0,1,0
11000,1,174.84,24.84,1,0,1,0
11001,16,43.87,4.97,1,0,1,0
11002,20,47.24,23.66,2,0,1,0
11003,0,135.06,23.53,1,0,1,0
11004,18,47.34,50.89,1,0,1,0
11005,8,129.13,49.09,1,0,1,0
11006,10,90.04,43.51,1,0,1,0
11007,16,8.26,58.06,2,0,1,0
11008,14,40.0,29.4,1,0,1,0
11009,11,178.96,38.92,1,0,0,0
11010,5,88.74,41.5,1,0,0,0
11011,2,25.99,69.65,1,0,1,0
11012,10,30.03,30.83,1,0,1,0
11013,6,148.56,30.5,1,0,1,0
11014,11,193.37,12.15,5,0,1,1
11015,4,19.05,42.18,3,0,0,0
11016,2,142.9,16.66,1,0,0,0
11017,3,33.16,35.74,1,0,1,0
11018,9,97.27,30.37,1,0,1,0
11019,11,63.17,7.0,1,0,1,0
11020,14,68.66,11.75,1,0,1,0
11021,13,174.08,45.48,1,0,0,0
11022,18,100.3,34.13,1,0,1,0
11023,20,104.36,11.37,1,0,1,0
11024,13,34.27,5.06,1,0,0,0
11025,5,28.06,36.75,1,0,1,0
11026,18,119.92,7.42,1,0,1,0
11027,6,72.21,43.36,1,0,1,0
11028,1,96.31,56.13,3,0,1,0
11029,4,44.5,14.77,3,0,1,0
11030,12,53.63,31.28,1,0,0,0
11031,14,92.52,21.55,1,0,1,0
11032,22,68.35,43.13,1,0,1,0
11033,5,71.26,35.8,1,0,1,0
11034,5,222.14,17.41,1,0,1,0
11035,2,86.28,6.03,1,0,1,0
11036,19,21.71,22.37,1,0,1,0
11037,23,171.78,26.61,1,0,1,0
11038,20,157.96,14.53,1,0,1,0
11039,4,28.65,12.16,1,0,1,0
11040,9,23.54,10.97,1,0,1,0
11041,2,25.88,18.82,1,0,1,0
11042,7,61.76,24.02,2,0,1,0
11043,15,128.02,29.35,1,0,1,0
11044,14,30.39,56.19,1,0,0,0
11045,18,355.5,12.27,1,0,0,0
11046,17,56.09,15.16,1,0,1,0
11047,20,44.74,25.09,1,0,0,0
11048,7,86.71,15.79,1,0,0,0
11049,19,24.8,27.01,2,0,1,0
11050,13,45.95,37.17,2,0,0,0
11051,16,220.67,12.14,1,0,1,0
11052,7,166.54,17.48,1,0,0,0
11053,18,47.55,24.53,1,0,1,0
11054,10,251.54,8.84,1,0,0,0
11055,4,31.87,15.58,1,0,1,0
11056,1,48.8,46.01,1,0,1,0
11057,18,29.56,18.88,1,0,1,0
11058,11,47.21,64.42,1,0,0,0
11059,16,105.29,83.86,2,0,0,0
11060,5,41.75,20.5,1,0,1,0
11061,3,138.18,18.56,1,0,0,0
11062,7,48.58,13.09,1,0,0,0
11063,6,132.67,13.36,4,0,1,0
11064,20,14.83,17.24,1,0,0,0
11065,12,29.7,53.47,1,0,0,0
11066,7,145.1,6.23,1,0,1,0
11067,21,67.54,47.55,1,0,0,0
11068,9,34.49,10.94,2,0,0,0
11069,23,241.21,54.2,2,0,0,0
11070,0,37.82,11.89,3,0,1,0
11071,3,30.05,28.67,1,0,0,0
11072,12,45.03,33.93,2,0,0,0
11073,20,97.23,47.45,4,0,0,0
11074,11,35.05,4.07,1,0,1,0
11075,11,42.63,73.54,2,0,1,0
11076,23,67.37,28.73,1,0,1,0
11077,16,46.11,25.54,1,0,1,0
11078,5,56.16,69.99,1,0,1,0
11079,15,138.21,0.0,1,0,1,0
11080,17,32.94,3.6,1,0,1,0
11081,12,205.96,50.83,1,0,1,0
11082,23,102.18,44.41,1,0,0,0
11083,10,118.43,3.19,1,0,1,0
11084,14,123.41,33.59,2,0,0,0
11085,3,143.28,3.03,1,0,0,0
11086,0,59.76,77.34,1,0,0,0
11087,22,290.65,12.42,1,0,0,0
11088,21,22.72,43.24,1,0,1,0
11089,7,82.16,30.04,2,0,1,0
11090,9,144.87,10.08,1,1,0,0
11091,23,77.89,15.54,1,0,1,0
11092,4,35.99,12.25,1,0,1,0
11093,20,40.71,3.85,1,0,1,0
11094,3,160.35,20.69,2,0,1,0
11095,2,37.62,26.94,1,0,1,0
11096,23,3.73,50.8,1,0,0,1
11097,6,59.83,33.2,2,0,1,0
11098,21,37.74,21.41,2,0,1,0
11099,8,134.42,34.66,3,0,0,0
11100,22,108.3,46.24,1,0,0,0
11101,11,29.83,26.44,1,0,1,0
11102,19,44.8,73.3,2,0,1,0
11103,16,15.95,0.04,1,0,1,0
11104,20,105.9,8.58,1,0,0,0
11105,1,203.41,24.61,1,0,1,0
11106,7,569.12,38.33,1,0,1,0
11107,22,124.16,71.96,1,0,1,0
11108,20,12.64,60.93,1,0,0,1
11109,21,65.31,10.88,1,0,0,0
11110,23,120.65,27.21,2,0,1,0
11111,18,29.97,19.05,3,0,1,0
11112,3,859.05,54.14,1,0,1,1
11113,2,19.6,17.47,1,0,1,0
11114,4,57.3,21.5,1,0,0,0
11115,21,53.12,55.43,2,0,1,0
11116,16,29.7,25.48,1,0,1,0
11117,14,48.85,21.72,2,0,0,0
11118,14,297.02,24.79,1,0,1,0
11119,11,177.55,21.79,1,0,0,0
11120,9,62.88,6.47,2,0,0,0
11121,8,113.08,17.08,1,0,0,0
11122,5,94.6,55.26,1,0,1,0
11123,22,126.35,41.8,1,0,1,0
11124,7,37.65,67.01,1,0,0,0
11125,18,182.23,14.06,1,0,1,0
11126,18,120.4,7.03,1,1,1,0
11127,16,67.24,69.58,1,0,1,0
11128,2,148.31,75.73,3,0,1,0
11129,5,193.35,4.2,1,1,0,0
11130,19,11.77,1.46,2,0,0,0
11131,12,17.59,5.16,1,0,1,0
11132,20,103.43,28.22,3,0,1,0
11133,11,100.1,13.38,1,0,0,0
11134,2,31.06,58.64,1,0,1,0
11135,0,79.42,14.61,1,0,0,0
11136,17,25.14,25.73,2,0,1,0
11137,12,47.25,62.3,1,0,1,0
11138,20,188.99,28.9,2,0,0,0
11139,2,32.39,44.92,2,0,1,0
11140,19,138.54,34.5,1,0,1,0
11141,11,141.97,27.11,1,0,0,0
11142,10,38.87,6.54,1,0,1,0
11143,14,112.29,10.38,2,0,1,0
11144,5,61.67,32.05,1,0,1,0
11145,9,354.55,8.22,1,1,1,0
11146,19,416.21,56.97,2,0,0,1
11147,21,160.76,33.15,1,0,1,0
11148,17,75.8,65.06,1,1,0,0
11149,15,52.36,34.14,1,0,1,0
11150,10,124.59,47.21,1,0,0,0
11151,12,43.92,20.58,3,0,1,0
11152,10,15.96,47.99,1,0,1,0
11153,17,120.61,17.75,2,0,1,0
11154,11,57.4,24.61,3,0,1,0
11155,18,66.34,20.33,1,0,1,0
11156,15,290.06,7.66,1,0,1,0
11157,19,16.67,51.28,1,0,0,0
11158,0,58.12,16.54,2,0,1,0
11159,6,128.35,4.52,1,0,1,0
11160,16,9.27,30.64,1,0,1,0
11161,19,88.51,33.92,1,0,1,0
11162,11,62.84,5.11,1,0,0,0
11163,0,38.75,36.24,1,0,1,0
11164,22,29.24,3.36,2,0,1,0
11165,19,10.94,18.93,1,0,1,0
11166,21,43.8,46.39,2,0,1,0
11167,6,156.32,51.64,1,0,1,0
11168,13,355.08,39.01,2,0,0,0
11169,7,129.39,31.07,1,0,1,0
11170,17,118.8,58.59,1,0,1,0
11171,22,83.95,71.36,1,0,1,0
11172,12,160.65,63.42,1,0,1,0
11173,22,93.64,15.51,1,0,1,0
11174,18,20.19,6.11,1,1,1,0
11175,18,422.09,67.07,1,0,1,0
11176,4,52.83,13.01,1,0,0,0
11177,14,640.76,31.42,1,0,1,0
11178,23,134.45,67.49,1,0,0,0
11179,5,30.14,36.34,1,0,0,0
11180,3,57.37,43.4,1,1,1,0
11181,3,123.87,18.6,1,0,1,0
11182,6,53.79,63.84,1,0,0,0
11183,22,513.43,10.02,1,0,0,0
11184,20,111.74,10.24,3,0,1,0
11185,16,99.05,64.87,2,0,1,0
11186,17,62.65,7.89,1,0,1,0
11187,1,102.45,3.06,1,0,1,0
11188,3,119.13,32.19,2,0,1,0
11189,5,31.69,63.22,1,0,1,0
11190,11,180.64,3.24,1,0,1,0
11191,4,39.96,5.24,1,0,1,0
11192,7,35.8,29.03,1,0,1,0
11193,3,22.71,69.19,4,1,1,0
11194,15,44.91,45.53,1,0,1,0
11195,9,314.76,41.94,1,0,1,0
11196,14,54.65,38.61,1,0,0,0
11197,3,367.59,14.0,1,0,1,0
11198,5,32.1,4.22,1,0,1,0
11199,15,85.82,6.28,1,0,1,0
11200,2,44.95,10.78,1,0,0,1
11201,7,46.01,26.02,1,0,1,0
11202,19,47.73,28.68,1,0,1,0
11203,10,83.31,37.46,1,1,1,0
11204,21,13.58,50.14,1,0,1,0
11205,14,60.23,37.54,1,0,1,0
11206,8,67.25,41.1,1,0,1,0
11207,16,36.99,14.47,1,0,1,0
11208,17,119.31,39.4,1,0,1,0
11209,10,83.21,51.9,1,0,1,0
11210,0,86.06,23.14,2,0,1,0
11211,21,10.38,7.19,1,0,1,0
11212,23,51.64,10.04,1,0,1,0
11213,23,29.83,22.8,2,0,1,0
11214,12,88.88,9.71,1,0,1,0
11215,5,158.94,15.38,1,0,0,0
11216,20,171.73,30.66,1,0,1,0
11217,2,198.28,1.14,1,0,1,0
11218,8,36.04,29.54,2,0,1,0
11219,15,69.16,3.06,2,0,1,0
11220,5,215.02,30.14,1,0,0,0
11221,6,11.21,47.04,1,0,0,0
11222,12,45.62,21.24,1,1,1,0
11223,0,29.51,18.93,1,0,1,0
11224,23,124.31,31.91,1,0,1,0
11225,23,28.9,14.5,2,0,0,0
11226,13,31.65,17.61,1,0,1,0
11227,3,198.69,19.86,2,1,0,0
11228,23,30.67,5.96,1,0,1,0
11229,4,79.04,29.74,2,0,1,0
11230,2,66.71,7.92,2,0,1,0
11231,20,285.09,10.54,1,0,0,0
11232,17,19.57,16.76,1,0,0,0
11233,8,71.77,6.96,2,0,0,0
11234,12,109.67,61.33,1,0,0,0
11235,15,208.51,14.89,1,0,1,0
11236,11,74.28,8.43,1,0,1,0
11237,7,78.63,14.25,3,0,1,0
11238,1,93.48,56.34,1,0,0,0
11239,2,476.0,61.56,1,0,1,0
11240,1,102.35,7.97,5,0,1,0
11241,1,197.09,14.41,1,0,1,0
11242,14,120.61,32.42,1,0,1,0
11243,21,103.06,29.07,1,0,1,0
11244,11,14.1,29.42,1,0,1,0
11245,9,522.63,62.26,1,0,1,0
11246,21,34.43,13.95,1,1,1,0
11247,8,50.48,12.05,1,0,1,0
11248,0,65.52,50.81,1,0,1,0
11249,3,269.75,13.69,1,0,1,0
11250,0,280.69,6.29,1,0,1,0
11251,23,19.79,23.72,1,0,0,0
11252,18,86.03,0.8,1,0,1,0
11253,3,234.45,15.26,1,1,1,0
11254,6,204.3,41.22,2,0,1,0
11255,15,245.73,16.88,1,0,1,0
11256,2,6.98,53.65,2,0,0,0
11257,1,72.54,20.57,1,0,1,0
11258,12,39.91,28.8,3,0,1,0
11259,3,47.1,5.36,1,0,1,0
11260,6,116.06,31.37,1,0,0,0
11261,17,79.07,5.85,1,0,1,0
11262,17,116.39,26.31,1,0,1,0
11263,22,145.66,4.96,1,0,1,0
11264,17,59.54,23.72,1,0,0,0
11265,15,89.61,29.08,1,0,1,0
11266,11,37.73,0.4,1,0,1,0
11267,9,207.43,43.46,1,0,1,0
11268,16,84.33,19.53,1,0,1,0
11269,11,283.0,19.81,1,0,1,0
11270,20,90.95,31.54,1,0,0,0
11271,21,32.02,14.34,1,0,1,0
11272,8,36.13,42.52,1,0,1,0
11273,15,51.82,15.59,1,0,1,0
11274,3,348.7,50.09,1,0,0,0
11275,15,30.17,31.92,1,0,1,0
11276,13,20.85,10.35,1,0,0,0
11277,20,23.33,31.85,1,0,0,0
11278,20,111.86,8.16,1,0,1,0
11279,1,57.81,23.45,1,0,1,0
11280,5,223.28,1.84,1,0,1,0
11281,16,56.15,39.14,1,0,0,0
11282,12,50.8,57.24,1,0,0,0
11283,7,7.86,17.39,2,0,0,0
11284,20,135.57,56.56,3,0,1,0
11285,15,28.9,26.55,2,0,0,0
11286,18,42.7,65.44,1,0,1,0
11287,3,35.19,14.51,1,0,0,0
11288,23,106.79,34.41,1,0,1,0
11289,22,14.42,24.65,1,0,1,0
11290,20,269.39,23.07,1,0,1,0
11291,14,65.13,30.76,1,0,1,0
11292,11,106.87,78.8,2,0,1,0
11293,7,983.81,26.69,1,0,1,0
11294,21,139.49,42.42,3,0,0,0
11295,14,52.74,52.2,4,0,1,0
11296,19,110.8,57.74,1,0,1,0
11297,10,203.37,69.4,1,1,1,0
11298,5,63.56,50.53,2,0,1,0
11299,2,87.58,2.95,2,0,1,0
11300,12,89.14,6.58,1,0,1,0
11301,20,94.17,43.83,1,0,1,0
11302,22,51.83,63.28,1,0,0,0
11303,23,25.49,38.08,1,0,1,0
11304,15,170.44,28.79,1,0,1,0
11305,18,44.44,14.42,3,0,1,0
11306,23,22.22,33.17,1,0,1,0
11307,0,68.42,26.46,1,0,0,0
11308,17,34.88,0.46,1,0,1,0
11309,1,27.19,14.19,1,0,0,0
11310,14,46.7,55.13,1,0,1,0
11311,14,81.39,44.27,3,0,0,0
11312,4,383.94,46.45,1,0,1,0
11313,0,36.7,42.17,1,0,0,0
11314,8,73.5,62.84,3,0,1,0
11315,12,34.76,72.78,1,0,1,0
11316,7,48.99,25.38,1,1,1,0
11317,17,24.08,29.43,1,0,1,0
11318,20,395.39,24.46,1,0,0,1
11319,9,340.91,26.33,2,0,1,0
11320,19,40.03,38.15,1,0,1,0
11321,7,39.23,21.78,1,0,0,0
11322,9,102.85,16.44,1,0,1,0
11323,10,103.14,30.43,1,0,1,0
11324,22,49.53,47.33,1,0,1,0
11325,10,157.53,56.28,1,0,1,0
11326,7,171.83,45.29,1,0,0,0
11327,1,21.39,71.08,2,0,1,0
11328,2,174.08,56.18,1,0,1,0
11329,15,64.72,72.18,1,0,0,0
11330,9,83.88,1.18,1,0,1,0
11331,10,326.74,3.61,1,0,1,0
11332,4,62.76,43.25,1,0,1,0
11333,10,42.57,27.79,1,0,0,0
11334,13,104.27,36.31,2,0,1,0
11335,8,113.25,11.48,1,0,0,0
11336,12,282.92,42.39,1,0,0,0
11337,6,213.59,31.62,2,0,0,0
11338,5,67.71,22.71,1,0,1,0
11339,16,20.81,77.78,1,0,0,0
11340,7,225.68,33.47,4,0,1,1
11341,20,342.01,36.69,1,1,1,0
11342,17,85.12,16.81,1,0,1,0
11343,11,74.21,4.45,1,0,1,0
11344,5,28.21,27.52,1,0,0,0
11345,12,28.71,17.51,1,0,1,0
11346,13,31.1,15.42,1,0,1,0
11347,4,123.25,36.69,2,0,1,0
11348,14,302.34,18.62,1,0,1,0
11349,7,86.74,28.31,1,0,1,0
11350,2,82.44,25.25,1,0,1,0
11351,4,56.19,32.21,2,0,1,0
11352,22,137.25,37.52,1,0,1,0
11353,1,35.69,0.34,1,0,1,0
11354,22,105.08,27.67,1,0,1,0
11355,2,130.88,90.34,1,0,1,0
11356,14,11.75,46.04,1,0,1,0
11357,6,48.31,32.33,1,0,1,0
11358,10,36.59,42.1,1,0,0,0
11359,5,388.44,0.07,2,0,1,0
11360,15,68.21,8.03,1,0,1,0
11361,11,81.64,15.94,1,0,1,0
11362,11,193.77,12.39,1,0,0,0
11363,22,34.34,40.62,3,0,1,0
11364,17,197.9,71.4,2,0,1,0
11365,18,9.58,18.22,1,0,1,0
11366,8,110.58,28.56,1,0,0,0
11367,12,21.35,30.23,1,0,1,0
11368,11,110.8,68.93,1,0,1,0
11369,7,613.87,58.71,1,0,1,0
11370,17,92.1,11.05,2,0,0,0
11371,7,26.06,36.19,1,0,0,0
11372,22,116.26,14.57,1,0,1,0
11373,2,164.59,21.46,1,0,0,0
11374,10,278.2,43.01,1,0,0,0
11375,21,120.0,26.3,1,0,1,0
11376,12,121.54,18.34,1,0,0,0
11377,16,27.07,47.85,1,0,1,0
11378,2,64.14,1.09,3,0,1,0
11379,10,83.45,6.08,1,0,0,0
11380,8,93.48,29.45,1,0,1,0
11381,14,263.74,14.35,2,0,1,0
11382,9,224.73,95.2,1,0,1,0
11383,22,27.63,21.38,1,0,1,0
11384,5,98.36,42.14,2,0,0,0
11385,14,75.21,48.23,1,0,1,0
11386,5,50.37,42.28,1,0,1,0
11387,22,56.41,30.69,2,0,1,0
11388,5,31.22,18.54,3,0,1,0
11389,16,60.67,19.37,2,0,1,0
11390,6,11.46,81.29,1,0,1,0
11391,11,190.16,4.17,1,0,0,0
11392,15,48.83,33.19,1,0,1,0
11393,0,41.55,53.89,1,0,0,0
11394,6,60.65,36.15,1,0,1,0
11395,0,257.29,9.45,2,0,1,0
11396,1,25.78,19.4,1,0,1,0
11397,13,123.37,9.43,1,0,1,0
11398,6,169.61,36.42,1,0,1,0
11399,4,168.67,41.19,1,0,1,0
11400,22,55.38,4.71,1,0,1,0
11401,14,37.83,25.7,1,0,1,0
11402,15,128.68,10.88,1,0,1,0
11403,16,219.16,53.2,1,0,1,0
11404,5,228.08,58.5,1,0,1,0
11405,8,130.54,12.84,1,0,1,0
11406,3,85.75,47.16,1,0,0,0
11407,8,13.82,1.69,1,0,1,0
11408,6,90.52,49.18,1,0,1,0
11409,7,314.67,38.77,3,0,1,0
11410,16,23.48,11.38,1,0,1,0
11411,16,227.12,102.91,1,0,0,0
11412,8,70.53,59.87,1,0,1,0
11413,23,262.38,87.87,1,0,1,0
11414,12,30.38,39.49,1,0,1,0
11415,0,70.96,32.42,1,0,0,0
11416,3,56.48,5.51,1,1,1,0
11417,0,339.2,14.03,1,0,1,0
11418,1,25.28,49.68,1,0,1,0
11419,19,61.44,31.85,1,0,1,0
11420,19,313.62,28.43,1,0,1,0
11421,1,414.59,26.38,1,0,1,0
11422,23,108.27,13.66,2,0,1,0
11423,16,106.8,57.64,1,0,0,0
11424,2,51.65,41.78,1,1,0,0
11425,0,71.82,79.77,1,0,0,0
11426,4,93.0,19.14,1,0,0,0
11427,0,115.24,15.71,1,0,1,0
11428,7,59.66,17.32,1,0,1,0
11429,6,10.86,16.55,1,0,1,0
11430,7,37.89,32.01,1,0,1,0
11431,1,22.23,3.12,1,0,1,0
11432,3,161.72,8.26,1,0,1,0
11433,21,39.94,28.08,2,0,1,0
11434,20,33.96,47.8,1,0,0,0
11435,0,143.26,51.59,1,0,1,0
11436,18,200.22,27.37,1,0,1,0
11437,14,20.93,50.92,2,0,0,0
11438,16,73.41,20.44,1,1,1,0
11439,14,70.62,65.5,1,0,0,0
11440,6,147.77,48.95,1,0,1,0
11441,13,55.52,35.67,4,0,1,0
11442,19,48.91,34.02,1,0,1,0
11443,22,108.24,22.94,1,0,1,0
11444,5,69.4,47.23,3,0,1,0
11445,2,155.97,42.65,1,0,1,0
11446,4,123.11,0.82,1,0,1,0
11447,17,251.46,27.34,1,0,0,0
11448,21,16.91,40.47,1,0,1,0
11449,12,164.73,26.86,1,0,1,0
11450,2,135.59,38.09,2,0,0,0
11451,14,97.9,17.64,1,0,1,0
11452,18,161.87,77.6,1,0,0,0
11453,18,68.68,15.66,1,0,1,0
11454,3,16.3,2.03,2,0,1,0
11455,9,101.17,87.94,1,0,1,0
11456,17,78.33,18.15,1,0,1,0
11457,11,27.74,11.73,1,0,1,0
11458,1,67.58,20.28,1,0,1,0
11459,13,118.75,83.95,1,1,1,0
11460,1,37.74,70.09,2,0,0,0
11461,15,178.03,15.2,1,0,1,0
11462,5,36.27,1.77,1,0,0,0
11463,13,28.72,26.56,4,0,0,0
11464,3,43.54,49.3,3,0,1,0
11465,3,127.68,127.49,1,0,1,0
11466,8,89.81,63.12,1,0,1,0
11467,0,75.75,9.8,1,0,1,0
11468,16,186.97,12.7,1,0,0,0
11469,1,634.64,43.37,1,0,1,0
11470,20,130.65,9.7,1,0,1,0
11471,12,70.85,14.54,1,0,1,0
11472,18,29.29,85.28,1,0,1,0
11473,17,11.24,32.6,1,0,1,0
11474,23,27.12,11.79,1,0,1,0
11475,7,120.25,31.27,1,0,1,0
11476,22,35.41,14.32,1,0,1,0
11477,10,29.25,45.33,1,0,1,0
11478,22,166.72,27.04,5,0,1,1
11479,2,81.28,1.27,1,0,1,0
11480,0,152.5,12.65,1,1,1,0
11481,18,20.6,54.03,1,0,1,0
11482,6,23.82,21.54,3,0,1,0
11483,10,105.02,20.32,1,1,1,0
11484,19,148.39,9.16,2,0,0,0
11485,6,116.13,18.57,1,0,0,0
11486,15,20.17,37.7,1,0,0,0
11487,15,134.34,0.95,2,1,1,0
11488,17,55.36,22.05,1,1,1,0
11489,14,134.2,47.92,1,0,1,0
11490,22,200.12,13.42,1,0,0,0
11491,8,237.12,49.6,1,0,1,0
11492,5,120.8,35.52,1,0,1,0
11493,2,104.8,25.37,1,0,1,0
11494,3,39.84,5.69,1,0,1,0
11495,4,173.37,55.4,1,0,0,0
11496,23,102.05,7.36,1,0,1,0
11497,4,49.02,30.07,1,1,1,0
11498,21,183.1,8.68,2,0,1,0
11499,6,59.24,6.32,1,0,0,0
11500,8,158.69,79.52,1,0,1,0
11501,13,47.35,6.03,1,0,1,0
11502,8,251.98,28.15,1,0,0,0
11503,12,60.89,5.73,1,0,1,0
11504,0,27.24,13.48,1,0,1,0
11505,21,44.09,37.64,1,0,1,0
11506,5,19.51,73.5,1,0,1,0
11507,13,103.05,29.35,1,0,1,0
11508,22,304.14,43.2,2,0,1,0
11509,13,71.12,24.1,1,0,1,0
11510,8,36.44,34.74,1,0,0,0
11511,12,75.56,19.05,1,0,1,0
11512,1,12.85,24.75,2,0,0,0
11513,10,104.95,0.79,1,0,0,0
11514,11,25.76,24.82,1,0,1,0
11515,8,16.97,10.88,1,0,1,0
11516,15,184.34,51.98,1,0,1,0
11517,6,99.06,1.19,1,0,1,0
11518,0,38.63,6.1,1,0,1,0
11519,19,15.24,39.14,1,0,1,0
11520,5,53.01,9.75,1,0,1,0
11521,13,47.46,40.52,1,0,0,0
11522,12,18.54,35.53,2,0,1,0
11523,5,251.1,29.45,1,0,1,0
11524,21,43.34,42.09,1,1,1,0
11525,20,160.09,52.07,1,0,1,0
11526,0,43.51,74.66,1,0,0,0
11527,13,13.25,11.89,1,0,1,0
11528,4,176.18,57.88,1,1,1,0
11529,23,130.8,25.27,1,0,0,1
11530,9,192.06,46.43,1,0,1,0
11531,17,55.18,19.25,1,0,1,0
11532,0,64.18,47.55,1,0,1,0
11533,5,111.82,34.34,1,0,1,0
11534,16,39.54,40.44,1,0,1,0
11535,13,43.32,22.32,1,0,1,0
11536,6,63.74,55.18,1,0,1,0
11537,9,171.58,33.77,5,0,0,0
11538,0,45.71,65.19,1,0,0,0
11539,11,307.52,28.46,1,0,0,0
11540,21,335.21,68.35,1,0,0,0
11541,1,77.02,16.97,1,0,1,0
11542,20,43.87,21.45,1,0,0,0
11543,0,176.0,12.05,1,0,1,0
11544,17,38.65,53.07,1,0,0,0
11545,18,276.21,4.3,1,0,1,0
11546,20,38.23,7.17,1,0,1,0
11547,23,159.52,19.67,1,0,0,0
11548,17,38.58,33.75,1,0,1,0
11549,18,62.32,24.01,1,0,1,0
11550,15,63.52,6.99,1,0,1,0
11551,17,28.37,31.29,2,0,0,0
11552,1,52.85,29.5,1,0,1,0
11553,2,158.03,8.35,1,0,0,0
11554,11,64.4,40.79,1,0,0,0
11555,11,119.66,5.61,2,0,0,0
11556,0,82.16,1.88,4,0,0,1
11557,21,33.56,3.43,1,0,0,0
11558,22,56.62,12.24,1,0,0,0
11559,18,129.6,3.7,1,0,1,0
11560,19,123.88,10.94,1,0,1,0
11561,10,48.97,2.17,1,0,1,0
11562,21,30.31,25.61,1,0,1,0
11563,14,44.03,69.2,1,0,1,0
11564,17,126.74,49.59,3,0,0,0
11565,18,22.48,49.84,2,0,1,0
11566,18,106.64,10.99,1,0,1,0
11567,21,140.72,17.6,1,0,0,0
11568,14,184.21,23.81,1,0,0,0
11569,19,113.47,3.96,2,0,1,0
11570,11,242.44,0.01,1,0,1,0
11571,17,96.82,2.85,2,0,1,0
11572,15,123.92,14.84,1,0,0,0
11573,11,55.08,21.45,1,0,1,0
11574,4,104.73,41.44,1,1,0,0
11575,15,441.01,0.28,1,0,1,0
11576,21,147.67,15.76,2,0,0,0
11577,15,27.02,12.0,2,0,0,0
11578,21,273.93,16.85,1,0,0,0
11579,22,83.29,18.04,3,0,0,1
11580,8,102.62,17.09,1,0,1,0
11581,17,186.35,72.44,1,0,1,0
11582,19,121.92,3.82,1,0,0,0
11583,1,138.57,27.86,1,0,1,0
11584,7,85.99,68.31,1,0,1,0
11585,13,131.84,47.93,2,0,1,0
11586,9,523.29,63.45,2,0,0,0
11587,11,101.28,26.48,5,0,1,0
11588,16,117.1,42.35,1,0,1,0
11589,5,108.28,29.79,1,0,1,0
11590,16,553.88,7.18,1,0,0,0
11591,7,55.2,14.82,1,0,1,0
11592,6,72.93,16.64,1,0,0,0
11593,9,69.3,33.33,1,0,1,0
11594,22,11.47,43.13,2,0,1,0
11595,16,79.98,7.8,2,0,0,0
11596,12,134.11,7.71,1,0,0,0
11597,9,24.48,15.63,1,0,1,0
11598,0,121.48,55.2,1,0,0,0
11599,10,70.87,31.61,1,0,1,0
11600,23,262.22,45.7,1,0,1,0
11601,4,68.77,6.81,2,0,0,0
11602,4,34.65,16.63,1,0,0,0
11603,6,35.23,81.73,1,0,0,0
11604,10,20.04,58.31,1,0,1,0
11605,9,70.19,17.78,2,0,1,0
11606,19,84.67,36.78,1,0,0,0
11607,3,148.28,79.44,1,0,1,0
11608,6,39.4,72.22,1,0,1,0
11609,11,14.56,3.57,1,0,0,0
11610,6,18.48,29.34,1,0,1,0
11611,11,111.33,55.79,1,0,1,1
11612,6,65.33,25.16,1,0,1,0
11613,9,67.11,49.95,1,0,1,0
11614,1,166.32,12.99,1,1,1,0
11615,5,36.58,29.73,1,0,1,0
11616,5,57.34,24.73,1,0,1,0
11617,23,125.05,15.95,1,0,1,0
11618,4,110.95,44.81,1,0,1,0
11619,22,259.44,16.5,1,0,0,0
11620,3,23.23,20.47,1,0,0,0
11621,22,113.64,35.32,1,0,1,0
11622,5,158.33,43.87,1,0,1,0
11623,10,10.09,18.38,1,0,1,0
11624,1,38.64,14.12,1,0,1,0
11625,2,66.52,18.14,1,0,1,0
11626,22,184.72,45.14,1,0,0,0
11627,2,46.82,83.75,1,0,1,0
11628,13,8.34,22.76,1,0,1,0
11629,13,24.49,14.53,1,0,1,0
11630,0,101.17,24.46,1,0,1,0
11631,21,121.85,3.38,2,0,1,0
11632,16,28.81,4.43,4,0,1,0
11633,22,27.89,32.55,1,0,1,0
11634,18,41.03,86.19,1,0,1,0
11635,20,49.65,28.14,1,0,1,0
11636,4,15.37,8.04,1,0,1,0
11637,23,25.89,50.68,1,0,1,0
11638,17,110.84,55.7,1,0,1,0
11639,19,6.18,16.43,1,0,0,0
11640,16,171.83,3.61,1,0,0,0
11641,11,319.5,40.85,1,0,1,0
11642,15,40.16,46.87,1,0,1,0
11643,14,59.15,12.02,1,0,1,0
11644,8,253.25,9.82,4,0,1,0
11645,6,175.28,86.79,1,0,1,0
11646,18,59.58,9.84,1,0,0,0
11647,6,56.07,24.43,1,0,1,0
11648,6,40.92,17.19,2,0,1,0
11649,17,5.33,8.47,4,0,0,0
11650,12,18.76,4.67,1,0,1,0
11651,2,94.13,58.78,2,1,1,0
11652,10,109.63,18.47,2,0,1,0
11653,4,81.32,11.19,1,0,0,0
11654,9,141.16,7.75,1,0,0,0
11655,0,44.39,11.66,1,0,1,0
11656,11,102.11,46.85,1,0,0,0
11657,15,84.99,20.11,1,0,1,0
11658,16,244.3,32.88,3,0,1,0
11659,3,31.75,39.41,1,0,0,0
11660,4,39.55,46.3,1,0,1,0
11661,15,26.69,4.02,3,1,1,1
11662,7,89.15,14.22,3,0,0,0
11663,22,197.27,3.81,1,0,1,0
11664,18,94.68,33.28,1,0,0,0
11665,4,114.74,34.31,1,0,1,0
11666,17,116.87,2.09,1,0,0,0
11667,6,71.02,7.46,1,0,1,0
11668,12,170.58,62.41,2,0,1,0
11669,23,55.87,34.94,1,0,1,0
11670,10,86.67,11.55,1,0,1,0
11671,7,58.61,42.25,1,0,1,0
11672,17,23.87,67.04,1,0,1,0
11673,6,203.87,23.96,1,0,1,0
11674,4,65.85,37.45,1,0,1,0
11675,2,64.23,37.64,1,0,1,0
11676,22,45.56,11.79,2,0,1,0
11677,22,187.41,22.74,1,0,0,0
11678,12,50.66,39.85,1,0,1,0
11679,13,187.04,7.99,1,0,1,0
11680,7,162.91,14.14,1,0,1,0
11681,5,428.83,29.75,1,0,1,0
11682,19,28.12,20.97,1,0,1,0
11683,16,25.56,10.3,1,0,0,0
11684,1,125.72,23.8,1,0,0,0
11685,21,104.32,20.2,1,0,1,0
11686,1,102.83,19.08,1,0,0,0
11687,3,179.9,43.96,1,0,1,0
11688,21,113.18,3.06,4,0,1,0
11689,9,310.35,40.17,1,0,1,0
11690,5,48.65,3.41,1,0,1,0
11691,4,83.83,4.82,1,0,1,0
11692,3,63.19,14.18,1,0,1,0
11693,0,43.87,7.24,1,0,0,0
11694,0,64.74,11.8,1,0,0,0
11695,13,63.78,11.96,1,0,0,0
11696,20,98.46,24.26,2,0,1,0
11697,23,57.94,7.23,1,0,1,0
11698,22,163.37,40.83,1,0,1,0
11699,0,46.82,44.68,3,0,1,0
11700,8,29.46,66.54,1,0,1,0
11701,22,20.26,1.98,2,0,0,0
11702,13,66.97,9.31,1,0,0,0
11703,17,72.9,26.93,1,0,1,0
11704,3,20.03,2.74,1,0,0,0
11705,6,27.27,10.76,1,0,0,0
11706,21,28.14,34.66,1,0,1,0
11707,7,37.2,36.12,1,0,0,0
11708,12,49.93,40.49,1,0,1,0
11709,13,106.24,17.87,1,0,1,0
11710,17,51.13,3.79,1,0,1,0
11711,4,161.19,9.91,1,0,0,0
11712,8,11.33,48.47,4,0,1,0
11713,8,86.92,2.36,1,0,0,0
11714,20,240.81,47.24,1,0,1,1
11715,20,22.43,23.76,1,0,1,0
11716,2,54.23,50.87,3,0,1,0
11717,5,86.43,40.95,2,0,1,0
11718,17,42.41,1.16,4,0,0,0
11719,10,75.73,65.28,1,0,1,0
11720,19,207.66,0.94,1,0,1,0
11721,14,138.55,2.99,1,0,1,0
11722,18,173.42,45.31,1,0,1,0
11723,0,132.71,18.09,1,0,1,0
11724,14,79.82,28.59,1,0,1,0
11725,19,148.81,9.67,2,0,1,0
11726,13,63.85,10.87,1,1,0,0
11727,3,63.87,27.57,1,0,0,0
11728,17,72.07,29.86,1,0,0,0
11729,5,19.49,46.75,1,0,1,0
11730,2,33.71,29.45,1,0,1,0
11731,12,21.95,30.34,4,0,1,0
11732,6,50.37,35.68,1,0,0,0
11733,12,34.11,36.66,1,0,1,0
11734,6,645.4,5.61,1,0,1,0
11735,7,92.8,19.46,1,0,1,0
11736,13,29.12,37.77,1,0,1,0
11737,10,1046.14,53.93,1,1,0,1
11738,12,86.89,5.26,1,0,1,0
11739,17,201.06,31.15,1,0,1,0
11740,7,486.82,1.35,1,0,1,0
11741,23,175.07,26.06,1,0,1,0
11742,17,184.41,25.35,1,0,1,0
11743,15,41.77,24.62,2,0,0,0
11744,23,105.72,64.04,1,0,1,0
11745,19,113.04,32.11,1,0,1,0
11746,11,38.58,55.61,1,0,1,0
11747,12,42.77,7.43,1,0,1,0
11748,7,108.97,25.09,1,0,1,0
11749,2,139.14,31.87,1,0,1,0
11750,22,144.92,13.99,1,0,0,0
11751,21,286.38,36.61,2,0,1,0
11752,6,143.91,46.97,5,0,1,0
11753,16,227.83,28.18,4,0,0,0
11754,17,126.64,63.95,1,0,1,1
11755,23,152.86,5.17,1,0,0,0
11756,22,270.58,35.91,2,1,1,0
11757,7,106.19,52.01,1,0,1,0
11758,14,18.56,30.68,1,1,0,0
11759,6,156.46,11.47,1,0,0,0
11760,20,88.01,16.72,1,0,0,0
11761,19,53.7,81.68,1,1,1,0
11762,2,79.04,3.02,2,0,1,0
11763,17,220.44,50.38,1,0,1,0
11764,20,60.63,10.13,1,0,1,0
11765,14,52.75,69.35,1,1,1,0
11766,19,32.74,21.17,1,0,0,0
11767,11,62.56,7.96,1,1,1,0
11768,22,28.06,65.62,1,0,1,0
11769,0,23.45,32.72,1,1,1,0
11770,11,114.15,3.53,1,0,1,0
11771,18,80.13,10.71,1,0,1,0
11772,0,65.16,37.31,1,0,1,0
11773,8,97.12,51.08,1,1,1,0
11774,3,165.62,35.89,2,0,1,0
11775,1,73.95,4.17,1,0,1,0
11776,23,43.8,12.33,1,0,1,0
11777,9,246.5,25.13,1,0,1,0
11778,12,33.19,44.33,1,0,1,0
11779,18,95.76,56.79,1,0,1,0
11780,12,69.68,50.85,1,0,1,0
11781,23,71.46,15.89,1,0,1,0
11782,12,43.46,12.47,1,0,1,0
11783,18,54.83,27.24,3,0,0,0
11784,3,29.95,38.77,1,0,0,0
11785,15,147.79,30.88,2,0,1,0
11786,22,115.33,32.3,1,0,0,0
11787,1,62.15,3.03,1,0,0,0
11788,2,141.73,36.56,5,0,1,1
11789,3,51.62,4.33,1,0,1,0
11790,6,64.35,15.95,1,0,1,0
11791,20,71.62,77.85,1,1,1,0
11792,6,46.72,18.97,1,0,1,0
11793,2,57.51,19.52,1,0,0,0
11794,6,126.4,83.76,1,0,1,0
11795,10,177.91,19.77,1,0,1,0
11796,19,97.75,20.33,2,0,0,0
11797,18,106.8,9.05,1,0,1,0
11798,12,256.56,28.46,1,0,0,0
11799,6,24.32,2.94,1,0,0,0
11800,12,210.54,30.33,3,0,1,0
11801,20,63.46,37.75,1,0,0,1
11802,6,88.02,22.86,1,1,0,0
11803,4,40.71,31.95,1,0,1,0
11804,8,345.58,5.22,1,0,1,0
11805,8,254.18,5.31,1,0,1,0
11806,12,122.75,57.12,1,0,1,0
11807,14,385.14,13.94,1,0,1,0
11808,19,612.35,16.88,1,0,1,0
11809,9,422.14,12.02,1,0,1,0
11810,2,73.88,29.79,1,0,1,0
11811,17,430.95,26.3,1,0,1,0
11812,11,83.42,16.37,4,0,1,0
11813,9,18.92,7.8,1,0,1,0
11814,11,125.46,5.79,1,0,1,0
11815,6,116.31,38.74,1,0,1,0
11816,14,53.56,59.68,1,0,0,0
11817,2,12.72,47.94,1,0,0,0
11818,11,74.51,45.64,1,0,1,0
11819,18,5.11,28.9,1,0,1,0
11820,8,320.29,23.51,2,0,1,0
11821,17,19.4,10.29,2,0,1,0
11822,8,22.12,26.43,1,0,1,0
11823,1,158.23,34.58,1,0,1,0
11824,11,110.09,39.46,2,0,1,0
11825,19,72.62,21.32,1,0,1,0
11826,18,80.54,30.98,2,0,1,0
11827,0,59.53,61.1,1,0,1,0
11828,20,117.47,26.32,1,0,1,0
11829,2,20.54,18.02,2,0,0,0
11830,10,122.4,5.28,1,0,0,0
11831,1,25.18,25.54,2,0,1,0
11832,16,49.46,76.81,1,0,1,0
11833,20,48.94,1.66,1,0,1,0
11834,3,33.07,45.85,1,1,1,1
11835,23,45.62,33.84,1,0,1,0
11836,5,63.65,40.6,1,0,0,0
11837,11,103.06,53.29,2,0,1,0
11838,6,49.61,51.28,1,0,0,0
11839,15,24.92,36.02,1,0,1,0
11840,9,37.1,63.25,2,0,0,0
11841,9,167.48,27.68,1,0,0,0
11842,9,62.19,66.72,1,0,0,0
11843,10,22.87,3.25,2,0,1,0
11844,23,127.17,32.59,2,0,1,0
11845,3,24.67,45.54,1,0,1,0
11846,7,75.12,9.69,1,0,1,0
11847,23,67.11,2.26,2,0,1,0
11848,22,40.91,13.3,1,1,0,0
11849,17,68.68,5.48,3,0,1,0
11850,22,97.43,3.67,1,0,0,0
11851,18,11.7,17.27,1,0,1,0
11852,4,149.92,14.78,1,0,1,0
11853,20,179.77,52.75,1,0,1,0
11854,15,91.28,12.39,1,0,1,0
11855,21,52.31,32.0,1,0,0,0
11856,18,79.51,45.62,1,0,0,0
11857,14,100.74,16.83,1,0,0,0
11858,14,33.24,22.34,2,0,1,0
11859,4,16.08,47.89,4,0,1,0
11860,15,24.89,45.78,1,0,1,0
11861,0,266.2,17.31,1,0,1,0
11862,8,243.43,31.58,1,0,1,0
11863,11,38.5,11.25,1,0,1,0
11864,14,28.65,22.51,1,0,1,0
11865,22,43.81,33.71,3,0,1,0
11866,1,95.33,35.69,1,1,1,0
11867,5,48.02,9.09,1,0,1,0
11868,15,37.94,22.87,1,0,0,0
11869,18,201.2,60.98,4,0,1,0
11870,6,95.79,45.93,1,0,1,0
11871,18,177.07,30.06,1,0,1,0
11872,4,7.91,53.52,1,0,1,0
11873,7,83.81,0.64,4,0,1,0
11874,5,204.97,32.63,1,0,1,0
11875,17,102.39,4.56,3,0,0,0
11876,4,34.03,9.45,2,0,0,0
11877,18,22.2,55.71,1,1,0,0
11878,12,124.63,24.16,1,0,1,0
11879,12,73.73,7.85,2,0,1,0
11880,7,136.26,6.38,1,1,0,0
11881,19,38.31,71.3,1,0,1,0
11882,4,25.6,68.99,1,1,1,1
11883,20,39.22,23.54,1,0,1,0
11884,10,97.62,76.06,1,0,1,0
11885,16,58.08,35.53,1,0,1,0
11886,1,65.22,45.3,2,0,1,0
11887,15,137.06,5.16,1,0,1,0
11888,16,43.85,9.22,2,1,1,0
11889,7,34.83,16.17,1,0,0,0
11890,7,222.32,18.87,2,1,1,0
11891,16,68.91,3.89,1,1,1,0
11892,8,42.04,72.38,1,0,1,0
11893,5,57.13,20.57,1,0,1,0
11894,20,93.81,12.68,1,0,1,0
11895,13,65.11,7.33,1,0,0,0
11896,11,105.77,82.26,1,0,0,1
11897,2,82.79,59.66,1,0,1,0
11898,0,72.84,0.6,1,0,1,0
11899,10,59.47,10.13,3,0,0,0
11900,0,124.97,4.26,1,0,0,0
11901,13,27.2,0.94,1,0,1,0
11902,14,48.22,21.99,2,0,0,0
11903,16,85.97,7.4,1,0,1,0
11904,16,38.78,7.05,1,1,0,0
11905,3,353.13,15.43,1,0,1,0
11906,10,33.29,25.01,1,0,1,0
11907,9,29.16,0.84,3,0,1,0
11908,23,105.32,29.08,1,0,1,0
11909,16,343.19,11.95,1,0,1,0
11910,5,82.91,39.82,1,0,1,0
11911,21,25.07,52.78,1,0,1,0
11912,11,20.56,9.99,1,0,0,0
11913,17,72.26,39.38,1,0,0,0
11914,17,173.14,21.41,1,0,1,0
11915,13,42.0,42.85,1,0,1,0
11916,23,156.05,18.32,2,0,0,0
11917,8,161.9,24.08,1,0,1,0
11918,14,51.0,0.24,1,0,1,0
11919,14,39.34,0.07,1,0,1,0
11920,4,72.0,25.38,2,0,1,0
11921,18,65.47,35.63,1,0,0,0
11922,19,39.81,18.2,1,0,0,0
11923,8,62.76,25.67,1,0,1,0
11924,7,42.47,16.47,3,0,1,0
11925,9,68.74,28.91,2,0,1,0
11926,22,428.27,13.86,1,0,0,0
11927,14,109.35,4.22,2,0,1,0
11928,12,27.78,2.31,1,0,1,0
11929,18,901.06,65.87,2,0,0,0
11930,17,20.21,56.77,1,0,1,0
11931,20,50.82,20.72,1,0,1,0
11932,17,79.52,2.36,1,0,1,0
11933,12,129.28,19.45,2,0,0,0
11934,18,274.11,10.27,1,0,1,0
11935,2,114.24,12.61,1,0,1,0
11936,21,18.17,27.1,3,0,1,0
11937,22,91.37,5.29,1,0,0,0
11938,5,31.54,25.08,1,1,1,0
11939,22,180.44,37.46,1,0,1,0
11940,19,18.63,37.66,2,0,1,0
11941,14,16.54,41.8,1,0,1,0
11942,9,128.41,15.28,1,0,0,0
11943,14,130.41,44.68,2,1,1,0
11944,6,47.71,29.24,1,0,0,0
11945,19,51.66,16.19,1,0,1,0
11946,17,74.18,31.15,1,0,1,0
11947,7,426.98,16.45,1,0,1,0
11948,23,20.81,64.21,1,0,1,0
11949,11,68.45,15.94,1,0,0,0
11950,10,229.96,14.61,1,0,0,0
11951,3,65.16,31.68,1,0,1,0
11952,5,204.64,5.23,1,0,1,0
11953,14,160.7,3.36,1,0,1,0
11954,12,30.7,29.77,1,0,0,0
11955,2,170.7,25.43,1,0,0,0
11956,12,22.57,43.88,1,0,1,0
11957,3,147.59,47.37,1,0,1,0
11958,11,82.15,17.52,1,0,1,0
11959,20,20.24,9.96,1,0,1,0
11960,11,92.31,4.71,1,0,1,0
11961,2,205.85,39.28,1,0,1,0
11962,13,94.4,30.73,1,0,0,0
11963,23,51.7,30.13,1,0,1,0
11964,9,27.46,24.91,1,0,0,0
11965,5,702.12,10.43,1,0,1,0
11966,13,23.97,4.76,1,0,1,0
11967,5,21.53,2.53,1,0,1,0
11968,18,689.08,4.45,2,0,0,0
11969,20,33.04,23.51,1,0,1,0
11970,10,220.21,23.46,1,0,1,0
11971,9,37.34,50.45,1,1,1,0
11972,23,49.25,16.02,1,0,0,0
11973,13,194.33,35.63,1,0,0,0
11974,9,129.44,1.4,1,0,0,0
11975,19,31.41,1.41,1,0,1,0
11976,8,35.93,38.83,1,0,1,0
11977,1,59.3,2.56,1,0,1,0
11978,5,34.2,36.36,1,0,1,0
11979,21,35.35,14.27,1,0,1,0
11980,16,19.09,11.24,1,0,0,0
11981,8,19.88,26.22,1,0,0,0
11982,0,29.53,27.46,1,0,1,0
11983,4,68.98,4.38,1,0,0,0
11984,8,42.73,32.37,2,0,0,0
11985,15,83.7,20.92,1,0,1,0
11986,22,55.83,41.1,1,0,1,0
11987,17,43.43,3.1,5,0,1,0
11988,21,96.48,13.43,1,0,1,0
11989,10,79.72,12.73,1,0,1,0
11990,16,34.08,51.68,1,0,1,0
11991,20,497.84,25.25,1,0,1,0
11992,14,35.65,67.41,2,0,1,0
11993,22,75.91,19.95,1,0,0,0
11994,3,43.34,67.17,5,0,1,0
11995,16,6.74,62.41,1,0,1,1
11996,4,405.92,38.44,1,0,1,0
11997,22,70.45,5.87,1,0,1,0
11998,10,94.16,11.63,1,0,0,0
11999,2,164.34,20.94,2,0,1,0
12000,4,34.57,44.91,1,0,1,0
